scenario,seed,design_reserve__FROZEN_STATE,design_reserve__FULL_PASI,design_reserve__MOI,design_reserve__NO_NEGATIVE_FEEDBACK,design_reserve__NO_POSITIVE_ACCUMULATION,execution_settlement__FROZEN_STATE,execution_settlement__FULL_PASI,execution_settlement__MOI,execution_settlement__NO_NEGATIVE_FEEDBACK,execution_settlement__NO_POSITIVE_ACCUMULATION,design_pps__FROZEN_STATE,design_pps__FULL_PASI,design_pps__MOI,design_pps__NO_NEGATIVE_FEEDBACK,design_pps__NO_POSITIVE_ACCUMULATION,settlement_pps__FROZEN_STATE,settlement_pps__FULL_PASI,settlement_pps__MOI,settlement_pps__NO_NEGATIVE_FEEDBACK,settlement_pps__NO_POSITIVE_ACCUMULATION,coverage__FROZEN_STATE,coverage__FULL_PASI,coverage__MOI,coverage__NO_NEGATIVE_FEEDBACK,coverage__NO_POSITIVE_ACCUMULATION,mean_H__FROZEN_STATE,mean_H__FULL_PASI,mean_H__MOI,mean_H__NO_NEGATIVE_FEEDBACK,mean_H__NO_POSITIVE_ACCUMULATION,design_reserve_degradation_pct__NO_POSITIVE_ACCUMULATION,execution_settlement_degradation_pct__NO_POSITIVE_ACCUMULATION,design_pps_degradation_pct__NO_POSITIVE_ACCUMULATION,settlement_pps_degradation_pct__NO_POSITIVE_ACCUMULATION,coverage_diff_pp__NO_POSITIVE_ACCUMULATION,design_reserve_degradation_pct__NO_NEGATIVE_FEEDBACK,execution_settlement_degradation_pct__NO_NEGATIVE_FEEDBACK,design_pps_degradation_pct__NO_NEGATIVE_FEEDBACK,settlement_pps_degradation_pct__NO_NEGATIVE_FEEDBACK,coverage_diff_pp__NO_NEGATIVE_FEEDBACK,design_reserve_degradation_pct__FROZEN_STATE,execution_settlement_degradation_pct__FROZEN_STATE,design_pps_degradation_pct__FROZEN_STATE,settlement_pps_degradation_pct__FROZEN_STATE,coverage_diff_pp__FROZEN_STATE
burst,1,31542.140614299286,26858.51502754869,32067.712227563796,26746.530245812515,31734.66201450339,31542.140614299286,26858.51502754869,32084.206798503776,26746.530245812515,31734.66201450339,0.5762384561785101,0.49067402951420747,0.5858400421565237,0.48862819697125426,0.5797555996657421,0.5762384561785101,0.49067402951420747,0.5861413789050345,0.48862819697125426,0.5797555996657421,0.7956104651162791,0.7956104651162791,0.7956104651162791,0.7956104651162791,0.7956104651162791,0.09999999999999999,0.9157083892834504,0.9153597319650736,0.9387217792838888,0.06693096454100496,18.154938878613546,18.154938878613546,18.15493887861357,18.15493887861357,0.0,-0.41694331060860845,-0.41694331060860845,-0.41694331060860845,-0.41694331060860845,0.0,17.438140500123023,17.438140500123023,17.438140500123023,17.438140500123023,0.0
burst,2,32137.06111800149,27888.19254107217,32610.093929756968,27799.56270988915,32307.348103557903,32137.06111800149,27888.19254107217,32622.977616543867,27799.56270988915,32307.348103557903,0.5856305328012518,0.5082038148019566,0.5942505636299469,0.5065887220258246,0.5887336559435437,0.5856305328012518,0.5082038148019566,0.594485341798671,0.5065887220258246,0.5887336559435437,0.7976162790697674,0.7976162790697674,0.7976162790697674,0.7976162790697674,0.7976162790697674,0.09999999999999999,0.9142050909515717,0.9132652871823268,0.9361116847558802,0.06748404815241939,15.845973366604692,15.845973366604692,15.845973366604671,15.845973366604671,0.0,-0.31780414256855627,-0.31780414256855627,-0.31780414256855627,-0.31780414256855627,0.0,15.23536733573474,15.23536733573474,15.23536733573474,15.23536733573474,0.0
burst,3,29297.034377793752,24182.990173352406,29890.203272180315,24088.30669074417,29486.470055999845,29297.034377793752,24182.990173352406,29904.479213299222,24088.30669074417,29486.470055999845,0.5338672736810276,0.440676242749283,0.544676335663034,0.43895086631456115,0.5373192786777675,0.5338672736810276,0.440676242749283,0.5449364800061816,0.43895086631456115,0.5373192786777675,0.7976308139534883,0.7976308139534883,0.7976308139534883,0.7976308139534883,0.7976308139534883,0.09999999999999999,0.9180506086855464,0.9177867729143353,0.9389033586040917,0.06933160737442541,21.930620839814186,21.930620839814186,21.930620839814207,21.930620839814207,0.0,-0.3915292605650045,-0.3915292605650045,-0.3915292605649934,-0.3915292605649934,0.0,21.147278180994288,21.147278180994288,21.147278180994288,21.147278180994288,0.0
burst,4,30908.723083356635,25846.937185763945,31490.990990870807,25744.532029862326,31103.99712608059,30908.723083356635,25846.937185763945,31507.934350337913,25744.532029862326,31103.99712608059,0.5633493071001464,0.47109206404264836,0.5739618523470056,0.4692256047435994,0.5669084155229211,0.5633493071001464,0.47109206404264836,0.5742706658101177,0.4692256047435994,0.5669084155229211,0.7974709302325581,0.7974709302325581,0.7974709302325581,0.7974709302325581,0.7974709302325581,0.09999999999999999,0.9173839337081636,0.9178494298516329,0.9390345372928768,0.06778850376107404,20.33919880925832,20.33919880925832,20.33919880925832,20.33919880925832,0.0,-0.396198416723903,-0.396198416723903,-0.396198416723903,-0.396198416723903,0.0,19.58369713677579,19.58369713677579,19.58369713677579,19.58369713677579,0.0
burst,5,26989.494332494585,22633.51022222179,27481.23542312902,22540.199679027766,27169.615103361004,26989.494332494585,22633.51022222179,27492.46418653443,22540.199679027766,27169.615103361004,0.4928687788987324,0.41332195438681135,0.5018487111601355,0.41161796345923607,0.49615805521112133,0.4928687788987324,0.41332195438681135,0.5020537652763775,0.41161796345923607,0.49615805521112133,0.7959302325581395,0.7959302325581395,0.7959302325581395,0.7959302325581395,0.7959302325581395,0.09999999999999999,0.917197974694474,0.916999458831952,0.9377127909198935,0.06791875683095215,20.041543872791003,20.041543872791003,20.041543872791003,20.041543872791003,0.0,-0.41226721917138054,-0.41226721917138054,-0.41226721917136944,-0.41226721917136944,0.0,19.245729308024217,19.245729308024217,19.245729308024217,19.245729308024217,0.0
burst,6,30500.199837476168,25813.060779648244,31021.147149966106,25711.829062514313,30684.27698920962,30500.199837476168,25813.060779648244,31035.866993454954,25711.829062514313,30684.27698920962,0.5589290593097943,0.47303525407554187,0.5684756390985011,0.47118014005230646,0.5623023509540145,0.5589290593097943,0.47303525407554187,0.5687453864548545,0.47118014005230646,0.5623023509540145,0.7931540697674418,0.7931540697674418,0.7931540697674418,0.7931540697674418,0.7931540697674418,0.09999999999999999,0.9184913211201624,0.9183324923052387,0.9404603077518012,0.06709838853519962,18.871129817359677,18.871129817359677,18.871129817359655,18.871129817359655,0.0,-0.39217246648156623,-0.39217246648156623,-0.39217246648156623,-0.39217246648156623,0.0,18.158013487201007,18.158013487201007,18.158013487201007,18.158013487201007,0.0
burst,7,30769.789631688353,26255.530038110704,31285.68557189991,26158.374205240314,30958.49122940976,30769.789631688353,26255.530038110704,31303.004363878586,26158.374205240314,30958.49122940976,0.5608579641954058,0.4785740592415644,0.5702614846688038,0.476803146171126,0.564297532525423,0.5608579641954058,0.4785740592415644,0.5705771638634863,0.476803146171126,0.564297532525423,0.7974127906976745,0.7974127906976745,0.7974127906976745,0.7974127906976745,0.7974127906976745,0.09999999999999999,0.9180089148301951,0.91774192338389,0.9392953122045276,0.067665770178107,17.912269089493016,17.912269089493016,17.912269089492995,17.912269089492995,0.0,-0.3700395030279968,-0.3700395030279968,-0.3700395030279857,-0.3700395030279857,0.0,17.193557269744943,17.193557269744943,17.193557269744943,17.193557269744943,0.0
burst,8,29769.18987186814,25668.45928594093,30238.118307653545,25583.47740443386,29937.225624639635,29769.18987186814,25668.45928594093,30250.351836323694,25583.47740443386,29937.225624639635,0.5433622916361206,0.468513685471753,0.5519214103282447,0.46696255324135033,0.5464293650800306,0.5433622916361206,0.468513685471753,0.5521447028733768,0.46696255324135033,0.5464293650800306,0.7963226744186046,0.7963226744186046,0.7963226744186046,0.7963226744186046,0.7963226744186046,0.09999999999999999,0.9188212479046133,0.9191475752144918,0.9404668084133845,0.0676685665700391,16.630395658522378,16.630395658522378,16.630395658522378,16.630395658522378,0.0,-0.33107511658722055,-0.33107511658722055,-0.33107511658720945,-0.33107511658720945,0.0,15.975756628966241,15.975756628966241,15.975756628966241,15.975756628966241,0.0
burst,9,28540.10398697288,24298.110262523787,29021.469802781583,24215.827769126816,28701.918901929625,28540.10398697288,24298.110262523787,29033.345159843913,24215.827769126816,28701.918901929625,0.5211471767396991,0.4436876463100538,0.5299369988091006,0.44218515391729635,0.5241019447434377,0.5211471767396991,0.4436876463100538,0.5301538448587377,0.44218515391729635,0.5241019447434377,0.7959883720930233,0.7959883720930233,0.7959883720930233,0.7959883720930233,0.7959883720930233,0.09999999999999999,0.9183213110679445,0.9188638747888681,0.9400233625492582,0.06836543231251341,18.124078752733517,18.124078752733517,18.124078752733517,18.124078752733517,0.0,-0.33863741874560205,-0.33863741874560205,-0.33863741874560205,-0.33863741874560205,0.0,17.458121963466986,17.458121963466986,17.45812196346701,17.45812196346701,0.0
burst,10,29901.402999265105,25530.780285577654,30399.21845273185,25440.35614379758,30076.364270042628,29901.402999265105,25530.780285577654,30415.62638536685,25440.35614379758,30076.364270042628,0.5460645567636712,0.46624749416665423,0.5551557480684439,0.46459615296025386,0.549259729538015,0.5460645567636712,0.46624749416665423,0.555455392552081,0.46459615296025386,0.549259729538015,0.7959011627906977,0.7959011627906977,0.7959011627906977,0.7959011627906977,0.7959011627906977,0.09999999999999998,0.9152213270730916,0.9147990093966384,0.937834963203979,0.067548808205754,17.804328475744935,17.804328475744935,17.804328475744935,17.804328475744935,0.0,-0.35417696117636677,-0.35417696117636677,-0.35417696117635566,-0.35417696117635566,0.0,17.119033044816167,17.119033044816167,17.11903304481619,17.11903304481619,0.0
burst,11,29205.434543992757,24777.030954288297,29704.163210580235,24689.04581467101,29369.928090810223,29205.434543992757,24777.030954288297,29716.84827374225,24689.04581467101,29369.928090810223,0.5331793950633993,0.4523337037076146,0.5422842706765779,0.4507274319897585,0.5361824173143388,0.5331793950633993,0.4523337037076146,0.5425158513535535,0.4507274319897585,0.5361824173143388,0.7961627906976744,0.7961627906976744,0.7961627906976744,0.7961627906976744,0.7961627906976744,0.09999999999999998,0.9174733829560221,0.9165619133683451,0.9385602441243863,0.06859532005388018,18.53691487489144,18.53691487489144,18.53691487489144,18.53691487489144,0.0,-0.355107679284139,-0.355107679284139,-0.355107679284139,-0.355107679284139,0.0,17.87301956345988,17.87301956345988,17.873019563459902,17.873019563459902,0.0
burst,12,27968.377024056223,23435.183810616003,28489.56774743614,23343.30684410986,28144.688450149217,27968.377024056223,23435.183810616003,28508.099564989832,23343.30684410986,28144.688450149217,0.5125229434498116,0.4294517832255086,0.5220738088223592,0.4277681298169298,0.5157538656798464,0.5125229434498116,0.4294517832255086,0.5224134059921172,0.4277681298169298,0.5157538656798464,0.7931686046511628,0.7931686046511628,0.7931686046511628,0.7931686046511628,0.7931686046511628,0.09999999999999998,0.9147105235494589,0.913133011627338,0.937060953994998,0.067569161238172,20.09587241811961,20.09587241811961,20.09587241811961,20.09587241811961,0.0,-0.3920471341237186,-0.3920471341237186,-0.3920471341237186,-0.3920471341237186,0.0,19.343535984499983,19.343535984499983,19.343535984499958,19.343535984499958,0.0
burst,13,29551.5221951435,25086.048544333422,30050.768739177147,24996.87342221579,29717.52369167676,29551.5221951435,25086.048544333422,30065.404375109363,24996.87342221579,29717.52369167676,0.5401188418683586,0.45850252306277156,0.549243666755198,0.4568726522438139,0.5431528830748955,0.5401188418683586,0.45850252306277156,0.549511165081596,0.4568726522438139,0.5431528830748955,0.7952470930232558,0.7952470930232558,0.7952470930232558,0.7952470930232558,0.7952470930232558,0.09999999999999998,0.9165225627613545,0.9166347484281943,0.9377632937043607,0.06937666686808318,18.462354241076852,18.462354241076852,18.462354241076852,18.462354241076852,0.0,-0.35547695748111563,-0.35547695748111563,-0.3554769574811045,-0.3554769574811045,0.0,17.80062588541378,17.80062588541378,17.80062588541378,17.80062588541378,0.0
burst,14,31439.60094253193,27505.68104095021,31866.151173082042,27419.311693526186,31600.95055934392,31439.60094253193,27505.68104095021,31884.93383151333,27419.311693526186,31600.95055934392,0.576355220857063,0.5042380436112525,0.5841748001444947,0.5026547084919281,0.5793131049028198,0.576355220857063,0.5042380436112525,0.5845191265011884,0.5026547084919281,0.5793131049028198,0.7928633720930233,0.7928633720930233,0.7928633720930233,0.7928633720930233,0.7928633720930233,0.09999999999999999,0.9187784920478861,0.9178621754137022,0.9409577825153649,0.06612421697599807,14.88881337748631,14.88881337748631,14.88881337748631,14.88881337748631,0.0,-0.31400548597738664,-0.31400548597738664,-0.31400548597738664,-0.31400548597738664,0.0,14.30220868090828,14.30220868090828,14.30220868090828,14.30220868090828,0.0
burst,15,28901.158515806696,24996.298020232833,29336.40354925141,24905.8423043503,29062.615498973268,28901.158515806696,24996.298020232833,29350.98051803057,24905.8423043503,29062.615498973268,0.5298589882813585,0.45826928261495703,0.5378385470575013,0.45661091400403886,0.5328190576399903,0.5298589882813585,0.45826928261495703,0.5381057937121747,0.45661091400403886,0.5328190576399903,0.7928052325581395,0.7928052325581395,0.7928052325581395,0.7928052325581395,0.7928052325581395,0.09999999999999999,0.9177825856126823,0.9177823509848163,0.9400672014323831,0.06673674664482714,16.2676788196757,16.2676788196757,16.267678819675723,16.267678819675723,0.0,-0.36187644990196555,-0.36187644990196555,-0.36187644990195444,-0.36187644990195444,0.0,15.621755239168378,15.621755239168378,15.621755239168378,15.621755239168378,0.0
burst,16,26913.08964942667,22799.810699478494,27369.558775133297,22709.025938945608,27069.724668680883,26913.08964942667,22799.810699478494,27381.035104902458,22709.025938945608,27069.724668680883,0.4927603063043864,0.4174489755841312,0.501117944506899,0.4157867685692295,0.4956281866210316,0.4927603063043864,0.4174489755841312,0.5013280682736594,0.4157867685692295,0.4956281866210316,0.7938517441860465,0.7938517441860465,0.7938517441860465,0.7938517441860465,0.7938517441860465,0.09999999999999998,0.9212649125380553,0.9216509241497645,0.942070746312984,0.06843037243028192,18.72784833823229,18.72784833823229,18.72784833823229,18.72784833823229,0.0,-0.39818208023526536,-0.39818208023526536,-0.39818208023525425,-0.39818208023525425,0.0,18.040846935813647,18.040846935813647,18.040846935813647,18.040846935813647,0.0
burst,17,30580.73937914997,26129.483340098875,31082.25392113321,26034.259945459555,30762.742718508925,30580.73937914997,26129.483340098875,31097.838482641768,26034.259945459555,30762.742718508925,0.5606618396001388,0.4790533026565502,0.5698565180612571,0.47730749386659493,0.5639986564701696,0.5606618396001388,0.4790533026565502,0.5701422426415695,0.47730749386659493,0.5639986564701696,0.7927906976744186,0.7927906976744186,0.7927906976744186,0.7927906976744186,0.7927906976744186,0.09999999999999999,0.9166328905000253,0.9165996826996835,0.9383181309250325,0.06761316563928527,17.731921133318963,17.731921133318963,17.731921133318984,17.731921133318984,0.0,-0.36442892268439,-0.36442892268439,-0.3644289226844011,-0.3644289226844011,0.0,17.03537716805943,17.03537716805943,17.03537716805943,17.03537716805943,0.0
burst,18,32029.455410350183,27718.743069683176,32521.054784126954,27632.97733390294,32196.605876893704,32029.455410350183,27718.743069683176,32536.511055463758,27632.97733390294,32196.605876893704,0.5808540751215078,0.50267932011322,0.5897692282493735,0.5011239587592569,0.5838853483169582,0.5808540751215078,0.50267932011322,0.5900495276824156,0.5011239587592569,0.5838853483169582,0.8014825581395348,0.8014825581395348,0.8014825581395348,0.8014825581395348,0.8014825581395348,0.09999999999999998,0.9166846890688362,0.9166532263196743,0.9379766516753504,0.06901513150816875,16.154638743731866,16.154638743731866,16.154638743731866,16.154638743731866,0.0,-0.30941423124642986,-0.30941423124642986,-0.30941423124644096,-0.30941423124644096,0.0,15.55161548931041,15.55161548931041,15.55161548931041,15.55161548931041,0.0
burst,19,29472.21943045424,25170.74492886399,29946.633318144002,25076.969718397013,29637.03361335109,29472.21943045424,25170.74492886399,29958.12985633809,25076.969718397013,29637.03361335109,0.5363070828411806,0.45803298993456326,0.5449400101565673,0.4563265589110349,0.5393062127115604,0.5363070828411806,0.45803298993456326,0.5451492130934616,0.4563265589110349,0.5393062127115604,0.79875,0.79875,0.79875,0.79875,0.79875,0.09999999999999999,0.9184257041190144,0.9191477709700209,0.9402067831066027,0.0673183052147106,17.743967042332077,17.743967042332077,17.7439670423321,17.7439670423321,0.0,-0.37255635751742844,-0.37255635751742844,-0.37255635751742844,-0.37255635751742844,0.0,17.089182357323196,17.089182357323196,17.089182357323196,17.089182357323196,0.0
burst,20,27865.7967098227,23674.542464472826,28333.81660860397,23587.75760358201,28031.952818929487,27865.7967098227,23674.542464472826,28345.83425614929,23587.75760358201,28031.952818929487,0.5073242068531452,0.43101830546858244,0.5158449689333838,0.4294383018111677,0.5103492420654594,0.5073242068531452,0.43101830546858244,0.516063762014115,0.4294383018111677,0.5103492420654594,0.7983575581395349,0.7983575581395349,0.7983575581395349,0.7983575581395349,0.7983575581395349,0.09999999999999999,0.9174662959994633,0.9178656301693872,0.9392273011424637,0.06761349868170548,18.405468071856525,18.405468071856525,18.405468071856525,18.405468071856525,0.0,-0.3665746065464659,-0.3665746065464659,-0.366574606546477,-0.366574606546477,0.0,17.703633561829022,17.703633561829022,17.703633561829022,17.703633561829022,0.0
burst,21,30566.528224733614,26006.05601391743,31081.881675242243,25922.48164145873,30741.091370665043,30566.528224733614,26006.05601391743,31096.69334010801,25922.48164145873,30741.091370665043,0.5605246135247857,0.476895327769336,0.5699750912352791,0.4753627529057935,0.5637257274749696,0.5605246135247857,0.476895327769336,0.5702467054226511,0.4753627529057935,0.5637257274749696,0.7926162790697674,0.7926162790697674,0.7926162790697674,0.7926162790697674,0.7926162790697674,0.09999999999999999,0.9197174499893834,0.919902525110031,0.9401626285113117,0.06770459253411641,18.20743350784757,18.20743350784757,18.20743350784757,18.20743350784757,0.0,-0.32136504056583526,-0.32136504056583526,-0.32136504056583526,-0.32136504056583526,0.0,17.536193140457733,17.536193140457733,17.536193140457712,17.536193140457712,0.0
burst,22,29571.232638890848,25668.09635663315,30013.93288524602,25571.683887396957,29726.277688779683,29571.232638890848,25668.09635663315,30027.930086501936,25571.683887396957,29726.277688779683,0.5414290905558864,0.46996532868215296,0.5495346299731956,0.46820008216117615,0.544267859618428,0.5414290905558864,0.46996532868215296,0.5497909091766654,0.46820008216117615,0.544267859618428,0.7938517441860465,0.7938517441860465,0.7938517441860465,0.7938517441860465,0.7938517441860465,0.09999999999999999,0.9152058571662242,0.9142826766472801,0.9372194208241481,0.06872258630650843,15.81021543538743,15.81021543538743,15.810215435387454,15.810215435387454,0.0,-0.37561207460278245,-0.37561207460278245,-0.37561207460278245,-0.37561207460278245,0.0,15.20617745869204,15.20617745869204,15.206177458692016,15.206177458692016,0.0
burst,23,31325.79203436013,26958.265227869055,31817.80491278741,26866.959359527136,31505.12943324019,31325.79203436013,26958.265227869055,31834.965625501703,26866.959359527136,31505.12943324019,0.570441446496588,0.4909089543452436,0.579400981749748,0.4892462780574913,0.5737071735088808,0.570441446496588,0.4909089543452436,0.579713477656409,0.4892462780574913,0.5737071735088808,0.7981831395348837,0.7981831395348837,0.7981831395348837,0.7981831395348837,0.7981831395348837,0.09999999999999999,0.9211720358298042,0.9196415073857852,0.9420616806777939,0.06753605161997307,16.86630859566829,16.86630859566829,16.86630859566829,16.86630859566829,0.0,-0.3386934120951035,-0.3386934120951035,-0.3386934120951035,-0.3386934120951035,0.0,16.201067722918584,16.201067722918584,16.201067722918584,16.201067722918584,0.0
burst,24,29937.94205204656,25306.238679425936,30465.66426295646,25223.870565347872,30104.562455599917,29937.94205204656,25306.238679425936,30482.448570358312,25223.870565347872,30104.562455599917,0.545367375025896,0.4609935090522987,0.5549806769825386,0.45949304245100414,0.5484026314892051,0.545367375025896,0.4609935090522987,0.5552864299181768,0.45949304245100414,0.5484026314892051,0.7978924418604652,0.7978924418604652,0.7978924418604652,0.7978924418604652,0.7978924418604652,0.09999999999999998,0.921423233613376,0.9222338618603224,0.9407521121374681,0.06974761011548046,18.961031060198753,18.961031060198753,18.961031060198728,18.961031060198728,0.0,-0.32548540745815924,-0.32548540745815924,-0.32548540745815924,-0.32548540745815924,0.0,18.30261474766779,18.30261474766779,18.30261474766781,18.30261474766781,0.0
burst,25,30037.08950905667,25272.49119213999,30579.95761400526,25190.357050449882,30212.169241955256,30037.08950905667,25272.49119213999,30596.78575311986,25190.357050449882,30212.169241955256,0.5482321179261653,0.4612694371523479,0.558140459106851,0.4597703380322671,0.5514276450009172,0.5482321179261653,0.4612694371523479,0.5584476035904992,0.4597703380322671,0.5514276450009172,0.7963517441860465,0.7963517441860465,0.7963517441860465,0.7963517441860465,0.7963517441860465,0.09999999999999998,0.9224993548788322,0.9227413828078758,0.9418343874004899,0.06844152258388829,19.545671268654186,19.545671268654186,19.545671268654186,19.545671268654186,0.0,-0.32499424400097565,-0.32499424400097565,-0.32499424400097565,-0.32499424400097565,0.0,18.852903264235856,18.852903264235856,18.852903264235877,18.852903264235877,0.0
burst,26,32322.948996335515,27484.975148700323,32874.58226714997,27378.47403843153,32532.45641597113,32322.948996335515,27484.975148700323,32891.10939067583,27378.47403843153,32532.45641597113,0.5903519322825744,0.5019903409683724,0.6004270577723183,0.5000451862659178,0.5941784120392155,0.5903519322825744,0.5019903409683724,0.600728912015558,0.5000451862659178,0.5941784120392155,0.7958139534883721,0.7958139534883721,0.7958139534883721,0.7958139534883721,0.7958139534883721,0.09999999999999999,0.9158316372937015,0.9160599137433291,0.9382467156611444,0.06660756473462172,18.36451093720377,18.36451093720377,18.364510937203747,18.364510937203747,0.0,-0.387488472129216,-0.387488472129216,-0.387488472129216,-0.387488472129216,0.0,17.602249306978045,17.602249306978045,17.602249306978045,17.602249306978045,0.0
burst,27,30608.78851016188,26174.248851060627,31113.034773278916,26067.606342160772,30792.228557433144,30608.78851016188,26174.248851060627,31125.95545037477,26067.606342160772,30792.228557433144,0.5567866356852672,0.4761205088052648,0.5659590856273677,0.4741806370677188,0.5601234866924936,0.5567866356852672,0.4761205088052648,0.5661941181353871,0.4741806370677188,0.5601234866924936,0.7990406976744187,0.7990406976744187,0.7990406976744187,0.7990406976744187,0.7990406976744187,0.09999999999999999,0.915460205786829,0.9152932711819842,0.9383046319647512,0.06715948073030101,17.64321770091748,17.64321770091748,17.643217700917457,17.643217700917457,0.0,-0.4074329296198109,-0.4074329296198109,-0.4074329296197998,-0.4074329296197998,0.0,16.9423760136733,16.9423760136733,16.9423760136733,16.9423760136733,0.0
burst,28,30836.371307419926,26471.94129880298,31325.496218146298,26373.779529515377,31010.72501322389,30836.371307419926,26471.94129880298,31341.648017495732,26373.779529515377,31010.72501322389,0.563026005722579,0.4833380433968665,0.5719566948117786,0.4815457563496755,0.5662094435396646,0.563026005722579,0.4833380433968665,0.572251602503163,0.4815457563496755,0.5662094435396646,0.7960610465116279,0.7960610465116279,0.7960610465116279,0.7960610465116279,0.7960610465116279,0.09999999999999999,0.9172858189980498,0.9180220369298832,0.9393208030917174,0.06730104204408464,17.145639842538294,17.145639842538294,17.145639842538294,17.145639842538294,0.0,-0.37081439619255363,-0.37081439619255363,-0.37081439619255363,-0.37081439619255363,0.0,16.48700395393481,16.48700395393481,16.48700395393481,16.48700395393481,0.0
burst,29,27170.400824304845,22752.902615272065,27676.529212762216,22654.74889689513,27348.670523900968,27170.400824304845,22752.902615272065,27688.505909176827,22654.74889689513,27348.670523900968,0.49690742011201455,0.4161177529814383,0.5061637779177054,0.41432266312286486,0.5001677156477069,0.49690742011201455,0.4161177529814383,0.506382814410959,0.41432266312286486,0.5001677156477069,0.7947529069767442,0.7947529069767442,0.7947529069767442,0.7947529069767442,0.7947529069767442,0.09999999999999999,0.9189226283016175,0.9192981077587881,0.9404693167920127,0.06742125295741432,20.198600531714828,20.198600531714828,20.198600531714828,20.198600531714828,0.0,-0.4313898759934598,-0.4313898759934598,-0.4313898759934709,-0.4313898759934709,0.0,19.41509742175793,19.41509742175793,19.41509742175791,19.41509742175791,0.0
burst,30,31973.182450022487,27236.121471889455,32509.906871206644,27138.076162092766,32170.155684344863,31973.182450022487,27236.121471889455,32523.917359436004,27138.076162092766,32170.155684344863,0.585460749469393,0.49872045469657683,0.5952887070828141,0.4969251476249316,0.5890675251656204,0.585460749469393,0.49872045469657683,0.5955452530476086,0.4969251476249316,0.5890675251656204,0.7937790697674418,0.7937790697674418,0.7937790697674418,0.7937790697674418,0.7937790697674418,0.09999999999999998,0.9174852919854923,0.9169752466613256,0.9394710471403759,0.06681923422340029,18.11577400089015,18.11577400089015,18.11577400089015,18.11577400089015,0.0,-0.35998264252816714,-0.35998264252816714,-0.35998264252816714,-0.35998264252816714,0.0,17.392568112248206,17.392568112248206,17.392568112248206,17.392568112248206,0.0
dynamic,1,31315.240583128947,26976.798287774407,31800.652029051766,26885.47410635172,31473.069998475992,31315.240583128947,26976.798287774407,31816.2313726648,26885.47410635172,31473.069998475992,0.6248800850686225,0.5383086220971067,0.6345662295775983,0.5364862933781323,0.6280294927261043,0.6248800850686225,0.5383086220971067,0.6348771076478589,0.5364862933781323,0.6280294927261043,0.8352333333333334,0.8352333333333334,0.8352333333333334,0.8352333333333334,0.8352333333333334,0.09999999999999999,0.9254306172462304,0.9257857506755993,0.9476426147401694,0.06879583609566596,16.667180674065563,16.667180674065563,16.667180674065563,16.667180674065563,0.0,-0.3385286142873145,-0.3385286142873145,-0.3385286142873145,-0.3385286142873145,0.0,16.08212453188218,16.08212453188218,16.08212453188218,16.08212453188218,0.0
dynamic,2,31940.59583027625,28066.359833976276,32377.758750197692,27991.97026005855,32077.43117223379,31940.59583027625,28066.359833976276,32390.21646223799,27991.97026005855,32077.43117223379,0.6372951541386749,0.5599944099837642,0.646017652989838,0.5585101510416918,0.6400253630805441,0.6372951541386749,0.5599944099837642,0.6462662156515092,0.5585101510416918,0.6400253630805441,0.8353166666666667,0.8353166666666667,0.8353166666666667,0.8353166666666667,0.8353166666666667,0.09999999999999999,0.923837683608005,0.9238189700286749,0.9461144386898592,0.06928146268667963,14.291384283478891,14.291384283478891,14.291384283478891,14.291384283478891,0.0,-0.2650488854192945,-0.2650488854192945,-0.2650488854193056,-0.2650488854193056,0.0,13.803842105701003,13.803842105701003,13.803842105701003,13.803842105701003,0.0
dynamic,3,29345.548916341264,24515.989675300516,29905.840391983933,24435.859151934143,29502.059991022936,29345.548916341264,24515.989675300516,29919.58053935969,24435.859151934143,29502.059991022936,0.5848872683782366,0.48862913669305236,0.5960544594101197,0.4870320521382844,0.5880066966500496,0.5848872683782366,0.48862913669305236,0.5963283148179238,0.4870320521382844,0.5880066966500496,0.8362166666666667,0.8362166666666667,0.8362166666666667,0.8362166666666667,0.8362166666666667,0.09999999999999999,0.9287863318221552,0.9289751541838669,0.9489912499328897,0.07140845427776289,20.33803400050298,20.33803400050298,20.33803400050298,20.33803400050298,0.0,-0.3268500453281864,-0.3268500453281864,-0.3268500453281864,-0.3268500453281864,0.0,19.699629935423136,19.699629935423136,19.699629935423136,19.699629935423136,0.0
dynamic,4,30773.512656292394,26002.66357730784,31321.75494980405,25912.470612407786,30940.22629365538,30773.512656292394,26002.66357730784,31338.092698370634,25912.470612407786,30940.22629365538,0.6157781421969464,0.5203134282602869,0.6267484732326973,0.5185086665814465,0.6191140829145649,0.6157781421969464,0.5203134282602869,0.6270753916632443,0.5185086665814465,0.6191140829145649,0.8329166666666666,0.8329166666666666,0.8329166666666666,0.8329166666666666,0.8329166666666666,0.09999999999999999,0.9265395733584384,0.9268579352159799,0.9478067640888908,0.0695388523329691,18.98868053139171,18.98868053139171,18.988680531391733,18.988680531391733,0.0,-0.3468604846265322,-0.3468604846265322,-0.3468604846265211,-0.3468604846265211,0.0,18.34753991567235,18.34753991567235,18.34753991567237,18.34753991567237,0.0
dynamic,5,27092.3464924589,22960.50806050567,27562.953819198618,22878.926468690464,27245.19700397509,27092.3464924589,22960.50806050567,27574.66064526487,22878.926468690464,27245.19700397509,0.5392906919692437,0.4570437737226679,0.5486584354001756,0.4554198393353597,0.5423332803307341,0.5392906919692437,0.4570437737226679,0.5488914673500581,0.4554198393353597,0.5423332803307341,0.8372833333333334,0.8372833333333334,0.8372833333333334,0.8372833333333334,0.8372833333333334,0.09999999999999998,0.9272212262388703,0.9274272098218669,0.9474883334194878,0.07000111939839342,18.661124275553398,18.661124275553398,18.66112427555342,18.66112427555342,0.0,-0.35531265945953905,-0.35531265945953905,-0.35531265945953905,-0.35531265945953905,0.0,17.995413782068702,17.995413782068702,17.99541378206868,17.99541378206868,0.0
dynamic,6,30384.636496384806,26060.94589469253,30871.67832249624,25973.358447369086,30540.391734085053,30384.636496384806,26060.94589469253,30886.61633187857,25973.358447369086,30540.391734085053,0.6085325047842984,0.5219391939815451,0.6182868022370118,0.5201850242808893,0.6116519143234674,0.6085325047842984,0.5219391939815451,0.6185859752834626,0.5201850242808893,0.6116519143234674,0.8321833333333334,0.8321833333333334,0.8321833333333334,0.8321833333333334,0.8321833333333334,0.09999999999999999,0.9260944995200338,0.9265955846105669,0.9480345601240042,0.0690908173959911,17.188347105638968,17.188347105638968,17.18834710563899,17.18834710563899,0.0,-0.3360869850133952,-0.3360869850133952,-0.3360869850133952,-0.3360869850133952,0.0,16.59068945219222,16.59068945219222,16.59068945219222,16.59068945219222,0.0
dynamic,7,30515.40987097553,26366.384616964162,30994.130607788433,26285.673740182243,30665.869761591624,30515.40987097553,26366.384616964162,31010.481673748396,26285.673740182243,30665.869761591624,0.609406276130837,0.526548400706238,0.618966541674091,0.5249365686819955,0.6124110269120028,0.609406276130837,0.526548400706238,0.6192930797169868,0.5249365686819955,0.6124110269120028,0.8345666666666667,0.8345666666666667,0.8345666666666667,0.8345666666666667,0.8345666666666667,0.10000000000000002,0.9261645971608811,0.9265419696787598,0.9475808147822145,0.07019251752408022,16.306692051595007,16.306692051595007,16.306692051595007,16.306692051595007,0.0,-0.30611279458462315,-0.30611279458462315,-0.30611279458462315,-0.30611279458462315,0.0,15.73604160860902,15.73604160860902,15.73604160860902,15.73604160860902,0.0
dynamic,8,29964.878837849796,26106.735974448442,30402.752920922816,26033.941859153252,30102.65757901921,29964.878837849796,26106.735974448442,30415.48581241678,26033.941859153252,30102.65757901921,0.5974693206358502,0.520541861393106,0.6062000861548226,0.5190904204963462,0.6002164891236658,0.5974693206358502,0.520541861393106,0.6064539671089821,0.5190904204963462,0.6002164891236658,0.8358833333333333,0.8358833333333333,0.8358833333333333,0.8358833333333333,0.8358833333333333,0.10000000000000002,0.9284094559577466,0.9285911249456748,0.9490981454473558,0.06979622726218408,15.306094214465249,15.306094214465249,15.306094214465226,15.306094214465226,0.0,-0.2788326942381292,-0.2788326942381292,-0.2788326942381403,-0.2788326942381403,0.0,14.778342521169453,14.778342521169453,14.77834252116943,14.77834252116943,0.0
dynamic,9,29059.37781332957,25083.579663015364,29511.35234271257,25016.20938893439,29190.969133634775,29059.37781332957,25083.579663015364,29523.916364005003,25016.20938893439,29190.969133634775,0.5791720375758276,0.49993183049020135,0.5881801798284484,0.498589097718627,0.5817947369879773,0.5791720375758276,0.49993183049020135,0.5884305888309683,0.498589097718627,0.5817947369879773,0.8362333333333334,0.8362333333333334,0.8362333333333334,0.8362333333333334,0.8362333333333334,0.10000000000000002,0.928890590762914,0.9290852530724653,0.9500103816286609,0.07033792767754453,16.374813825618272,16.374813825618272,16.374813825618272,16.374813825618272,0.0,-0.2685831726813248,-0.2685831726813248,-0.2685831726813137,-0.2685831726813137,0.0,15.850202418183358,15.850202418183358,15.850202418183358,15.850202418183358,0.0
dynamic,10,30076.37470415043,26008.724738399782,30543.423854303936,25933.30989805982,30221.062472050315,30076.37470415043,26008.724738399782,30559.315872756488,25933.30989805982,30221.062472050315,0.6012028445469532,0.5198937521418391,0.6105387861415623,0.5183862693757335,0.6040950381204213,0.6012028445469532,0.5198937521418391,0.6108564549694463,0.5183862693757335,0.6040950381204213,0.8337833333333333,0.8337833333333333,0.8337833333333333,0.8337833333333333,0.8337833333333333,0.09999999999999999,0.9251763042744297,0.9252180645847942,0.9469424562974401,0.06962218487019757,16.19586418026624,16.19586418026624,16.19586418026624,16.19586418026624,0.0,-0.2899597773381779,-0.2899597773381779,-0.2899597773381779,-0.2899597773381779,0.0,15.6395594427015,15.6395594427015,15.6395594427015,15.6395594427015,0.0
dynamic,11,29308.991073696357,25160.780624491417,29782.321359176898,25088.602811379624,29449.414520694627,29308.991073696357,25160.780624491417,29795.632761462257,25088.602811379624,29449.414520694627,0.5860040202678468,0.5030646930819038,0.5954677868474837,0.5016215697566655,0.5888116469198166,0.5860040202678468,0.5030646930819038,0.5957339350487305,0.5016215697566655,0.5888116469198166,0.8335833333333333,0.8335833333333333,0.8335833333333333,0.8335833333333333,0.8335833333333333,0.10000000000000002,0.9255261486156413,0.925835231007423,0.9466713693727681,0.07060125296407259,17.044915895926806,17.044915895926806,17.04491589592678,17.04491589592678,0.0,-0.28686635040859887,-0.28686635040859887,-0.28686635040860997,-0.28686635040860997,0.0,16.48681140348678,16.48681140348678,16.486811403486755,16.486811403486755,0.0
dynamic,12,28547.6363975228,24295.5009499699,29044.13258089082,24216.88296683674,28698.582409866176,28547.6363975228,24295.5009499699,29061.667780251577,24216.88296683674,28698.582409866176,0.5684402221684713,0.48377174787379584,0.5783264487144983,0.48220630745777143,0.5714458575071419,0.5684402221684713,0.48377174787379584,0.578675609411433,0.48220630745777143,0.5714458575071419,0.8370166666666666,0.8370166666666666,0.8370166666666666,0.8370166666666666,0.8370166666666666,0.09999999999999999,0.9253357501358961,0.925470608742286,0.9472669095476055,0.06957638146200466,18.123032198279198,18.123032198279198,18.123032198279198,18.123032198279198,0.0,-0.3235907063412813,-0.3235907063412813,-0.3235907063412924,-0.3235907063412924,0.0,17.501740162958733,17.501740162958733,17.50174016295871,17.50174016295871,0.0
dynamic,13,29831.13423815958,25750.820663994098,30294.539869384258,25678.50499296206,29967.5107305357,29831.13423815958,25750.820663994098,30308.268757651076,25678.50499296206,29967.5107305357,0.5949449400323005,0.5135681510937975,0.6041869900756718,0.5121259048076836,0.5976647998750664,0.5949449400323005,0.5135681510937975,0.6044607957091218,0.5121259048076836,0.5976647998750664,0.8356833333333333,0.8356833333333333,0.8356833333333333,0.8356833333333333,0.8356833333333333,0.09999999999999999,0.9267846817675666,0.927406444251031,0.9473520238131835,0.07114924141017405,16.37497352632944,16.37497352632944,16.37497352632944,16.37497352632944,0.0,-0.28082860727289827,-0.28082860727289827,-0.28082860727289827,-0.28082860727289827,0.0,15.845372958815052,15.845372958815052,15.845372958815052,15.845372958815052,0.0
dynamic,14,31501.90798008493,27914.32331235811,31901.987371246487,27845.990780909495,31635.601554304445,31501.90798008493,27914.32331235811,31920.147409468143,27845.990780909495,31635.601554304445,0.6296477779793513,0.5579405431104337,0.6376444078920367,0.5565747392798364,0.6323199926906207,0.6296477779793513,0.5579405431104337,0.6380073836115238,0.5565747392798364,0.6323199926906207,0.83385,0.83385,0.83385,0.83385,0.83385,0.10000000000000002,0.9290614297346944,0.9288119513407797,0.950328019182585,0.0684722553888351,13.331070935539625,13.331070935539625,13.331070935539625,13.331070935539625,0.0,-0.24479379522828193,-0.24479379522828193,-0.24479379522829303,-0.24479379522829303,0.0,12.852128377185279,12.852128377185279,12.852128377185256,12.852128377185256,0.0
dynamic,15,29146.769912495984,25481.775024090628,29561.55194167888,25407.256537168265,29279.917151851732,29146.769912495984,25481.775024090628,29575.9271199058,25407.256537168265,29279.917151851732,0.582039058100445,0.5088518686041622,0.590321943041294,0.5073637905059861,0.5846979082583168,0.582039058100445,0.5088518686041622,0.5906090045311381,0.5073637905059861,0.5846979082583168,0.8346166666666667,0.8346166666666667,0.8346166666666667,0.8346166666666667,0.8346166666666667,0.10000000000000002,0.9268885997115865,0.927460998629884,0.948814756376537,0.06901659706434483,14.905327922290802,14.905327922290802,14.905327922290779,14.905327922290779,0.0,-0.2924383676251474,-0.2924383676251474,-0.2924383676251474,-0.2924383676251474,0.0,14.382808438346405,14.382808438346405,14.382808438346405,14.382808438346405,0.0
dynamic,16,27566.02534085552,23638.348205578848,28008.736866343155,23564.028187161814,27703.988688184843,27566.02534085552,23638.348205578848,28021.31131327908,23564.028187161814,27703.988688184843,0.5499785591328263,0.4716162205334753,0.5588112379063715,0.47013343815414016,0.5527311098556491,0.5499785591328263,0.4716162205334753,0.5590621147056997,0.47013343815414016,0.5527311098556491,0.8353666666666667,0.8353666666666667,0.8353666666666667,0.8353666666666667,0.8353666666666667,0.09999999999999999,0.9330220828721044,0.9331340365617944,0.9523906989047783,0.070233724663028,17.199342556627826,17.199342556627826,17.199342556627826,17.199342556627826,0.0,-0.3144044489516995,-0.3144044489516995,-0.3144044489517106,-0.3144044489517106,0.0,16.61570047584673,16.61570047584673,16.61570047584673,16.61570047584673,0.0
dynamic,17,30577.679868647276,26498.13299812735,31044.27066801059,26421.492238467195,30727.22274806912,30577.679868647276,26498.13299812735,31059.622051727314,26421.492238467195,30727.22274806912,0.6116147588488304,0.5300156615286998,0.620947508111023,0.5284826930386478,0.6146059155529378,0.6116147588488304,0.5300156615286998,0.6212545664911954,0.5284826930386478,0.6146059155529378,0.83325,0.83325,0.83325,0.83325,0.83325,0.10000000000000002,0.925958835113609,0.9262296245608037,0.9471620310658921,0.06956711553899622,15.95995367009686,15.95995367009686,15.95995367009686,15.95995367009686,0.0,-0.2892307909601377,-0.2892307909601377,-0.2892307909601266,-0.2892307909601266,0.0,15.395601157289951,15.395601157289951,15.395601157289974,15.395601157289974,0.0
dynamic,18,31397.894967319386,27519.19020532124,31840.967968470042,27451.793635530456,31528.039032674318,31397.894967319386,27519.19020532124,31856.511278897706,27451.793635530456,31528.039032674318,0.6268170922385136,0.5493839253622654,0.6356624537036601,0.5480384427448135,0.6294152449077542,0.6268170922385136,0.5493839253622654,0.6359727551635564,0.5480384427448135,0.6294152449077542,0.83485,0.83485,0.83485,0.83485,0.83485,0.10000000000000002,0.9275546298338998,0.9275382437906314,0.9479207861552702,0.07110410254786696,14.567466547681729,14.567466547681729,14.567466547681729,14.567466547681729,0.0,-0.24490753284502897,-0.24490753284502897,-0.24490753284504008,-0.24490753284504008,0.0,14.094545417430716,14.094545417430716,14.094545417430716,14.094545417430716,0.0
dynamic,19,28860.960509049783,24905.223063672947,29302.118447627094,24830.098753456485,28999.33340128817,28860.960509049783,24905.223063672947,29312.816267188133,24830.098753456485,28999.33340128817,0.5771268698818146,0.4980247773090895,0.5859486171737941,0.4965225314640954,0.5798938850041627,0.5771268698818146,0.4980247773090895,0.5861625393374686,0.4965225314640954,0.5798938850041627,0.8334666666666667,0.8334666666666667,0.8334666666666667,0.8334666666666667,0.8334666666666667,0.09999999999999999,0.9291565626577426,0.929229153636463,0.9497639204759354,0.06962278262536654,16.438761970323167,16.438761970323167,16.438761970323167,16.438761970323167,0.0,-0.3016407844426805,-0.3016407844426805,-0.3016407844426916,-0.3016407844426916,0.0,15.88316408676027,15.88316408676027,15.88316408676027,15.88316408676027,0.0
dynamic,20,27988.24752151946,24085.415312495163,28429.94024317088,24015.032340699352,28128.581864032578,27988.24752151946,24085.415312495163,28442.104899015325,24015.032340699352,28128.581864032578,0.5586142051677436,0.4807180271140483,0.5674298992709195,0.47931326149530673,0.5614151221290656,0.5586142051677436,0.4807180271140483,0.5676726922343038,0.47931326149530673,0.5614151221290656,0.83505,0.83505,0.83505,0.83505,0.83505,0.10000000000000002,0.9275084474247711,0.9274241606568876,0.9479236338057947,0.06972979193367518,16.78678361605781,16.78678361605781,16.78678361605779,16.78678361605779,0.0,-0.29222237143362584,-0.29222237143362584,-0.29222237143362584,-0.29222237143362584,0.0,16.20413083348231,16.20413083348231,16.20413083348231,16.20413083348231,0.0
dynamic,21,30781.005297697524,26534.549005895875,31267.189568863367,26463.718274264593,30930.05278266494,30781.005297697524,26534.549005895875,31281.595672266383,26463.718274264593,30930.05278266494,0.6160636717976448,0.5310733529320285,0.625794363318857,0.5296557176019653,0.6190467693272145,0.6160636717976448,0.5310733529320285,0.6260826929842763,0.5296557176019653,0.6190467693272145,0.8327333333333333,0.8327333333333333,0.8327333333333333,0.8327333333333333,0.8327333333333333,0.09999999999999999,0.9293764109486187,0.9293177639395737,0.9492350335791655,0.06968223709461209,16.565210042923283,16.565210042923283,16.565210042923304,16.565210042923304,0.0,-0.2669377633497505,-0.2669377633497505,-0.2669377633497394,-0.2669377633497394,0.0,16.003499026337707,16.003499026337707,16.003499026337707,16.003499026337707,0.0
dynamic,22,29887.486249034308,26164.746217225213,30313.243586743753,26082.761667863448,30019.394282305722,29887.486249034308,26164.746217225213,30327.32639447393,26082.761667863448,30019.394282305722,0.5977975487845889,0.5233367912878073,0.6063133768050194,0.5216969691147981,0.600435920519756,0.5977975487845889,0.5233367912878073,0.6065950554939181,0.5216969691147981,0.600435920519756,0.8332666666666667,0.8332666666666667,0.8332666666666667,0.8332666666666667,0.8332666666666667,0.09999999999999999,0.9256639800512522,0.9261268029990686,0.9468185244068712,0.0711190396409033,14.732220343657886,14.732220343657886,14.732220343657886,14.732220343657886,0.0,-0.31333974608853676,-0.31333974608853676,-0.31333974608854787,-0.31333974608854787,0.0,14.228076209500085,14.228076209500085,14.228076209500085,14.228076209500085,0.0
dynamic,23,31393.14766805822,27394.251842574253,31848.36588887591,27320.03777125652,31538.54776282668,31393.14766805822,27394.251842574253,31865.324343931556,27320.03777125652,31538.54776282668,0.6246895305459907,0.5451158483419082,0.6337478785544615,0.5436390689548398,0.6275828344574896,0.6246895305459907,0.5451158483419082,0.6340853333850351,0.5436390689548398,0.6275828344574896,0.8375666666666667,0.8375666666666667,0.8375666666666667,0.8375666666666667,0.8375666666666667,0.09999999999999999,0.928524595794927,0.9288860713880819,0.9494886699004083,0.0695795557791823,15.12834131798282,15.12834131798282,15.12834131798282,15.12834131798282,0.0,-0.2709111084479132,-0.2709111084479132,-0.2709111084479243,-0.2709111084479243,0.0,14.59757268957118,14.59757268957118,14.597572689571159,14.597572689571159,0.0
dynamic,24,29629.20410106348,25303.879815416076,30123.3448061508,25234.513422252512,29767.84071121139,29629.20410106348,25303.879815416076,30139.425411000557,25234.513422252512,29767.84071121139,0.5920867291687678,0.505652847916072,0.6019612486741297,0.5042666844301289,0.5948571342314734,0.5920867291687678,0.505652847916072,0.6022825908437024,0.5042666844301289,0.5948571342314734,0.8340333333333333,0.8340333333333333,0.8340333333333333,0.8340333333333333,0.8340333333333333,0.09999999999999999,0.9308666131253435,0.9314871999958382,0.9493826212013836,0.07190003378725117,17.641408860453488,17.641408860453488,17.641408860453488,17.641408860453488,0.0,-0.27413342803384033,-0.27413342803384033,-0.27413342803385143,-0.27413342803385143,0.0,17.093522089099757,17.093522089099757,17.093522089099757,17.093522089099757,0.0
dynamic,25,30174.896436966865,25679.102171940212,30690.265716814254,25607.951049752613,30323.823992368998,30174.896436966865,25679.102171940212,30706.373913726835,25607.951049752613,30323.823992368998,0.6040778434690676,0.5140755559725378,0.6143951336646031,0.5126511661145222,0.6070592567338444,0.6040778434690676,0.5140755559725378,0.6147176071774271,0.5126511661145222,0.6070592567338444,0.8325333333333333,0.8325333333333333,0.8325333333333333,0.8325333333333333,0.8325333333333333,0.09999999999999999,0.9311058678958419,0.93143696944783,0.9498250009878609,0.07098403820394916,18.087555356604778,18.087555356604778,18.087555356604778,18.087555356604778,0.0,-0.2770779200580664,-0.2770779200580664,-0.2770779200580664,-0.2770779200580664,0.0,17.50759911668269,17.50759911668269,17.50759911668269,17.50759911668269,0.0
dynamic,26,31986.71763768432,27616.468310481956,32488.287555855008,27529.835096486808,32154.179373853585,31986.71763768432,27616.468310481956,32503.714410400178,27529.835096486808,32154.179373853585,0.6394913460421904,0.552119560776544,0.6495189339222097,0.5503875546589657,0.6428393085398266,0.6394913460421904,0.552119560776544,0.6498273538135544,0.5503875546589657,0.6428393085398266,0.83365,0.83365,0.83365,0.83365,0.83365,0.09999999999999999,0.9251982525263323,0.925111601567583,0.9468512534629903,0.06824425496955976,16.43117799262306,16.43117799262306,16.43117799262306,16.43117799262306,0.0,-0.31370127787943014,-0.31370127787943014,-0.31370127787943014,-0.31370127787943014,0.0,15.824794387425767,15.824794387425767,15.824794387425767,15.824794387425767,0.0
dynamic,27,30652.31635660252,26516.86734037689,31125.932559096807,26427.999409201482,30807.656458354308,30652.31635660252,26516.86734037689,31138.752211899082,26427.999409201482,30807.656458354308,0.6125318004196979,0.5298922373281821,0.621996174395444,0.5281163704328661,0.6156359949313438,0.6125318004196979,0.5298922373281821,0.6222523522620815,0.5281163704328661,0.6156359949313438,0.8340333333333333,0.8340333333333333,0.8340333333333333,0.8340333333333333,0.8340333333333333,0.09999999999999999,0.9251280672874943,0.9254274159716939,0.9470335712635832,0.06895237201494948,16.181357559698938,16.181357559698938,16.181357559698938,16.181357559698938,0.0,-0.3351373676033442,-0.3351373676033442,-0.3351373676033331,-0.3351373676033331,0.0,15.595541370486977,15.595541370486977,15.595541370486998,15.595541370486998,0.0
dynamic,28,30541.49730222339,26564.658334138025,30995.05338505667,26489.10081838868,30682.939787939064,30541.49730222339,26564.658334138025,31011.1981165616,26489.10081838868,30682.939787939064,0.6103904649097328,0.5309109108269651,0.6194550600578917,0.5294008477573883,0.6132172793176726,0.6103904649097328,0.5309109108269651,0.6197777223711248,0.5294008477573883,0.6132172793176726,0.8339333333333333,0.8339333333333333,0.8339333333333333,0.8339333333333333,0.8339333333333333,0.09999999999999999,0.928540135987901,0.9287968903952359,0.9495053527393559,0.0692644799069188,15.502858730573887,15.502858730573887,15.502858730573887,15.502858730573887,0.0,-0.28442871276174175,-0.28442871276174175,-0.28442871276174175,-0.28442871276174175,0.0,14.970412636456775,14.970412636456775,14.970412636456775,14.970412636456775,0.0
dynamic,29,27576.222488072282,23355.549921125013,28056.405913427945,23267.905329250567,27727.587902951494,27576.222488072282,23355.549921125013,28068.710418460723,23267.905329250567,27727.587902951494,0.5499077210615247,0.4657417177722499,0.5594832375501614,0.4639939643298815,0.5529261551628512,0.5499077210615247,0.4657417177722499,0.5597286062667901,0.4639939643298815,0.5529261551628512,0.8357833333333333,0.8357833333333333,0.8357833333333333,0.8357833333333333,0.8357833333333333,0.10000000000000002,0.9279827455449231,0.9281935483889607,0.9489845043114546,0.0696186873662958,18.71948207852725,18.71948207852725,18.71948207852725,18.71948207852725,0.0,-0.3752623773382924,-0.3752623773382924,-0.3752623773383035,-0.3752623773383035,0.0,18.071390231448525,18.071390231448525,18.071390231448504,18.071390231448504,0.0
dynamic,30,32022.823471727184,27725.5243481504,32509.91211472791,27644.459112204917,32176.77345776699,32022.823471727184,27725.5243481504,32522.740237741284,27644.459112204917,32176.77345776699,0.6387191533374658,0.553006309800351,0.6484345004533252,0.5513894030677541,0.6417898008969003,0.6387191533374658,0.553006309800351,0.6486903669567035,0.5513894030677541,0.6417898008969003,0.8356,0.8356,0.8356,0.8356,0.8356,0.09999999999999999,0.9283921056835308,0.9284735029191117,0.9493111766050951,0.06945506501565533,16.054697663142804,16.054697663142804,16.054697663142804,16.054697663142804,0.0,-0.29238486142784126,-0.29238486142784126,-0.29238486142784126,-0.29238486142784126,0.0,15.499433192373369,15.499433192373369,15.499433192373369,15.499433192373369,0.0
stationary,1,45887.94300528642,39750.42546626266,46571.918045674036,39622.46242803123,46150.85889061114,45887.94300528642,39750.42546626266,46594.42336061482,39622.46242803123,46150.85889061114,0.6775328225443896,0.5869127313114615,0.6876316744282134,0.5850233644582924,0.6814147603740128,0.6775328225443896,0.5869127313114615,0.6879639641007386,0.5850233644582924,0.6814147603740128,0.8466,0.8466,0.8466,0.8466,0.8466,0.10000000000000002,0.9255062900731209,0.9252287656055568,0.9478330949510907,0.06414855568086994,16.101546962763223,16.101546962763223,16.101546962763223,16.101546962763223,0.0,-0.321916147388257,-0.321916147388257,-0.3219161473882681,-0.3219161473882681,0.0,15.440130431390852,15.440130431390852,15.440130431390852,15.440130431390852,0.0
stationary,2,46105.38371194756,40787.69595748618,46711.29517106885,40695.77593872377,46319.29916576205,46105.38371194756,40787.69595748618,46729.829725365256,40695.77593872377,46319.29916576205,0.6818406618250427,0.6031987452858839,0.6908013305589975,0.6018393637694105,0.6850042024543701,0.6818406618250427,0.6031987452858839,0.691075433315566,0.6018393637694105,0.6850042024543701,0.8452375,0.8452375,0.8452375,0.8452375,0.8452375,0.09999999999999999,0.9244171850568487,0.9250115605492354,0.9469908078424134,0.06538341694855489,13.561940870701704,13.561940870701704,13.561940870701704,13.561940870701704,0.0,-0.2253621260152272,-0.2253621260152272,-0.2253621260152272,-0.2253621260152272,0.0,13.037480126369738,13.037480126369738,13.037480126369738,13.037480126369738,0.0
stationary,3,42502.04371448632,35788.74451399835,43276.67006121504,35682.300813595924,42754.376682955146,42502.04371448632,35788.74451399835,43296.5719651591,35682.300813595924,42754.376682955146,0.6275680135029357,0.5284421486009353,0.6390058333143601,0.5268704439069166,0.6312938602134388,0.6275680135029357,0.5284421486009353,0.639299696790832,0.5268704439069166,0.6312938602134388,0.8465625,0.8465625,0.8465625,0.8465625,0.8465625,0.09999999999999999,0.9267453180134778,0.9265042508456172,0.9475774918106837,0.06672069289625428,19.46319230682225,19.46319230682225,19.46319230682225,19.46319230682225,0.0,-0.2974222813566074,-0.2974222813566074,-0.2974222813565852,-0.2974222813565852,0.0,18.758129941837275,18.758129941837275,18.758129941837296,18.758129941837296,0.0
stationary,4,45126.53726960969,38369.384778565465,45899.17547881739,38242.59979943234,45391.58731170193,45126.53726960969,38369.384778565465,45924.23717359884,38242.59979943234,45391.58731170193,0.6671279699245996,0.5672336350925515,0.6785502635722453,0.5653593098980285,0.6710463360835849,0.6671279699245996,0.5672336350925515,0.6789207630294168,0.5653593098980285,0.6710463360835849,0.8455375,0.8455375,0.8455375,0.8455375,0.8455375,0.09999999999999999,0.9264674589326006,0.9275017033149157,0.947991931167723,0.06562624509902147,18.301577087207612,18.301577087207612,18.301577087207633,18.301577087207633,0.0,-0.3304326609999575,-0.3304326609999575,-0.3304326609999464,-0.3304326609999464,0.0,17.610791859292508,17.610791859292508,17.610791859292508,17.610791859292508,0.0
stationary,5,39099.71614947458,33285.117651491106,39763.436889277145,33175.059630088814,39342.94661488118,39099.71614947458,33285.117651491106,39781.47207334301,33175.059630088814,39342.94661488118,0.5785094197031172,0.4924781045392029,0.5883296623504097,0.4908497141475256,0.5821081955831917,0.5785094197031172,0.4924781045392029,0.588596506330256,0.4908497141475256,0.5821081955831917,0.8448375,0.8448375,0.8448375,0.8448375,0.8448375,0.09999999999999999,0.9274933086311966,0.9279251747224483,0.948421389458955,0.06585510618827725,18.199812381070824,18.199812381070824,18.199812381070846,18.199812381070846,0.0,-0.3306523430520625,-0.3306523430520625,-0.3306523430520625,-0.3306523430520625,0.0,17.469063978877042,17.469063978877042,17.469063978877042,17.469063978877042,0.0
stationary,6,44805.25365006286,38706.3272555913,45489.39169183161,38581.57438484505,45057.86840250925,44805.25365006286,38706.3272555913,45510.726267066304,38581.57438484505,45057.86840250925,0.6610491988678332,0.5710666615853185,0.671142856811573,0.569226078650394,0.6647762345639394,0.6610491988678332,0.5710666615853185,0.6714576235569469,0.569226078650394,0.6647762345639394,0.8472375,0.8472375,0.8472375,0.8472375,0.8472375,0.09999999999999999,0.9257327820336366,0.9268636849280663,0.9486212796282002,0.0650395831637788,16.40956814366945,16.40956814366945,16.40956814366943,16.40956814366943,0.0,-0.3223061437022001,-0.3223061437022001,-0.3223061437022001,-0.3223061437022001,0.0,15.756923549470958,15.756923549470958,15.756923549470958,15.756923549470958,0.0
stationary,7,44422.423648492804,38611.152010426566,45093.935396354704,38512.570845481474,44664.854383875056,44422.423648492804,38611.152010426566,45117.29930262783,38512.570845481474,44664.854383875056,0.6573114682680714,0.5713230151582753,0.6672477197531104,0.5698643254932004,0.6608986769239599,0.6573114682680714,0.5713230151582753,0.667593431721876,0.5698643254932004,0.6608986769239599,0.844775,0.844775,0.844775,0.844775,0.844775,0.09999999999999999,0.9270301446233057,0.9270031278321759,0.9480291807786134,0.06577941876743089,15.678637021277542,15.678637021277542,15.678637021277563,15.678637021277563,0.0,-0.2553178545889323,-0.2553178545889323,-0.2553178545889323,-0.2553178545889323,0.0,15.050759522784919,15.050759522784919,15.050759522784919,15.050759522784919,0.0
stationary,8,42994.734676069376,37455.34890120008,43622.483422020654,37353.220244720476,43221.66019780557,42994.734676069376,37455.34890120008,43641.6806343632,37353.220244720476,43221.66019780557,0.6347772792191191,0.55299339900195,0.6440454057464811,0.5514855643524549,0.6381276235428686,0.6347772792191191,0.55299339900195,0.6443288347363609,0.5514855643524549,0.6381276235428686,0.84665,0.84665,0.84665,0.84665,0.84665,0.09999999999999999,0.9283176515301532,0.9288024419498218,0.949534508179982,0.06565682008195177,15.395161080506536,15.395161080506536,15.395161080506558,15.395161080506558,0.0,-0.2726677483341544,-0.2726677483341544,-0.2726677483341544,-0.2726677483341544,0.0,14.789304965443307,14.789304965443307,14.789304965443307,14.789304965443307,0.0
stationary,9,41756.3771979904,36296.15937424566,42378.426447993406,36210.40451312155,41961.072519584224,41756.3771979904,36296.15937424566,42396.62960294771,36210.40451312155,41961.072519584224,0.6164576768334474,0.5358473983442432,0.62564111326316,0.5345813823243408,0.6194796344570719,0.6164576768334474,0.5358473983442432,0.6259098500494229,0.5345813823243408,0.6194796344570719,0.8467,0.8467,0.8467,0.8467,0.8467,0.09999999999999999,0.9301926327201159,0.9299335274847146,0.9512126492444951,0.06584133523226998,15.607472644497378,15.607472644497378,15.607472644497378,15.607472644497378,0.0,-0.23626428416267942,-0.23626428416267942,-0.23626428416267942,-0.23626428416267942,0.0,15.043514018783743,15.043514018783743,15.043514018783743,15.043514018783743,0.0
stationary,10,44176.630685854514,38582.36976652106,44823.367058217635,38488.71413095269,44401.332479304736,44176.630685854514,38582.36976652106,44846.45594077291,38488.71413095269,44401.332479304736,0.6541584831761907,0.5713198152952831,0.6637352226828412,0.5699329818597508,0.6574858212300055,0.6541584831761907,0.5713198152952831,0.6640771181184166,0.5699329818597508,0.6574858212300055,0.84415,0.84415,0.84415,0.84415,0.84415,0.09999999999999999,0.9246982148913769,0.9250786339310659,0.947594937066373,0.06482622493710577,15.081921478635941,15.081921478635941,15.081921478635941,15.081921478635941,0.0,-0.24274205067007504,-0.24274205067007504,-0.24274205067007504,-0.24274205067007504,0.0,14.499526475918412,14.499526475918412,14.49952647591839,14.49952647591839,0.0
stationary,11,42395.69181358418,36753.53684646427,43035.75867537546,36668.940379067135,42605.836000833675,42395.69181358418,36753.53684646427,43055.31653363093,36668.940379067135,42605.836000833675,0.6276101288446385,0.5440857551548351,0.6370854417458729,0.542833420364867,0.6307210256078174,0.6276101288446385,0.5440857551548351,0.6373749690401465,0.542833420364867,0.6307210256078174,0.8443875,0.8443875,0.8443875,0.8443875,0.8443875,0.09999999999999999,0.9260533625770516,0.9259290050985548,0.9474251420795387,0.06624153321272801,15.923091099550613,15.923091099550613,15.923091099550613,15.923091099550613,0.0,-0.23017231715828368,-0.23017231715828368,-0.23017231715829478,-0.23017231715829478,0.0,15.351325209025957,15.351325209025957,15.351325209025934,15.351325209025934,0.0
stationary,12,41018.54099014996,35169.06109343447,41699.44895923047,35068.60355811796,41251.18935953152,41018.54099014996,35169.06109343447,41725.048705234396,35068.60355811796,41251.18935953152,0.6056363836249403,0.519269151509486,0.6156899503784323,0.5177859018148766,0.6090714233335034,0.6056363836249403,0.519269151509486,0.6160679291465037,0.5177859018148766,0.6090714233335034,0.8466,0.8466,0.8466,0.8466,0.8466,0.10000000000000002,0.9248417283687461,0.9258865061118415,0.9475073724338201,0.06544345824836591,17.293973956081764,17.293973956081764,17.293973956081786,17.293973956081786,0.0,-0.28564178909873394,-0.28564178909873394,-0.28564178909872284,-0.28564178909872284,0.0,16.632459653031482,16.632459653031482,16.632459653031507,16.632459653031507,0.0
stationary,13,43442.78267709553,37732.795626230305,44089.814572756295,37635.73471185558,43659.192753026706,43442.78267709553,37732.795626230305,44109.38845335324,37635.73471185558,43659.192753026706,0.6410799480129201,0.5568183520435372,0.6506281203092495,0.5553860357390331,0.6442734856198141,0.6410799480129201,0.5568183520435372,0.6509169697240942,0.5553860357390331,0.6442734856198141,0.8470625,0.8470625,0.8470625,0.8470625,0.8470625,0.09999999999999999,0.9277629968246367,0.9290433764074689,0.9493782467088728,0.06664081468431161,15.70622326927882,15.70622326927882,15.70622326927882,15.70622326927882,0.0,-0.25723223727227573,-0.25723223727227573,-0.25723223727226463,-0.25723223727226463,0.0,15.132690160110673,15.132690160110673,15.132690160110695,15.132690160110695,0.0
stationary,14,45317.89518059256,40346.27337320265,45877.86915617517,40258.576427533764,45536.5152423232,45317.89518059256,40346.27337320265,45906.08661002011,40258.576427533764,45536.5152423232,0.6715155021870101,0.5978465662982345,0.6798131339266688,0.5965470827658146,0.6747549898100821,0.6715155021870101,0.5978465662982345,0.6802312570017501,0.5965470827658146,0.6747549898100821,0.843575,0.843575,0.843575,0.843575,0.843575,0.09999999999999999,0.9280349079176385,0.9279616258172299,0.950690095423368,0.06390882216861031,12.864241069084258,12.864241069084258,12.864241069084258,12.864241069084258,0.0,-0.21736070852862444,-0.21736070852862444,-0.21736070852863554,-0.21736070852863554,0.0,12.322381701532748,12.322381701532748,12.322381701532748,12.322381701532748,0.0
stationary,15,42208.74481772083,37055.033286035614,42793.91143283504,36953.935496775666,42426.46315575599,42208.74481772083,37055.033286035614,42814.79398864,36953.935496775666,42426.46315575599,0.6238544564976918,0.5476814757461884,0.6325033467266996,0.546187228365835,0.6270723810304175,0.6238544564976918,0.5476814757461884,0.6328119954571522,0.546187228365835,0.6270723810304175,0.845725,0.845725,0.845725,0.845725,0.845725,0.09999999999999999,0.9266153562328444,0.9271992195615683,0.9493344355867909,0.06481031519673143,14.495817149203937,14.495817149203937,14.495817149203916,14.495817149203916,0.0,-0.272831462542622,-0.272831462542622,-0.27283146254263313,-0.27283146254263313,0.0,13.908263128257436,13.908263128257436,13.908263128257436,13.908263128257436,0.0
stationary,16,40237.57593135338,34645.761907321976,40866.29637221318,34542.58030333287,40468.99073743187,40237.57593135338,34645.761907321976,40885.12154776102,34542.58030333287,40468.99073743187,0.5929061509077341,0.5105100111592422,0.6021704320667971,0.5089896161988193,0.5963160795318924,0.5929061509077341,0.5105100111592422,0.6024478235874312,0.5089896161988193,0.5963160795318924,0.8483125,0.8483125,0.8483125,0.8483125,0.8483125,0.09999999999999999,0.9340817246651391,0.9339198589075174,0.9532570962603453,0.0660790902014634,16.807911009973274,16.807911009973274,16.807911009973296,16.807911009973296,0.0,-0.2978188335563736,-0.2978188335563736,-0.2978188335563625,-0.2978188335563625,0.0,16.13996551436683,16.13996551436683,16.13996551436683,16.13996551436683,0.0
stationary,17,44839.82066717926,39081.50374231971,45500.78763356398,38986.52955889456,45074.36961749323,44839.82066717926,39081.50374231971,45524.13658926668,38986.52955889456,45074.36961749323,0.6610910207908246,0.5761939012829657,0.6708359153959925,0.5747936597357182,0.6645490677384114,0.6610910207908246,0.5761939012829657,0.6711801581857768,0.5747936597357182,0.6645490677384114,0.8478375,0.8478375,0.8478375,0.8478375,0.8478375,0.10000000000000002,0.9266528942483699,0.9268802578573953,0.9480671988581744,0.06567621570760397,15.334276579240447,15.334276579240447,15.33427657924047,15.33427657924047,0.0,-0.24301568345823643,-0.24301568345823643,-0.24301568345823643,-0.24301568345823643,0.0,14.734123238518348,14.734123238518348,14.734123238518348,14.734123238518348,0.0
stationary,18,45073.51548905851,39765.285327778896,45689.77231239401,39684.274980583345,45278.14980530007,45073.51548905851,39765.285327778896,45711.70775400371,39684.274980583345,45278.14980530007,0.6667581173216153,0.588235164091935,0.6758742076654785,0.5870368039020628,0.6697852073978205,0.6667581173216153,0.588235164091935,0.6761986916466282,0.5870368039020628,0.6697852073978205,0.8450125,0.8450125,0.8450125,0.8450125,0.8450125,0.09999999999999999,0.927875484456067,0.9277891060109047,0.948119586170808,0.066817984599845,13.863510426442339,13.863510426442339,13.863510426442339,13.863510426442339,0.0,-0.20372127730958756,-0.20372127730958756,-0.20372127730957645,-0.20372127730957645,0.0,13.348904999737133,13.348904999737133,13.348904999737133,13.348904999737133,0.0
stationary,19,42326.395383304305,36998.84813540803,42928.73672451558,36903.333100325,42541.12291216113,42326.395383304305,36998.84813540803,42944.57823447168,36903.333100325,42541.12291216113,0.625482420323693,0.5467540732290236,0.6343835780185544,0.5453425905175853,0.6286555772448815,0.625482420323693,0.5467540732290236,0.6346176774711346,0.5453425905175853,0.6286555772448815,0.845875,0.845875,0.845875,0.845875,0.845875,0.10000000000000002,0.9291532640527086,0.9291472386497125,0.9498700382088949,0.06559591061216306,14.979587354907743,14.979587354907743,14.979587354907764,14.979587354907764,0.0,-0.25815678026911426,-0.25815678026911426,-0.25815678026912536,-0.25815678026912536,0.0,14.39922461477332,14.39922461477332,14.39922461477332,14.39922461477332,0.0
stationary,20,40381.451549950536,35024.69730640615,40999.65094633134,34938.44315853504,40602.52720198462,40381.451549950536,35024.69730640615,41018.262645288996,34938.44315853504,40602.52720198462,0.5955702778630818,0.5165655989617887,0.6046878596276174,0.5152934701788274,0.5988308364229403,0.5955702778630818,0.5165655989617887,0.6049623563159299,0.5152934701788274,0.5988308364229403,0.8475375,0.8475375,0.8475375,0.8475375,0.8475375,0.09999999999999999,0.927478818105708,0.9278518706419104,0.9484099467027733,0.06574653485990757,15.92541927423956,15.92541927423956,15.925419274239538,15.925419274239538,0.0,-0.24626664755026395,-0.24626664755026395,-0.24626664755028616,-0.24626664755028616,0.0,15.294219951944065,15.294219951944065,15.294219951944044,15.294219951944044,0.0
stationary,21,44666.881978309044,38895.954783816036,45327.27081118505,38806.773684976026,44895.476167991845,44666.881978309044,38895.954783816036,45347.02843574518,38806.773684976026,44895.476167991845,0.6595526184355248,0.5743389215453544,0.6693039412191583,0.573022070566514,0.6629280476055674,0.6595526184355248,0.5743389215453544,0.6695956829399935,0.573022070566514,0.6629280476055674,0.8465375,0.8465375,0.8465375,0.8465375,0.8465375,0.09999999999999999,0.9302921179772565,0.9301475090550824,0.9508695433022716,0.06501072405655876,15.42453814932989,15.42453814932989,15.42453814932989,15.42453814932989,0.0,-0.2292811664752259,-0.2292811664752259,-0.2292811664752148,-0.2292811664752148,0.0,14.836831301784104,14.836831301784104,14.836831301784104,14.836831301784104,0.0
stationary,22,43253.392214082,37906.0734304473,43856.17193291918,37783.0521887512,43473.63942325705,43253.392214082,37906.0734304473,43876.676183379874,37783.0521887512,43473.63942325705,0.6392000977431282,0.5601772393220917,0.6481079968806405,0.558359227238151,0.6424549184733855,0.6392000977431282,0.5601772393220917,0.6484110093896653,0.558359227238151,0.6424549184733855,0.84585,0.84585,0.84585,0.84585,0.84585,0.09999999999999999,0.9245133134045999,0.9252722843302137,0.946793714099254,0.06664209816728528,14.687794036555935,14.687794036555935,14.687794036555935,14.687794036555935,0.0,-0.3245422977450563,-0.3245422977450563,-0.3245422977450563,-0.3245422977450563,0.0,14.106759945596403,14.106759945596403,14.106759945596403,14.106759945596403,0.0
stationary,23,44665.03197529302,39078.06816810945,45303.449889180425,38981.028856107136,44904.505787978305,44665.03197529302,39078.06816810945,45326.84229036192,38981.028856107136,44904.505787978305,0.661517972352864,0.5787714297917542,0.6709733540067303,0.5773342149040587,0.6650647341930168,0.661517972352864,0.5787714297917542,0.6713198105771994,0.5773342149040587,0.6650647341930168,0.8439875,0.8439875,0.8439875,0.8439875,0.8439875,0.09999999999999999,0.9281252049062855,0.9283806122993118,0.9495617709953957,0.0649715114390545,14.909738103747028,14.909738103747028,14.909738103747028,14.909738103747028,0.0,-0.24832167133969074,-0.24832167133969074,-0.24832167133970184,-0.24832167133970184,0.0,14.296929375190913,14.296929375190913,14.296929375190913,14.296929375190913,0.0
stationary,24,43034.25443866258,37080.26486394229,43708.547846956324,36988.08235346513,43247.158232565824,43034.25443866258,37080.26486394229,43732.031037556546,36988.08235346513,43247.158232565824,0.63529509497723,0.5473990590936136,0.6452493814044542,0.5460382106831386,0.6384380967030193,0.63529509497723,0.5473990590936136,0.6455960530500383,0.5460382106831386,0.6384380967030193,0.8467375,0.8467375,0.8467375,0.8467375,0.8467375,0.09999999999999999,0.9314908285542837,0.9324038016709412,0.950174785898556,0.06831451957455847,16.631200967014557,16.631200967014557,16.631200967014557,16.631200967014557,0.0,-0.2486026214090109,-0.2486026214090109,-0.2486026214090109,-0.2486026214090109,0.0,16.057030866869802,16.057030866869802,16.057030866869802,16.057030866869802,0.0
stationary,25,43928.57987681992,37612.394459204734,44653.84955528262,37517.421828143044,44171.19307083642,43928.57987681992,37612.394459204734,44676.83409215353,37517.421828143044,44171.19307083642,0.6491972316498672,0.5558536703692362,0.659915608359924,0.5544501201215241,0.6527826836348598,0.6491972316498672,0.5558536703692362,0.660255284665172,0.5544501201215241,0.6527826836348598,0.845825,0.845825,0.845825,0.845825,0.845825,0.09999999999999999,0.9326728805939676,0.9333061861171852,0.9515673301692851,0.06706550532132798,17.43786511317569,17.43786511317569,17.43786511317569,17.43786511317569,0.0,-0.2525035495006822,-0.2525035495006822,-0.2525035495006711,-0.2525035495006711,0.0,16.79282988607882,16.79282988607882,16.7928298860788,16.7928298860788,0.0
stationary,26,46216.49425733705,40183.403786585564,46911.61445371927,40080.314630647976,46472.10001328806,46216.49425733705,40183.403786585564,46934.34042335246,40080.314630647976,46472.10001328806,0.6843846328644609,0.5950452211844449,0.6946781349580818,0.593518652904605,0.6881697025512817,0.6843846328644609,0.5950452211844449,0.6950146664201461,0.593518652904605,0.6881697025512817,0.844125,0.844125,0.844125,0.844125,0.844125,0.09999999999999999,0.9258295033874893,0.9263571692693082,0.947222981081012,0.06467735498734832,15.649983909033228,15.649983909033228,15.649983909033228,15.649983909033228,0.0,-0.2565465993998317,-0.2565465993998317,-0.2565465993998317,-0.2565465993998317,0.0,15.013886087881678,15.013886087881678,15.013886087881655,15.013886087881655,0.0
stationary,27,44444.377161568336,38591.951679507496,45122.10475455757,38469.547994094406,44702.39284465661,44444.377161568336,38591.951679507496,45141.03821979492,38469.547994094406,44702.39284465661,0.6576849691695154,0.571081161926506,0.6677139375017768,0.5692698402428993,0.661503068272587,0.6576849691695154,0.571081161926506,0.6679941136746959,0.5692698402428993,0.661503068272587,0.8447125,0.8447125,0.8447125,0.8447125,0.8447125,0.09999999999999999,0.9245613347495495,0.9246253474311473,0.9471485767826969,0.0647671320004544,15.83345982575375,15.83345982575375,15.833459825753726,15.833459825753726,0.0,-0.31717412591518723,-0.31717412591518723,-0.31717412591519833,-0.31717412591519833,0.0,15.16488601214876,15.16488601214876,15.16488601214876,15.16488601214876,0.0
stationary,28,44706.44713150992,39183.947681385944,45334.50947764976,39087.39826456475,44920.251335621564,44706.44713150992,39183.947681385944,45357.16068347637,39087.39826456475,44920.251335621564,0.6617785083488997,0.5800303113224179,0.6710755603234365,0.5786011141227851,0.6649433992394577,0.6617785083488997,0.5800303113224179,0.6714108605355099,0.5786011141227851,0.6649433992394577,0.8444375,0.8444375,0.8444375,0.8444375,0.8444375,0.09999999999999999,0.9289403522428814,0.9301371074731203,0.950795394375444,0.06497321026648427,14.63942250249739,14.63942250249739,14.63942250249739,14.63942250249739,0.0,-0.24640043317294413,-0.24640043317294413,-0.24640043317293303,-0.24640043317293303,0.0,14.093780175057248,14.093780175057248,14.093780175057269,14.093780175057269,0.0
stationary,29,39910.4757322114,33920.46121589339,40588.35965997324,33799.88575759929,40156.6268201447,39910.4757322114,33920.46121589339,40607.578673752534,33799.88575759929,40156.6268201447,0.5908024178380146,0.5021310854572467,0.6008372634816106,0.5003461838497074,0.594446239547388,0.5908024178380146,0.5021310854572467,0.6011217662243354,0.5003461838497074,0.594446239547388,0.8444125,0.8444125,0.8444125,0.8444125,0.8444125,0.09999999999999999,0.9281921485682764,0.9283999001830349,0.9489924045840725,0.06572835964277159,18.384672202892595,18.384672202892595,18.384672202892595,18.384672202892595,0.0,-0.3554652677823955,-0.3554652677823955,-0.3554652677824066,-0.3554652677824066,0.0,17.659000796579384,17.659000796579384,17.659000796579384,17.659000796579384,0.0
stationary,30,46745.91823040555,40794.12761898454,47426.36765065072,40696.96304030319,46986.77391751347,46745.91823040555,40794.12761898454,47445.482178848135,40696.96304030319,46986.77391751347,0.689539011850863,0.6017454253239204,0.6995761752784316,0.6003121714676027,0.6930918224228677,0.689539011850863,0.6017454253239204,0.6998581295834103,0.6003121714676027,0.6930918224228677,0.8474125,0.8474125,0.8474125,0.8474125,0.8474125,0.09999999999999999,0.9286319201387161,0.9290190175318921,0.9495328519079399,0.06545585502519023,15.180239558909058,15.180239558909058,15.180239558909058,15.180239558909058,0.0,-0.23818275902075525,-0.23818275902075525,-0.23818275902074415,-0.23818275902074415,0.0,14.589822013135056,14.589822013135056,14.589822013135079,14.589822013135079,0.0
