scenario,seed,variant,assigned,tasks,coverage,design_reserve,execution_settlement,design_pps,settlement_pps,mean_H,coverage_first_calls,ir_violations,target_violations
burst,1,FROZEN_STATE,54738,68800,0.7956104651162791,31542.140614299286,31542.140614299286,0.5762384561785101,0.5762384561785101,0.09999999999999999,1000,0,0
burst,1,FULL_PASI,54738,68800,0.7956104651162791,26858.51502754869,26858.51502754869,0.49067402951420747,0.49067402951420747,0.9157083892834504,1000,0,0
burst,1,MOI,54738,68800,0.7956104651162791,32067.712227563796,32084.206798503776,0.5858400421565237,0.5861413789050345,0.9153597319650736,1000,0,0
burst,1,NO_NEGATIVE_FEEDBACK,54738,68800,0.7956104651162791,26746.530245812515,26746.530245812515,0.48862819697125426,0.48862819697125426,0.9387217792838888,1000,0,0
burst,1,NO_POSITIVE_ACCUMULATION,54738,68800,0.7956104651162791,31734.66201450339,31734.66201450339,0.5797555996657421,0.5797555996657421,0.06693096454100496,1000,0,0
burst,2,FROZEN_STATE,54876,68800,0.7976162790697674,32137.06111800149,32137.06111800149,0.5856305328012518,0.5856305328012518,0.09999999999999999,1000,0,0
burst,2,FULL_PASI,54876,68800,0.7976162790697674,27888.19254107217,27888.19254107217,0.5082038148019566,0.5082038148019566,0.9142050909515717,1000,0,0
burst,2,MOI,54876,68800,0.7976162790697674,32610.093929756968,32622.977616543867,0.5942505636299469,0.594485341798671,0.9132652871823268,1000,0,0
burst,2,NO_NEGATIVE_FEEDBACK,54876,68800,0.7976162790697674,27799.56270988915,27799.56270988915,0.5065887220258246,0.5065887220258246,0.9361116847558802,1000,0,0
burst,2,NO_POSITIVE_ACCUMULATION,54876,68800,0.7976162790697674,32307.348103557903,32307.348103557903,0.5887336559435437,0.5887336559435437,0.06748404815241939,1000,0,0
burst,3,FROZEN_STATE,54877,68800,0.7976308139534883,29297.034377793752,29297.034377793752,0.5338672736810276,0.5338672736810276,0.09999999999999999,1000,0,0
burst,3,FULL_PASI,54877,68800,0.7976308139534883,24182.990173352406,24182.990173352406,0.440676242749283,0.440676242749283,0.9180506086855464,1000,0,0
burst,3,MOI,54877,68800,0.7976308139534883,29890.203272180315,29904.479213299222,0.544676335663034,0.5449364800061816,0.9177867729143353,1000,0,0
burst,3,NO_NEGATIVE_FEEDBACK,54877,68800,0.7976308139534883,24088.30669074417,24088.30669074417,0.43895086631456115,0.43895086631456115,0.9389033586040917,1000,0,0
burst,3,NO_POSITIVE_ACCUMULATION,54877,68800,0.7976308139534883,29486.470055999845,29486.470055999845,0.5373192786777675,0.5373192786777675,0.06933160737442541,1000,0,0
burst,4,FROZEN_STATE,54866,68800,0.7974709302325581,30908.723083356635,30908.723083356635,0.5633493071001464,0.5633493071001464,0.09999999999999999,1000,0,0
burst,4,FULL_PASI,54866,68800,0.7974709302325581,25846.937185763945,25846.937185763945,0.47109206404264836,0.47109206404264836,0.9173839337081636,1000,0,0
burst,4,MOI,54866,68800,0.7974709302325581,31490.990990870807,31507.934350337913,0.5739618523470056,0.5742706658101177,0.9178494298516329,1000,0,0
burst,4,NO_NEGATIVE_FEEDBACK,54866,68800,0.7974709302325581,25744.532029862326,25744.532029862326,0.4692256047435994,0.4692256047435994,0.9390345372928768,1000,0,0
burst,4,NO_POSITIVE_ACCUMULATION,54866,68800,0.7974709302325581,31103.99712608059,31103.99712608059,0.5669084155229211,0.5669084155229211,0.06778850376107404,1000,0,0
burst,5,FROZEN_STATE,54760,68800,0.7959302325581395,26989.494332494585,26989.494332494585,0.4928687788987324,0.4928687788987324,0.09999999999999999,1000,0,0
burst,5,FULL_PASI,54760,68800,0.7959302325581395,22633.51022222179,22633.51022222179,0.41332195438681135,0.41332195438681135,0.917197974694474,1000,0,0
burst,5,MOI,54760,68800,0.7959302325581395,27481.23542312902,27492.46418653443,0.5018487111601355,0.5020537652763775,0.916999458831952,1000,0,0
burst,5,NO_NEGATIVE_FEEDBACK,54760,68800,0.7959302325581395,22540.199679027766,22540.199679027766,0.41161796345923607,0.41161796345923607,0.9377127909198935,1000,0,0
burst,5,NO_POSITIVE_ACCUMULATION,54760,68800,0.7959302325581395,27169.615103361004,27169.615103361004,0.49615805521112133,0.49615805521112133,0.06791875683095215,1000,0,0
burst,6,FROZEN_STATE,54569,68800,0.7931540697674418,30500.199837476168,30500.199837476168,0.5589290593097943,0.5589290593097943,0.09999999999999999,1000,0,0
burst,6,FULL_PASI,54569,68800,0.7931540697674418,25813.060779648244,25813.060779648244,0.47303525407554187,0.47303525407554187,0.9184913211201624,1000,0,0
burst,6,MOI,54569,68800,0.7931540697674418,31021.147149966106,31035.866993454954,0.5684756390985011,0.5687453864548545,0.9183324923052387,1000,0,0
burst,6,NO_NEGATIVE_FEEDBACK,54569,68800,0.7931540697674418,25711.829062514313,25711.829062514313,0.47118014005230646,0.47118014005230646,0.9404603077518012,1000,0,0
burst,6,NO_POSITIVE_ACCUMULATION,54569,68800,0.7931540697674418,30684.27698920962,30684.27698920962,0.5623023509540145,0.5623023509540145,0.06709838853519962,1000,0,0
burst,7,FROZEN_STATE,54862,68800,0.7974127906976745,30769.789631688353,30769.789631688353,0.5608579641954058,0.5608579641954058,0.09999999999999999,1000,0,0
burst,7,FULL_PASI,54862,68800,0.7974127906976745,26255.530038110704,26255.530038110704,0.4785740592415644,0.4785740592415644,0.9180089148301951,1000,0,0
burst,7,MOI,54862,68800,0.7974127906976745,31285.68557189991,31303.004363878586,0.5702614846688038,0.5705771638634863,0.91774192338389,1000,0,0
burst,7,NO_NEGATIVE_FEEDBACK,54862,68800,0.7974127906976745,26158.374205240314,26158.374205240314,0.476803146171126,0.476803146171126,0.9392953122045276,1000,0,0
burst,7,NO_POSITIVE_ACCUMULATION,54862,68800,0.7974127906976745,30958.49122940976,30958.49122940976,0.564297532525423,0.564297532525423,0.067665770178107,1000,0,0
burst,8,FROZEN_STATE,54787,68800,0.7963226744186046,29769.18987186814,29769.18987186814,0.5433622916361206,0.5433622916361206,0.09999999999999999,1000,0,0
burst,8,FULL_PASI,54787,68800,0.7963226744186046,25668.45928594093,25668.45928594093,0.468513685471753,0.468513685471753,0.9188212479046133,1000,0,0
burst,8,MOI,54787,68800,0.7963226744186046,30238.118307653545,30250.351836323694,0.5519214103282447,0.5521447028733768,0.9191475752144918,1000,0,0
burst,8,NO_NEGATIVE_FEEDBACK,54787,68800,0.7963226744186046,25583.47740443386,25583.47740443386,0.46696255324135033,0.46696255324135033,0.9404668084133845,1000,0,0
burst,8,NO_POSITIVE_ACCUMULATION,54787,68800,0.7963226744186046,29937.225624639635,29937.225624639635,0.5464293650800306,0.5464293650800306,0.0676685665700391,1000,0,0
burst,9,FROZEN_STATE,54764,68800,0.7959883720930233,28540.10398697288,28540.10398697288,0.5211471767396991,0.5211471767396991,0.09999999999999999,1000,0,0
burst,9,FULL_PASI,54764,68800,0.7959883720930233,24298.110262523787,24298.110262523787,0.4436876463100538,0.4436876463100538,0.9183213110679445,1000,0,0
burst,9,MOI,54764,68800,0.7959883720930233,29021.469802781583,29033.345159843913,0.5299369988091006,0.5301538448587377,0.9188638747888681,1000,0,0
burst,9,NO_NEGATIVE_FEEDBACK,54764,68800,0.7959883720930233,24215.827769126816,24215.827769126816,0.44218515391729635,0.44218515391729635,0.9400233625492582,1000,0,0
burst,9,NO_POSITIVE_ACCUMULATION,54764,68800,0.7959883720930233,28701.918901929625,28701.918901929625,0.5241019447434377,0.5241019447434377,0.06836543231251341,1000,0,0
burst,10,FROZEN_STATE,54758,68800,0.7959011627906977,29901.402999265105,29901.402999265105,0.5460645567636712,0.5460645567636712,0.09999999999999998,1000,0,0
burst,10,FULL_PASI,54758,68800,0.7959011627906977,25530.780285577654,25530.780285577654,0.46624749416665423,0.46624749416665423,0.9152213270730916,1000,0,0
burst,10,MOI,54758,68800,0.7959011627906977,30399.21845273185,30415.62638536685,0.5551557480684439,0.555455392552081,0.9147990093966384,1000,0,0
burst,10,NO_NEGATIVE_FEEDBACK,54758,68800,0.7959011627906977,25440.35614379758,25440.35614379758,0.46459615296025386,0.46459615296025386,0.937834963203979,1000,0,0
burst,10,NO_POSITIVE_ACCUMULATION,54758,68800,0.7959011627906977,30076.364270042628,30076.364270042628,0.549259729538015,0.549259729538015,0.067548808205754,1000,0,0
burst,11,FROZEN_STATE,54776,68800,0.7961627906976744,29205.434543992757,29205.434543992757,0.5331793950633993,0.5331793950633993,0.09999999999999998,1000,0,0
burst,11,FULL_PASI,54776,68800,0.7961627906976744,24777.030954288297,24777.030954288297,0.4523337037076146,0.4523337037076146,0.9174733829560221,1000,0,0
burst,11,MOI,54776,68800,0.7961627906976744,29704.163210580235,29716.84827374225,0.5422842706765779,0.5425158513535535,0.9165619133683451,1000,0,0
burst,11,NO_NEGATIVE_FEEDBACK,54776,68800,0.7961627906976744,24689.04581467101,24689.04581467101,0.4507274319897585,0.4507274319897585,0.9385602441243863,1000,0,0
burst,11,NO_POSITIVE_ACCUMULATION,54776,68800,0.7961627906976744,29369.928090810223,29369.928090810223,0.5361824173143388,0.5361824173143388,0.06859532005388018,1000,0,0
burst,12,FROZEN_STATE,54570,68800,0.7931686046511628,27968.377024056223,27968.377024056223,0.5125229434498116,0.5125229434498116,0.09999999999999998,1000,0,0
burst,12,FULL_PASI,54570,68800,0.7931686046511628,23435.183810616003,23435.183810616003,0.4294517832255086,0.4294517832255086,0.9147105235494589,1000,0,0
burst,12,MOI,54570,68800,0.7931686046511628,28489.56774743614,28508.099564989832,0.5220738088223592,0.5224134059921172,0.913133011627338,1000,0,0
burst,12,NO_NEGATIVE_FEEDBACK,54570,68800,0.7931686046511628,23343.30684410986,23343.30684410986,0.4277681298169298,0.4277681298169298,0.937060953994998,1000,0,0
burst,12,NO_POSITIVE_ACCUMULATION,54570,68800,0.7931686046511628,28144.688450149217,28144.688450149217,0.5157538656798464,0.5157538656798464,0.067569161238172,1000,0,0
burst,13,FROZEN_STATE,54713,68800,0.7952470930232558,29551.5221951435,29551.5221951435,0.5401188418683586,0.5401188418683586,0.09999999999999998,1000,0,0
burst,13,FULL_PASI,54713,68800,0.7952470930232558,25086.048544333422,25086.048544333422,0.45850252306277156,0.45850252306277156,0.9165225627613545,1000,0,0
burst,13,MOI,54713,68800,0.7952470930232558,30050.768739177147,30065.404375109363,0.549243666755198,0.549511165081596,0.9166347484281943,1000,0,0
burst,13,NO_NEGATIVE_FEEDBACK,54713,68800,0.7952470930232558,24996.87342221579,24996.87342221579,0.4568726522438139,0.4568726522438139,0.9377632937043607,1000,0,0
burst,13,NO_POSITIVE_ACCUMULATION,54713,68800,0.7952470930232558,29717.52369167676,29717.52369167676,0.5431528830748955,0.5431528830748955,0.06937666686808318,1000,0,0
burst,14,FROZEN_STATE,54549,68800,0.7928633720930233,31439.60094253193,31439.60094253193,0.576355220857063,0.576355220857063,0.09999999999999999,1000,0,0
burst,14,FULL_PASI,54549,68800,0.7928633720930233,27505.68104095021,27505.68104095021,0.5042380436112525,0.5042380436112525,0.9187784920478861,1000,0,0
burst,14,MOI,54549,68800,0.7928633720930233,31866.151173082042,31884.93383151333,0.5841748001444947,0.5845191265011884,0.9178621754137022,1000,0,0
burst,14,NO_NEGATIVE_FEEDBACK,54549,68800,0.7928633720930233,27419.311693526186,27419.311693526186,0.5026547084919281,0.5026547084919281,0.9409577825153649,1000,0,0
burst,14,NO_POSITIVE_ACCUMULATION,54549,68800,0.7928633720930233,31600.95055934392,31600.95055934392,0.5793131049028198,0.5793131049028198,0.06612421697599807,1000,0,0
burst,15,FROZEN_STATE,54545,68800,0.7928052325581395,28901.158515806696,28901.158515806696,0.5298589882813585,0.5298589882813585,0.09999999999999999,1000,0,0
burst,15,FULL_PASI,54545,68800,0.7928052325581395,24996.298020232833,24996.298020232833,0.45826928261495703,0.45826928261495703,0.9177825856126823,1000,0,0
burst,15,MOI,54545,68800,0.7928052325581395,29336.40354925141,29350.98051803057,0.5378385470575013,0.5381057937121747,0.9177823509848163,1000,0,0
burst,15,NO_NEGATIVE_FEEDBACK,54545,68800,0.7928052325581395,24905.8423043503,24905.8423043503,0.45661091400403886,0.45661091400403886,0.9400672014323831,1000,0,0
burst,15,NO_POSITIVE_ACCUMULATION,54545,68800,0.7928052325581395,29062.615498973268,29062.615498973268,0.5328190576399903,0.5328190576399903,0.06673674664482714,1000,0,0
burst,16,FROZEN_STATE,54617,68800,0.7938517441860465,26913.08964942667,26913.08964942667,0.4927603063043864,0.4927603063043864,0.09999999999999998,1000,0,0
burst,16,FULL_PASI,54617,68800,0.7938517441860465,22799.810699478494,22799.810699478494,0.4174489755841312,0.4174489755841312,0.9212649125380553,1000,0,0
burst,16,MOI,54617,68800,0.7938517441860465,27369.558775133297,27381.035104902458,0.501117944506899,0.5013280682736594,0.9216509241497645,1000,0,0
burst,16,NO_NEGATIVE_FEEDBACK,54617,68800,0.7938517441860465,22709.025938945608,22709.025938945608,0.4157867685692295,0.4157867685692295,0.942070746312984,1000,0,0
burst,16,NO_POSITIVE_ACCUMULATION,54617,68800,0.7938517441860465,27069.724668680883,27069.724668680883,0.4956281866210316,0.4956281866210316,0.06843037243028192,1000,0,0
burst,17,FROZEN_STATE,54544,68800,0.7927906976744186,30580.73937914997,30580.73937914997,0.5606618396001388,0.5606618396001388,0.09999999999999999,1000,0,0
burst,17,FULL_PASI,54544,68800,0.7927906976744186,26129.483340098875,26129.483340098875,0.4790533026565502,0.4790533026565502,0.9166328905000253,1000,0,0
burst,17,MOI,54544,68800,0.7927906976744186,31082.25392113321,31097.838482641768,0.5698565180612571,0.5701422426415695,0.9165996826996835,1000,0,0
burst,17,NO_NEGATIVE_FEEDBACK,54544,68800,0.7927906976744186,26034.259945459555,26034.259945459555,0.47730749386659493,0.47730749386659493,0.9383181309250325,1000,0,0
burst,17,NO_POSITIVE_ACCUMULATION,54544,68800,0.7927906976744186,30762.742718508925,30762.742718508925,0.5639986564701696,0.5639986564701696,0.06761316563928527,1000,0,0
burst,18,FROZEN_STATE,55142,68800,0.8014825581395348,32029.455410350183,32029.455410350183,0.5808540751215078,0.5808540751215078,0.09999999999999998,1000,0,0
burst,18,FULL_PASI,55142,68800,0.8014825581395348,27718.743069683176,27718.743069683176,0.50267932011322,0.50267932011322,0.9166846890688362,1000,0,0
burst,18,MOI,55142,68800,0.8014825581395348,32521.054784126954,32536.511055463758,0.5897692282493735,0.5900495276824156,0.9166532263196743,1000,0,0
burst,18,NO_NEGATIVE_FEEDBACK,55142,68800,0.8014825581395348,27632.97733390294,27632.97733390294,0.5011239587592569,0.5011239587592569,0.9379766516753504,1000,0,0
burst,18,NO_POSITIVE_ACCUMULATION,55142,68800,0.8014825581395348,32196.605876893704,32196.605876893704,0.5838853483169582,0.5838853483169582,0.06901513150816875,1000,0,0
burst,19,FROZEN_STATE,54954,68800,0.79875,29472.21943045424,29472.21943045424,0.5363070828411806,0.5363070828411806,0.09999999999999999,1000,0,0
burst,19,FULL_PASI,54954,68800,0.79875,25170.74492886399,25170.74492886399,0.45803298993456326,0.45803298993456326,0.9184257041190144,1000,0,0
burst,19,MOI,54954,68800,0.79875,29946.633318144002,29958.12985633809,0.5449400101565673,0.5451492130934616,0.9191477709700209,1000,0,0
burst,19,NO_NEGATIVE_FEEDBACK,54954,68800,0.79875,25076.969718397013,25076.969718397013,0.4563265589110349,0.4563265589110349,0.9402067831066027,1000,0,0
burst,19,NO_POSITIVE_ACCUMULATION,54954,68800,0.79875,29637.03361335109,29637.03361335109,0.5393062127115604,0.5393062127115604,0.0673183052147106,1000,0,0
burst,20,FROZEN_STATE,54927,68800,0.7983575581395349,27865.7967098227,27865.7967098227,0.5073242068531452,0.5073242068531452,0.09999999999999999,1000,0,0
burst,20,FULL_PASI,54927,68800,0.7983575581395349,23674.542464472826,23674.542464472826,0.43101830546858244,0.43101830546858244,0.9174662959994633,1000,0,0
burst,20,MOI,54927,68800,0.7983575581395349,28333.81660860397,28345.83425614929,0.5158449689333838,0.516063762014115,0.9178656301693872,1000,0,0
burst,20,NO_NEGATIVE_FEEDBACK,54927,68800,0.7983575581395349,23587.75760358201,23587.75760358201,0.4294383018111677,0.4294383018111677,0.9392273011424637,1000,0,0
burst,20,NO_POSITIVE_ACCUMULATION,54927,68800,0.7983575581395349,28031.952818929487,28031.952818929487,0.5103492420654594,0.5103492420654594,0.06761349868170548,1000,0,0
burst,21,FROZEN_STATE,54532,68800,0.7926162790697674,30566.528224733614,30566.528224733614,0.5605246135247857,0.5605246135247857,0.09999999999999999,1000,0,0
burst,21,FULL_PASI,54532,68800,0.7926162790697674,26006.05601391743,26006.05601391743,0.476895327769336,0.476895327769336,0.9197174499893834,1000,0,0
burst,21,MOI,54532,68800,0.7926162790697674,31081.881675242243,31096.69334010801,0.5699750912352791,0.5702467054226511,0.919902525110031,1000,0,0
burst,21,NO_NEGATIVE_FEEDBACK,54532,68800,0.7926162790697674,25922.48164145873,25922.48164145873,0.4753627529057935,0.4753627529057935,0.9401626285113117,1000,0,0
burst,21,NO_POSITIVE_ACCUMULATION,54532,68800,0.7926162790697674,30741.091370665043,30741.091370665043,0.5637257274749696,0.5637257274749696,0.06770459253411641,1000,0,0
burst,22,FROZEN_STATE,54617,68800,0.7938517441860465,29571.232638890848,29571.232638890848,0.5414290905558864,0.5414290905558864,0.09999999999999999,1000,0,0
burst,22,FULL_PASI,54617,68800,0.7938517441860465,25668.09635663315,25668.09635663315,0.46996532868215296,0.46996532868215296,0.9152058571662242,1000,0,0
burst,22,MOI,54617,68800,0.7938517441860465,30013.93288524602,30027.930086501936,0.5495346299731956,0.5497909091766654,0.9142826766472801,1000,0,0
burst,22,NO_NEGATIVE_FEEDBACK,54617,68800,0.7938517441860465,25571.683887396957,25571.683887396957,0.46820008216117615,0.46820008216117615,0.9372194208241481,1000,0,0
burst,22,NO_POSITIVE_ACCUMULATION,54617,68800,0.7938517441860465,29726.277688779683,29726.277688779683,0.544267859618428,0.544267859618428,0.06872258630650843,1000,0,0
burst,23,FROZEN_STATE,54915,68800,0.7981831395348837,31325.79203436013,31325.79203436013,0.570441446496588,0.570441446496588,0.09999999999999999,1000,0,0
burst,23,FULL_PASI,54915,68800,0.7981831395348837,26958.265227869055,26958.265227869055,0.4909089543452436,0.4909089543452436,0.9211720358298042,1000,0,0
burst,23,MOI,54915,68800,0.7981831395348837,31817.80491278741,31834.965625501703,0.579400981749748,0.579713477656409,0.9196415073857852,1000,0,0
burst,23,NO_NEGATIVE_FEEDBACK,54915,68800,0.7981831395348837,26866.959359527136,26866.959359527136,0.4892462780574913,0.4892462780574913,0.9420616806777939,1000,0,0
burst,23,NO_POSITIVE_ACCUMULATION,54915,68800,0.7981831395348837,31505.12943324019,31505.12943324019,0.5737071735088808,0.5737071735088808,0.06753605161997307,1000,0,0
burst,24,FROZEN_STATE,54895,68800,0.7978924418604652,29937.94205204656,29937.94205204656,0.545367375025896,0.545367375025896,0.09999999999999998,1000,0,0
burst,24,FULL_PASI,54895,68800,0.7978924418604652,25306.238679425936,25306.238679425936,0.4609935090522987,0.4609935090522987,0.921423233613376,1000,0,0
burst,24,MOI,54895,68800,0.7978924418604652,30465.66426295646,30482.448570358312,0.5549806769825386,0.5552864299181768,0.9222338618603224,1000,0,0
burst,24,NO_NEGATIVE_FEEDBACK,54895,68800,0.7978924418604652,25223.870565347872,25223.870565347872,0.45949304245100414,0.45949304245100414,0.9407521121374681,1000,0,0
burst,24,NO_POSITIVE_ACCUMULATION,54895,68800,0.7978924418604652,30104.562455599917,30104.562455599917,0.5484026314892051,0.5484026314892051,0.06974761011548046,1000,0,0
burst,25,FROZEN_STATE,54789,68800,0.7963517441860465,30037.08950905667,30037.08950905667,0.5482321179261653,0.5482321179261653,0.09999999999999998,1000,0,0
burst,25,FULL_PASI,54789,68800,0.7963517441860465,25272.49119213999,25272.49119213999,0.4612694371523479,0.4612694371523479,0.9224993548788322,1000,0,0
burst,25,MOI,54789,68800,0.7963517441860465,30579.95761400526,30596.78575311986,0.558140459106851,0.5584476035904992,0.9227413828078758,1000,0,0
burst,25,NO_NEGATIVE_FEEDBACK,54789,68800,0.7963517441860465,25190.357050449882,25190.357050449882,0.4597703380322671,0.4597703380322671,0.9418343874004899,1000,0,0
burst,25,NO_POSITIVE_ACCUMULATION,54789,68800,0.7963517441860465,30212.169241955256,30212.169241955256,0.5514276450009172,0.5514276450009172,0.06844152258388829,1000,0,0
burst,26,FROZEN_STATE,54752,68800,0.7958139534883721,32322.948996335515,32322.948996335515,0.5903519322825744,0.5903519322825744,0.09999999999999999,1000,0,0
burst,26,FULL_PASI,54752,68800,0.7958139534883721,27484.975148700323,27484.975148700323,0.5019903409683724,0.5019903409683724,0.9158316372937015,1000,0,0
burst,26,MOI,54752,68800,0.7958139534883721,32874.58226714997,32891.10939067583,0.6004270577723183,0.600728912015558,0.9160599137433291,1000,0,0
burst,26,NO_NEGATIVE_FEEDBACK,54752,68800,0.7958139534883721,27378.47403843153,27378.47403843153,0.5000451862659178,0.5000451862659178,0.9382467156611444,1000,0,0
burst,26,NO_POSITIVE_ACCUMULATION,54752,68800,0.7958139534883721,32532.45641597113,32532.45641597113,0.5941784120392155,0.5941784120392155,0.06660756473462172,1000,0,0
burst,27,FROZEN_STATE,54974,68800,0.7990406976744187,30608.78851016188,30608.78851016188,0.5567866356852672,0.5567866356852672,0.09999999999999999,1000,0,0
burst,27,FULL_PASI,54974,68800,0.7990406976744187,26174.248851060627,26174.248851060627,0.4761205088052648,0.4761205088052648,0.915460205786829,1000,0,0
burst,27,MOI,54974,68800,0.7990406976744187,31113.034773278916,31125.95545037477,0.5659590856273677,0.5661941181353871,0.9152932711819842,1000,0,0
burst,27,NO_NEGATIVE_FEEDBACK,54974,68800,0.7990406976744187,26067.606342160772,26067.606342160772,0.4741806370677188,0.4741806370677188,0.9383046319647512,1000,0,0
burst,27,NO_POSITIVE_ACCUMULATION,54974,68800,0.7990406976744187,30792.228557433144,30792.228557433144,0.5601234866924936,0.5601234866924936,0.06715948073030101,1000,0,0
burst,28,FROZEN_STATE,54769,68800,0.7960610465116279,30836.371307419926,30836.371307419926,0.563026005722579,0.563026005722579,0.09999999999999999,1000,0,0
burst,28,FULL_PASI,54769,68800,0.7960610465116279,26471.94129880298,26471.94129880298,0.4833380433968665,0.4833380433968665,0.9172858189980498,1000,0,0
burst,28,MOI,54769,68800,0.7960610465116279,31325.496218146298,31341.648017495732,0.5719566948117786,0.572251602503163,0.9180220369298832,1000,0,0
burst,28,NO_NEGATIVE_FEEDBACK,54769,68800,0.7960610465116279,26373.779529515377,26373.779529515377,0.4815457563496755,0.4815457563496755,0.9393208030917174,1000,0,0
burst,28,NO_POSITIVE_ACCUMULATION,54769,68800,0.7960610465116279,31010.72501322389,31010.72501322389,0.5662094435396646,0.5662094435396646,0.06730104204408464,1000,0,0
burst,29,FROZEN_STATE,54679,68800,0.7947529069767442,27170.400824304845,27170.400824304845,0.49690742011201455,0.49690742011201455,0.09999999999999999,1000,0,0
burst,29,FULL_PASI,54679,68800,0.7947529069767442,22752.902615272065,22752.902615272065,0.4161177529814383,0.4161177529814383,0.9189226283016175,1000,0,0
burst,29,MOI,54679,68800,0.7947529069767442,27676.529212762216,27688.505909176827,0.5061637779177054,0.506382814410959,0.9192981077587881,1000,0,0
burst,29,NO_NEGATIVE_FEEDBACK,54679,68800,0.7947529069767442,22654.74889689513,22654.74889689513,0.41432266312286486,0.41432266312286486,0.9404693167920127,1000,0,0
burst,29,NO_POSITIVE_ACCUMULATION,54679,68800,0.7947529069767442,27348.670523900968,27348.670523900968,0.5001677156477069,0.5001677156477069,0.06742125295741432,1000,0,0
burst,30,FROZEN_STATE,54612,68800,0.7937790697674418,31973.182450022487,31973.182450022487,0.585460749469393,0.585460749469393,0.09999999999999998,1000,0,0
burst,30,FULL_PASI,54612,68800,0.7937790697674418,27236.121471889455,27236.121471889455,0.49872045469657683,0.49872045469657683,0.9174852919854923,1000,0,0
burst,30,MOI,54612,68800,0.7937790697674418,32509.906871206644,32523.917359436004,0.5952887070828141,0.5955452530476086,0.9169752466613256,1000,0,0
burst,30,NO_NEGATIVE_FEEDBACK,54612,68800,0.7937790697674418,27138.076162092766,27138.076162092766,0.4969251476249316,0.4969251476249316,0.9394710471403759,1000,0,0
burst,30,NO_POSITIVE_ACCUMULATION,54612,68800,0.7937790697674418,32170.155684344863,32170.155684344863,0.5890675251656204,0.5890675251656204,0.06681923422340029,1000,0,0
dynamic,1,FROZEN_STATE,50114,60000,0.8352333333333334,31315.240583128947,31315.240583128947,0.6248800850686225,0.6248800850686225,0.09999999999999999,1000,0,0
dynamic,1,FULL_PASI,50114,60000,0.8352333333333334,26976.798287774407,26976.798287774407,0.5383086220971067,0.5383086220971067,0.9254306172462304,1000,0,0
dynamic,1,MOI,50114,60000,0.8352333333333334,31800.652029051766,31816.2313726648,0.6345662295775983,0.6348771076478589,0.9257857506755993,1000,0,0
dynamic,1,NO_NEGATIVE_FEEDBACK,50114,60000,0.8352333333333334,26885.47410635172,26885.47410635172,0.5364862933781323,0.5364862933781323,0.9476426147401694,1000,0,0
dynamic,1,NO_POSITIVE_ACCUMULATION,50114,60000,0.8352333333333334,31473.069998475992,31473.069998475992,0.6280294927261043,0.6280294927261043,0.06879583609566596,1000,0,0
dynamic,2,FROZEN_STATE,50119,60000,0.8353166666666667,31940.59583027625,31940.59583027625,0.6372951541386749,0.6372951541386749,0.09999999999999999,1000,0,0
dynamic,2,FULL_PASI,50119,60000,0.8353166666666667,28066.359833976276,28066.359833976276,0.5599944099837642,0.5599944099837642,0.923837683608005,1000,0,0
dynamic,2,MOI,50119,60000,0.8353166666666667,32377.758750197692,32390.21646223799,0.646017652989838,0.6462662156515092,0.9238189700286749,1000,0,0
dynamic,2,NO_NEGATIVE_FEEDBACK,50119,60000,0.8353166666666667,27991.97026005855,27991.97026005855,0.5585101510416918,0.5585101510416918,0.9461144386898592,1000,0,0
dynamic,2,NO_POSITIVE_ACCUMULATION,50119,60000,0.8353166666666667,32077.43117223379,32077.43117223379,0.6400253630805441,0.6400253630805441,0.06928146268667963,1000,0,0
dynamic,3,FROZEN_STATE,50173,60000,0.8362166666666667,29345.548916341264,29345.548916341264,0.5848872683782366,0.5848872683782366,0.09999999999999999,1000,0,0
dynamic,3,FULL_PASI,50173,60000,0.8362166666666667,24515.989675300516,24515.989675300516,0.48862913669305236,0.48862913669305236,0.9287863318221552,1000,0,0
dynamic,3,MOI,50173,60000,0.8362166666666667,29905.840391983933,29919.58053935969,0.5960544594101197,0.5963283148179238,0.9289751541838669,1000,0,0
dynamic,3,NO_NEGATIVE_FEEDBACK,50173,60000,0.8362166666666667,24435.859151934143,24435.859151934143,0.4870320521382844,0.4870320521382844,0.9489912499328897,1000,0,0
dynamic,3,NO_POSITIVE_ACCUMULATION,50173,60000,0.8362166666666667,29502.059991022936,29502.059991022936,0.5880066966500496,0.5880066966500496,0.07140845427776289,1000,0,0
dynamic,4,FROZEN_STATE,49975,60000,0.8329166666666666,30773.512656292394,30773.512656292394,0.6157781421969464,0.6157781421969464,0.09999999999999999,1000,0,0
dynamic,4,FULL_PASI,49975,60000,0.8329166666666666,26002.66357730784,26002.66357730784,0.5203134282602869,0.5203134282602869,0.9265395733584384,1000,0,0
dynamic,4,MOI,49975,60000,0.8329166666666666,31321.75494980405,31338.092698370634,0.6267484732326973,0.6270753916632443,0.9268579352159799,1000,0,0
dynamic,4,NO_NEGATIVE_FEEDBACK,49975,60000,0.8329166666666666,25912.470612407786,25912.470612407786,0.5185086665814465,0.5185086665814465,0.9478067640888908,1000,0,0
dynamic,4,NO_POSITIVE_ACCUMULATION,49975,60000,0.8329166666666666,30940.22629365538,30940.22629365538,0.6191140829145649,0.6191140829145649,0.0695388523329691,1000,0,0
dynamic,5,FROZEN_STATE,50237,60000,0.8372833333333334,27092.3464924589,27092.3464924589,0.5392906919692437,0.5392906919692437,0.09999999999999998,1000,0,0
dynamic,5,FULL_PASI,50237,60000,0.8372833333333334,22960.50806050567,22960.50806050567,0.4570437737226679,0.4570437737226679,0.9272212262388703,1000,0,0
dynamic,5,MOI,50237,60000,0.8372833333333334,27562.953819198618,27574.66064526487,0.5486584354001756,0.5488914673500581,0.9274272098218669,1000,0,0
dynamic,5,NO_NEGATIVE_FEEDBACK,50237,60000,0.8372833333333334,22878.926468690464,22878.926468690464,0.4554198393353597,0.4554198393353597,0.9474883334194878,1000,0,0
dynamic,5,NO_POSITIVE_ACCUMULATION,50237,60000,0.8372833333333334,27245.19700397509,27245.19700397509,0.5423332803307341,0.5423332803307341,0.07000111939839342,1000,0,0
dynamic,6,FROZEN_STATE,49931,60000,0.8321833333333334,30384.636496384806,30384.636496384806,0.6085325047842984,0.6085325047842984,0.09999999999999999,1000,0,0
dynamic,6,FULL_PASI,49931,60000,0.8321833333333334,26060.94589469253,26060.94589469253,0.5219391939815451,0.5219391939815451,0.9260944995200338,1000,0,0
dynamic,6,MOI,49931,60000,0.8321833333333334,30871.67832249624,30886.61633187857,0.6182868022370118,0.6185859752834626,0.9265955846105669,1000,0,0
dynamic,6,NO_NEGATIVE_FEEDBACK,49931,60000,0.8321833333333334,25973.358447369086,25973.358447369086,0.5201850242808893,0.5201850242808893,0.9480345601240042,1000,0,0
dynamic,6,NO_POSITIVE_ACCUMULATION,49931,60000,0.8321833333333334,30540.391734085053,30540.391734085053,0.6116519143234674,0.6116519143234674,0.0690908173959911,1000,0,0
dynamic,7,FROZEN_STATE,50074,60000,0.8345666666666667,30515.40987097553,30515.40987097553,0.609406276130837,0.609406276130837,0.10000000000000002,1000,0,0
dynamic,7,FULL_PASI,50074,60000,0.8345666666666667,26366.384616964162,26366.384616964162,0.526548400706238,0.526548400706238,0.9261645971608811,1000,0,0
dynamic,7,MOI,50074,60000,0.8345666666666667,30994.130607788433,31010.481673748396,0.618966541674091,0.6192930797169868,0.9265419696787598,1000,0,0
dynamic,7,NO_NEGATIVE_FEEDBACK,50074,60000,0.8345666666666667,26285.673740182243,26285.673740182243,0.5249365686819955,0.5249365686819955,0.9475808147822145,1000,0,0
dynamic,7,NO_POSITIVE_ACCUMULATION,50074,60000,0.8345666666666667,30665.869761591624,30665.869761591624,0.6124110269120028,0.6124110269120028,0.07019251752408022,1000,0,0
dynamic,8,FROZEN_STATE,50153,60000,0.8358833333333333,29964.878837849796,29964.878837849796,0.5974693206358502,0.5974693206358502,0.10000000000000002,1000,0,0
dynamic,8,FULL_PASI,50153,60000,0.8358833333333333,26106.735974448442,26106.735974448442,0.520541861393106,0.520541861393106,0.9284094559577466,1000,0,0
dynamic,8,MOI,50153,60000,0.8358833333333333,30402.752920922816,30415.48581241678,0.6062000861548226,0.6064539671089821,0.9285911249456748,1000,0,0
dynamic,8,NO_NEGATIVE_FEEDBACK,50153,60000,0.8358833333333333,26033.941859153252,26033.941859153252,0.5190904204963462,0.5190904204963462,0.9490981454473558,1000,0,0
dynamic,8,NO_POSITIVE_ACCUMULATION,50153,60000,0.8358833333333333,30102.65757901921,30102.65757901921,0.6002164891236658,0.6002164891236658,0.06979622726218408,1000,0,0
dynamic,9,FROZEN_STATE,50174,60000,0.8362333333333334,29059.37781332957,29059.37781332957,0.5791720375758276,0.5791720375758276,0.10000000000000002,1000,0,0
dynamic,9,FULL_PASI,50174,60000,0.8362333333333334,25083.579663015364,25083.579663015364,0.49993183049020135,0.49993183049020135,0.928890590762914,1000,0,0
dynamic,9,MOI,50174,60000,0.8362333333333334,29511.35234271257,29523.916364005003,0.5881801798284484,0.5884305888309683,0.9290852530724653,1000,0,0
dynamic,9,NO_NEGATIVE_FEEDBACK,50174,60000,0.8362333333333334,25016.20938893439,25016.20938893439,0.498589097718627,0.498589097718627,0.9500103816286609,1000,0,0
dynamic,9,NO_POSITIVE_ACCUMULATION,50174,60000,0.8362333333333334,29190.969133634775,29190.969133634775,0.5817947369879773,0.5817947369879773,0.07033792767754453,1000,0,0
dynamic,10,FROZEN_STATE,50027,60000,0.8337833333333333,30076.37470415043,30076.37470415043,0.6012028445469532,0.6012028445469532,0.09999999999999999,1000,0,0
dynamic,10,FULL_PASI,50027,60000,0.8337833333333333,26008.724738399782,26008.724738399782,0.5198937521418391,0.5198937521418391,0.9251763042744297,1000,0,0
dynamic,10,MOI,50027,60000,0.8337833333333333,30543.423854303936,30559.315872756488,0.6105387861415623,0.6108564549694463,0.9252180645847942,1000,0,0
dynamic,10,NO_NEGATIVE_FEEDBACK,50027,60000,0.8337833333333333,25933.30989805982,25933.30989805982,0.5183862693757335,0.5183862693757335,0.9469424562974401,1000,0,0
dynamic,10,NO_POSITIVE_ACCUMULATION,50027,60000,0.8337833333333333,30221.062472050315,30221.062472050315,0.6040950381204213,0.6040950381204213,0.06962218487019757,1000,0,0
dynamic,11,FROZEN_STATE,50015,60000,0.8335833333333333,29308.991073696357,29308.991073696357,0.5860040202678468,0.5860040202678468,0.10000000000000002,1000,0,0
dynamic,11,FULL_PASI,50015,60000,0.8335833333333333,25160.780624491417,25160.780624491417,0.5030646930819038,0.5030646930819038,0.9255261486156413,1000,0,0
dynamic,11,MOI,50015,60000,0.8335833333333333,29782.321359176898,29795.632761462257,0.5954677868474837,0.5957339350487305,0.925835231007423,1000,0,0
dynamic,11,NO_NEGATIVE_FEEDBACK,50015,60000,0.8335833333333333,25088.602811379624,25088.602811379624,0.5016215697566655,0.5016215697566655,0.9466713693727681,1000,0,0
dynamic,11,NO_POSITIVE_ACCUMULATION,50015,60000,0.8335833333333333,29449.414520694627,29449.414520694627,0.5888116469198166,0.5888116469198166,0.07060125296407259,1000,0,0
dynamic,12,FROZEN_STATE,50221,60000,0.8370166666666666,28547.6363975228,28547.6363975228,0.5684402221684713,0.5684402221684713,0.09999999999999999,1000,0,0
dynamic,12,FULL_PASI,50221,60000,0.8370166666666666,24295.5009499699,24295.5009499699,0.48377174787379584,0.48377174787379584,0.9253357501358961,1000,0,0
dynamic,12,MOI,50221,60000,0.8370166666666666,29044.13258089082,29061.667780251577,0.5783264487144983,0.578675609411433,0.925470608742286,1000,0,0
dynamic,12,NO_NEGATIVE_FEEDBACK,50221,60000,0.8370166666666666,24216.88296683674,24216.88296683674,0.48220630745777143,0.48220630745777143,0.9472669095476055,1000,0,0
dynamic,12,NO_POSITIVE_ACCUMULATION,50221,60000,0.8370166666666666,28698.582409866176,28698.582409866176,0.5714458575071419,0.5714458575071419,0.06957638146200466,1000,0,0
dynamic,13,FROZEN_STATE,50141,60000,0.8356833333333333,29831.13423815958,29831.13423815958,0.5949449400323005,0.5949449400323005,0.09999999999999999,1000,0,0
dynamic,13,FULL_PASI,50141,60000,0.8356833333333333,25750.820663994098,25750.820663994098,0.5135681510937975,0.5135681510937975,0.9267846817675666,1000,0,0
dynamic,13,MOI,50141,60000,0.8356833333333333,30294.539869384258,30308.268757651076,0.6041869900756718,0.6044607957091218,0.927406444251031,1000,0,0
dynamic,13,NO_NEGATIVE_FEEDBACK,50141,60000,0.8356833333333333,25678.50499296206,25678.50499296206,0.5121259048076836,0.5121259048076836,0.9473520238131835,1000,0,0
dynamic,13,NO_POSITIVE_ACCUMULATION,50141,60000,0.8356833333333333,29967.5107305357,29967.5107305357,0.5976647998750664,0.5976647998750664,0.07114924141017405,1000,0,0
dynamic,14,FROZEN_STATE,50031,60000,0.83385,31501.90798008493,31501.90798008493,0.6296477779793513,0.6296477779793513,0.10000000000000002,1000,0,0
dynamic,14,FULL_PASI,50031,60000,0.83385,27914.32331235811,27914.32331235811,0.5579405431104337,0.5579405431104337,0.9290614297346944,1000,0,0
dynamic,14,MOI,50031,60000,0.83385,31901.987371246487,31920.147409468143,0.6376444078920367,0.6380073836115238,0.9288119513407797,1000,0,0
dynamic,14,NO_NEGATIVE_FEEDBACK,50031,60000,0.83385,27845.990780909495,27845.990780909495,0.5565747392798364,0.5565747392798364,0.950328019182585,1000,0,0
dynamic,14,NO_POSITIVE_ACCUMULATION,50031,60000,0.83385,31635.601554304445,31635.601554304445,0.6323199926906207,0.6323199926906207,0.0684722553888351,1000,0,0
dynamic,15,FROZEN_STATE,50077,60000,0.8346166666666667,29146.769912495984,29146.769912495984,0.582039058100445,0.582039058100445,0.10000000000000002,1000,0,0
dynamic,15,FULL_PASI,50077,60000,0.8346166666666667,25481.775024090628,25481.775024090628,0.5088518686041622,0.5088518686041622,0.9268885997115865,1000,0,0
dynamic,15,MOI,50077,60000,0.8346166666666667,29561.55194167888,29575.9271199058,0.590321943041294,0.5906090045311381,0.927460998629884,1000,0,0
dynamic,15,NO_NEGATIVE_FEEDBACK,50077,60000,0.8346166666666667,25407.256537168265,25407.256537168265,0.5073637905059861,0.5073637905059861,0.948814756376537,1000,0,0
dynamic,15,NO_POSITIVE_ACCUMULATION,50077,60000,0.8346166666666667,29279.917151851732,29279.917151851732,0.5846979082583168,0.5846979082583168,0.06901659706434483,1000,0,0
dynamic,16,FROZEN_STATE,50122,60000,0.8353666666666667,27566.02534085552,27566.02534085552,0.5499785591328263,0.5499785591328263,0.09999999999999999,1000,0,0
dynamic,16,FULL_PASI,50122,60000,0.8353666666666667,23638.348205578848,23638.348205578848,0.4716162205334753,0.4716162205334753,0.9330220828721044,1000,0,0
dynamic,16,MOI,50122,60000,0.8353666666666667,28008.736866343155,28021.31131327908,0.5588112379063715,0.5590621147056997,0.9331340365617944,1000,0,0
dynamic,16,NO_NEGATIVE_FEEDBACK,50122,60000,0.8353666666666667,23564.028187161814,23564.028187161814,0.47013343815414016,0.47013343815414016,0.9523906989047783,1000,0,0
dynamic,16,NO_POSITIVE_ACCUMULATION,50122,60000,0.8353666666666667,27703.988688184843,27703.988688184843,0.5527311098556491,0.5527311098556491,0.070233724663028,1000,0,0
dynamic,17,FROZEN_STATE,49995,60000,0.83325,30577.679868647276,30577.679868647276,0.6116147588488304,0.6116147588488304,0.10000000000000002,1000,0,0
dynamic,17,FULL_PASI,49995,60000,0.83325,26498.13299812735,26498.13299812735,0.5300156615286998,0.5300156615286998,0.925958835113609,1000,0,0
dynamic,17,MOI,49995,60000,0.83325,31044.27066801059,31059.622051727314,0.620947508111023,0.6212545664911954,0.9262296245608037,1000,0,0
dynamic,17,NO_NEGATIVE_FEEDBACK,49995,60000,0.83325,26421.492238467195,26421.492238467195,0.5284826930386478,0.5284826930386478,0.9471620310658921,1000,0,0
dynamic,17,NO_POSITIVE_ACCUMULATION,49995,60000,0.83325,30727.22274806912,30727.22274806912,0.6146059155529378,0.6146059155529378,0.06956711553899622,1000,0,0
dynamic,18,FROZEN_STATE,50091,60000,0.83485,31397.894967319386,31397.894967319386,0.6268170922385136,0.6268170922385136,0.10000000000000002,1000,0,0
dynamic,18,FULL_PASI,50091,60000,0.83485,27519.19020532124,27519.19020532124,0.5493839253622654,0.5493839253622654,0.9275546298338998,1000,0,0
dynamic,18,MOI,50091,60000,0.83485,31840.967968470042,31856.511278897706,0.6356624537036601,0.6359727551635564,0.9275382437906314,1000,0,0
dynamic,18,NO_NEGATIVE_FEEDBACK,50091,60000,0.83485,27451.793635530456,27451.793635530456,0.5480384427448135,0.5480384427448135,0.9479207861552702,1000,0,0
dynamic,18,NO_POSITIVE_ACCUMULATION,50091,60000,0.83485,31528.039032674318,31528.039032674318,0.6294152449077542,0.6294152449077542,0.07110410254786696,1000,0,0
dynamic,19,FROZEN_STATE,50008,60000,0.8334666666666667,28860.960509049783,28860.960509049783,0.5771268698818146,0.5771268698818146,0.09999999999999999,1000,0,0
dynamic,19,FULL_PASI,50008,60000,0.8334666666666667,24905.223063672947,24905.223063672947,0.4980247773090895,0.4980247773090895,0.9291565626577426,1000,0,0
dynamic,19,MOI,50008,60000,0.8334666666666667,29302.118447627094,29312.816267188133,0.5859486171737941,0.5861625393374686,0.929229153636463,1000,0,0
dynamic,19,NO_NEGATIVE_FEEDBACK,50008,60000,0.8334666666666667,24830.098753456485,24830.098753456485,0.4965225314640954,0.4965225314640954,0.9497639204759354,1000,0,0
dynamic,19,NO_POSITIVE_ACCUMULATION,50008,60000,0.8334666666666667,28999.33340128817,28999.33340128817,0.5798938850041627,0.5798938850041627,0.06962278262536654,1000,0,0
dynamic,20,FROZEN_STATE,50103,60000,0.83505,27988.24752151946,27988.24752151946,0.5586142051677436,0.5586142051677436,0.10000000000000002,1000,0,0
dynamic,20,FULL_PASI,50103,60000,0.83505,24085.415312495163,24085.415312495163,0.4807180271140483,0.4807180271140483,0.9275084474247711,1000,0,0
dynamic,20,MOI,50103,60000,0.83505,28429.94024317088,28442.104899015325,0.5674298992709195,0.5676726922343038,0.9274241606568876,1000,0,0
dynamic,20,NO_NEGATIVE_FEEDBACK,50103,60000,0.83505,24015.032340699352,24015.032340699352,0.47931326149530673,0.47931326149530673,0.9479236338057947,1000,0,0
dynamic,20,NO_POSITIVE_ACCUMULATION,50103,60000,0.83505,28128.581864032578,28128.581864032578,0.5614151221290656,0.5614151221290656,0.06972979193367518,1000,0,0
dynamic,21,FROZEN_STATE,49964,60000,0.8327333333333333,30781.005297697524,30781.005297697524,0.6160636717976448,0.6160636717976448,0.09999999999999999,1000,0,0
dynamic,21,FULL_PASI,49964,60000,0.8327333333333333,26534.549005895875,26534.549005895875,0.5310733529320285,0.5310733529320285,0.9293764109486187,1000,0,0
dynamic,21,MOI,49964,60000,0.8327333333333333,31267.189568863367,31281.595672266383,0.625794363318857,0.6260826929842763,0.9293177639395737,1000,0,0
dynamic,21,NO_NEGATIVE_FEEDBACK,49964,60000,0.8327333333333333,26463.718274264593,26463.718274264593,0.5296557176019653,0.5296557176019653,0.9492350335791655,1000,0,0
dynamic,21,NO_POSITIVE_ACCUMULATION,49964,60000,0.8327333333333333,30930.05278266494,30930.05278266494,0.6190467693272145,0.6190467693272145,0.06968223709461209,1000,0,0
dynamic,22,FROZEN_STATE,49996,60000,0.8332666666666667,29887.486249034308,29887.486249034308,0.5977975487845889,0.5977975487845889,0.09999999999999999,1000,0,0
dynamic,22,FULL_PASI,49996,60000,0.8332666666666667,26164.746217225213,26164.746217225213,0.5233367912878073,0.5233367912878073,0.9256639800512522,1000,0,0
dynamic,22,MOI,49996,60000,0.8332666666666667,30313.243586743753,30327.32639447393,0.6063133768050194,0.6065950554939181,0.9261268029990686,1000,0,0
dynamic,22,NO_NEGATIVE_FEEDBACK,49996,60000,0.8332666666666667,26082.761667863448,26082.761667863448,0.5216969691147981,0.5216969691147981,0.9468185244068712,1000,0,0
dynamic,22,NO_POSITIVE_ACCUMULATION,49996,60000,0.8332666666666667,30019.394282305722,30019.394282305722,0.600435920519756,0.600435920519756,0.0711190396409033,1000,0,0
dynamic,23,FROZEN_STATE,50254,60000,0.8375666666666667,31393.14766805822,31393.14766805822,0.6246895305459907,0.6246895305459907,0.09999999999999999,1000,0,0
dynamic,23,FULL_PASI,50254,60000,0.8375666666666667,27394.251842574253,27394.251842574253,0.5451158483419082,0.5451158483419082,0.928524595794927,1000,0,0
dynamic,23,MOI,50254,60000,0.8375666666666667,31848.36588887591,31865.324343931556,0.6337478785544615,0.6340853333850351,0.9288860713880819,1000,0,0
dynamic,23,NO_NEGATIVE_FEEDBACK,50254,60000,0.8375666666666667,27320.03777125652,27320.03777125652,0.5436390689548398,0.5436390689548398,0.9494886699004083,1000,0,0
dynamic,23,NO_POSITIVE_ACCUMULATION,50254,60000,0.8375666666666667,31538.54776282668,31538.54776282668,0.6275828344574896,0.6275828344574896,0.0695795557791823,1000,0,0
dynamic,24,FROZEN_STATE,50042,60000,0.8340333333333333,29629.20410106348,29629.20410106348,0.5920867291687678,0.5920867291687678,0.09999999999999999,1000,0,0
dynamic,24,FULL_PASI,50042,60000,0.8340333333333333,25303.879815416076,25303.879815416076,0.505652847916072,0.505652847916072,0.9308666131253435,1000,0,0
dynamic,24,MOI,50042,60000,0.8340333333333333,30123.3448061508,30139.425411000557,0.6019612486741297,0.6022825908437024,0.9314871999958382,1000,0,0
dynamic,24,NO_NEGATIVE_FEEDBACK,50042,60000,0.8340333333333333,25234.513422252512,25234.513422252512,0.5042666844301289,0.5042666844301289,0.9493826212013836,1000,0,0
dynamic,24,NO_POSITIVE_ACCUMULATION,50042,60000,0.8340333333333333,29767.84071121139,29767.84071121139,0.5948571342314734,0.5948571342314734,0.07190003378725117,1000,0,0
dynamic,25,FROZEN_STATE,49952,60000,0.8325333333333333,30174.896436966865,30174.896436966865,0.6040778434690676,0.6040778434690676,0.09999999999999999,1000,0,0
dynamic,25,FULL_PASI,49952,60000,0.8325333333333333,25679.102171940212,25679.102171940212,0.5140755559725378,0.5140755559725378,0.9311058678958419,1000,0,0
dynamic,25,MOI,49952,60000,0.8325333333333333,30690.265716814254,30706.373913726835,0.6143951336646031,0.6147176071774271,0.93143696944783,1000,0,0
dynamic,25,NO_NEGATIVE_FEEDBACK,49952,60000,0.8325333333333333,25607.951049752613,25607.951049752613,0.5126511661145222,0.5126511661145222,0.9498250009878609,1000,0,0
dynamic,25,NO_POSITIVE_ACCUMULATION,49952,60000,0.8325333333333333,30323.823992368998,30323.823992368998,0.6070592567338444,0.6070592567338444,0.07098403820394916,1000,0,0
dynamic,26,FROZEN_STATE,50019,60000,0.83365,31986.71763768432,31986.71763768432,0.6394913460421904,0.6394913460421904,0.09999999999999999,1000,0,0
dynamic,26,FULL_PASI,50019,60000,0.83365,27616.468310481956,27616.468310481956,0.552119560776544,0.552119560776544,0.9251982525263323,1000,0,0
dynamic,26,MOI,50019,60000,0.83365,32488.287555855008,32503.714410400178,0.6495189339222097,0.6498273538135544,0.925111601567583,1000,0,0
dynamic,26,NO_NEGATIVE_FEEDBACK,50019,60000,0.83365,27529.835096486808,27529.835096486808,0.5503875546589657,0.5503875546589657,0.9468512534629903,1000,0,0
dynamic,26,NO_POSITIVE_ACCUMULATION,50019,60000,0.83365,32154.179373853585,32154.179373853585,0.6428393085398266,0.6428393085398266,0.06824425496955976,1000,0,0
dynamic,27,FROZEN_STATE,50042,60000,0.8340333333333333,30652.31635660252,30652.31635660252,0.6125318004196979,0.6125318004196979,0.09999999999999999,1000,0,0
dynamic,27,FULL_PASI,50042,60000,0.8340333333333333,26516.86734037689,26516.86734037689,0.5298922373281821,0.5298922373281821,0.9251280672874943,1000,0,0
dynamic,27,MOI,50042,60000,0.8340333333333333,31125.932559096807,31138.752211899082,0.621996174395444,0.6222523522620815,0.9254274159716939,1000,0,0
dynamic,27,NO_NEGATIVE_FEEDBACK,50042,60000,0.8340333333333333,26427.999409201482,26427.999409201482,0.5281163704328661,0.5281163704328661,0.9470335712635832,1000,0,0
dynamic,27,NO_POSITIVE_ACCUMULATION,50042,60000,0.8340333333333333,30807.656458354308,30807.656458354308,0.6156359949313438,0.6156359949313438,0.06895237201494948,1000,0,0
dynamic,28,FROZEN_STATE,50036,60000,0.8339333333333333,30541.49730222339,30541.49730222339,0.6103904649097328,0.6103904649097328,0.09999999999999999,1000,0,0
dynamic,28,FULL_PASI,50036,60000,0.8339333333333333,26564.658334138025,26564.658334138025,0.5309109108269651,0.5309109108269651,0.928540135987901,1000,0,0
dynamic,28,MOI,50036,60000,0.8339333333333333,30995.05338505667,31011.1981165616,0.6194550600578917,0.6197777223711248,0.9287968903952359,1000,0,0
dynamic,28,NO_NEGATIVE_FEEDBACK,50036,60000,0.8339333333333333,26489.10081838868,26489.10081838868,0.5294008477573883,0.5294008477573883,0.9495053527393559,1000,0,0
dynamic,28,NO_POSITIVE_ACCUMULATION,50036,60000,0.8339333333333333,30682.939787939064,30682.939787939064,0.6132172793176726,0.6132172793176726,0.0692644799069188,1000,0,0
dynamic,29,FROZEN_STATE,50147,60000,0.8357833333333333,27576.222488072282,27576.222488072282,0.5499077210615247,0.5499077210615247,0.10000000000000002,1000,0,0
dynamic,29,FULL_PASI,50147,60000,0.8357833333333333,23355.549921125013,23355.549921125013,0.4657417177722499,0.4657417177722499,0.9279827455449231,1000,0,0
dynamic,29,MOI,50147,60000,0.8357833333333333,28056.405913427945,28068.710418460723,0.5594832375501614,0.5597286062667901,0.9281935483889607,1000,0,0
dynamic,29,NO_NEGATIVE_FEEDBACK,50147,60000,0.8357833333333333,23267.905329250567,23267.905329250567,0.4639939643298815,0.4639939643298815,0.9489845043114546,1000,0,0
dynamic,29,NO_POSITIVE_ACCUMULATION,50147,60000,0.8357833333333333,27727.587902951494,27727.587902951494,0.5529261551628512,0.5529261551628512,0.0696186873662958,1000,0,0
dynamic,30,FROZEN_STATE,50136,60000,0.8356,32022.823471727184,32022.823471727184,0.6387191533374658,0.6387191533374658,0.09999999999999999,1000,0,0
dynamic,30,FULL_PASI,50136,60000,0.8356,27725.5243481504,27725.5243481504,0.553006309800351,0.553006309800351,0.9283921056835308,1000,0,0
dynamic,30,MOI,50136,60000,0.8356,32509.91211472791,32522.740237741284,0.6484345004533252,0.6486903669567035,0.9284735029191117,1000,0,0
dynamic,30,NO_NEGATIVE_FEEDBACK,50136,60000,0.8356,27644.459112204917,27644.459112204917,0.5513894030677541,0.5513894030677541,0.9493111766050951,1000,0,0
dynamic,30,NO_POSITIVE_ACCUMULATION,50136,60000,0.8356,32176.77345776699,32176.77345776699,0.6417898008969003,0.6417898008969003,0.06945506501565533,1000,0,0
stationary,1,FROZEN_STATE,67728,80000,0.8466,45887.94300528642,45887.94300528642,0.6775328225443896,0.6775328225443896,0.10000000000000002,1000,0,0
stationary,1,FULL_PASI,67728,80000,0.8466,39750.42546626266,39750.42546626266,0.5869127313114615,0.5869127313114615,0.9255062900731209,1000,0,0
stationary,1,MOI,67728,80000,0.8466,46571.918045674036,46594.42336061482,0.6876316744282134,0.6879639641007386,0.9252287656055568,1000,0,0
stationary,1,NO_NEGATIVE_FEEDBACK,67728,80000,0.8466,39622.46242803123,39622.46242803123,0.5850233644582924,0.5850233644582924,0.9478330949510907,1000,0,0
stationary,1,NO_POSITIVE_ACCUMULATION,67728,80000,0.8466,46150.85889061114,46150.85889061114,0.6814147603740128,0.6814147603740128,0.06414855568086994,1000,0,0
stationary,2,FROZEN_STATE,67619,80000,0.8452375,46105.38371194756,46105.38371194756,0.6818406618250427,0.6818406618250427,0.09999999999999999,1000,0,0
stationary,2,FULL_PASI,67619,80000,0.8452375,40787.69595748618,40787.69595748618,0.6031987452858839,0.6031987452858839,0.9244171850568487,1000,0,0
stationary,2,MOI,67619,80000,0.8452375,46711.29517106885,46729.829725365256,0.6908013305589975,0.691075433315566,0.9250115605492354,1000,0,0
stationary,2,NO_NEGATIVE_FEEDBACK,67619,80000,0.8452375,40695.77593872377,40695.77593872377,0.6018393637694105,0.6018393637694105,0.9469908078424134,1000,0,0
stationary,2,NO_POSITIVE_ACCUMULATION,67619,80000,0.8452375,46319.29916576205,46319.29916576205,0.6850042024543701,0.6850042024543701,0.06538341694855489,1000,0,0
stationary,3,FROZEN_STATE,67725,80000,0.8465625,42502.04371448632,42502.04371448632,0.6275680135029357,0.6275680135029357,0.09999999999999999,1000,0,0
stationary,3,FULL_PASI,67725,80000,0.8465625,35788.74451399835,35788.74451399835,0.5284421486009353,0.5284421486009353,0.9267453180134778,1000,0,0
stationary,3,MOI,67725,80000,0.8465625,43276.67006121504,43296.5719651591,0.6390058333143601,0.639299696790832,0.9265042508456172,1000,0,0
stationary,3,NO_NEGATIVE_FEEDBACK,67725,80000,0.8465625,35682.300813595924,35682.300813595924,0.5268704439069166,0.5268704439069166,0.9475774918106837,1000,0,0
stationary,3,NO_POSITIVE_ACCUMULATION,67725,80000,0.8465625,42754.376682955146,42754.376682955146,0.6312938602134388,0.6312938602134388,0.06672069289625428,1000,0,0
stationary,4,FROZEN_STATE,67643,80000,0.8455375,45126.53726960969,45126.53726960969,0.6671279699245996,0.6671279699245996,0.09999999999999999,1000,0,0
stationary,4,FULL_PASI,67643,80000,0.8455375,38369.384778565465,38369.384778565465,0.5672336350925515,0.5672336350925515,0.9264674589326006,1000,0,0
stationary,4,MOI,67643,80000,0.8455375,45899.17547881739,45924.23717359884,0.6785502635722453,0.6789207630294168,0.9275017033149157,1000,0,0
stationary,4,NO_NEGATIVE_FEEDBACK,67643,80000,0.8455375,38242.59979943234,38242.59979943234,0.5653593098980285,0.5653593098980285,0.947991931167723,1000,0,0
stationary,4,NO_POSITIVE_ACCUMULATION,67643,80000,0.8455375,45391.58731170193,45391.58731170193,0.6710463360835849,0.6710463360835849,0.06562624509902147,1000,0,0
stationary,5,FROZEN_STATE,67587,80000,0.8448375,39099.71614947458,39099.71614947458,0.5785094197031172,0.5785094197031172,0.09999999999999999,1000,0,0
stationary,5,FULL_PASI,67587,80000,0.8448375,33285.117651491106,33285.117651491106,0.4924781045392029,0.4924781045392029,0.9274933086311966,1000,0,0
stationary,5,MOI,67587,80000,0.8448375,39763.436889277145,39781.47207334301,0.5883296623504097,0.588596506330256,0.9279251747224483,1000,0,0
stationary,5,NO_NEGATIVE_FEEDBACK,67587,80000,0.8448375,33175.059630088814,33175.059630088814,0.4908497141475256,0.4908497141475256,0.948421389458955,1000,0,0
stationary,5,NO_POSITIVE_ACCUMULATION,67587,80000,0.8448375,39342.94661488118,39342.94661488118,0.5821081955831917,0.5821081955831917,0.06585510618827725,1000,0,0
stationary,6,FROZEN_STATE,67779,80000,0.8472375,44805.25365006286,44805.25365006286,0.6610491988678332,0.6610491988678332,0.09999999999999999,1000,0,0
stationary,6,FULL_PASI,67779,80000,0.8472375,38706.3272555913,38706.3272555913,0.5710666615853185,0.5710666615853185,0.9257327820336366,1000,0,0
stationary,6,MOI,67779,80000,0.8472375,45489.39169183161,45510.726267066304,0.671142856811573,0.6714576235569469,0.9268636849280663,1000,0,0
stationary,6,NO_NEGATIVE_FEEDBACK,67779,80000,0.8472375,38581.57438484505,38581.57438484505,0.569226078650394,0.569226078650394,0.9486212796282002,1000,0,0
stationary,6,NO_POSITIVE_ACCUMULATION,67779,80000,0.8472375,45057.86840250925,45057.86840250925,0.6647762345639394,0.6647762345639394,0.0650395831637788,1000,0,0
stationary,7,FROZEN_STATE,67582,80000,0.844775,44422.423648492804,44422.423648492804,0.6573114682680714,0.6573114682680714,0.09999999999999999,1000,0,0
stationary,7,FULL_PASI,67582,80000,0.844775,38611.152010426566,38611.152010426566,0.5713230151582753,0.5713230151582753,0.9270301446233057,1000,0,0
stationary,7,MOI,67582,80000,0.844775,45093.935396354704,45117.29930262783,0.6672477197531104,0.667593431721876,0.9270031278321759,1000,0,0
stationary,7,NO_NEGATIVE_FEEDBACK,67582,80000,0.844775,38512.570845481474,38512.570845481474,0.5698643254932004,0.5698643254932004,0.9480291807786134,1000,0,0
stationary,7,NO_POSITIVE_ACCUMULATION,67582,80000,0.844775,44664.854383875056,44664.854383875056,0.6608986769239599,0.6608986769239599,0.06577941876743089,1000,0,0
stationary,8,FROZEN_STATE,67732,80000,0.84665,42994.734676069376,42994.734676069376,0.6347772792191191,0.6347772792191191,0.09999999999999999,1000,0,0
stationary,8,FULL_PASI,67732,80000,0.84665,37455.34890120008,37455.34890120008,0.55299339900195,0.55299339900195,0.9283176515301532,1000,0,0
stationary,8,MOI,67732,80000,0.84665,43622.483422020654,43641.6806343632,0.6440454057464811,0.6443288347363609,0.9288024419498218,1000,0,0
stationary,8,NO_NEGATIVE_FEEDBACK,67732,80000,0.84665,37353.220244720476,37353.220244720476,0.5514855643524549,0.5514855643524549,0.949534508179982,1000,0,0
stationary,8,NO_POSITIVE_ACCUMULATION,67732,80000,0.84665,43221.66019780557,43221.66019780557,0.6381276235428686,0.6381276235428686,0.06565682008195177,1000,0,0
stationary,9,FROZEN_STATE,67736,80000,0.8467,41756.3771979904,41756.3771979904,0.6164576768334474,0.6164576768334474,0.09999999999999999,1000,0,0
stationary,9,FULL_PASI,67736,80000,0.8467,36296.15937424566,36296.15937424566,0.5358473983442432,0.5358473983442432,0.9301926327201159,1000,0,0
stationary,9,MOI,67736,80000,0.8467,42378.426447993406,42396.62960294771,0.62564111326316,0.6259098500494229,0.9299335274847146,1000,0,0
stationary,9,NO_NEGATIVE_FEEDBACK,67736,80000,0.8467,36210.40451312155,36210.40451312155,0.5345813823243408,0.5345813823243408,0.9512126492444951,1000,0,0
stationary,9,NO_POSITIVE_ACCUMULATION,67736,80000,0.8467,41961.072519584224,41961.072519584224,0.6194796344570719,0.6194796344570719,0.06584133523226998,1000,0,0
stationary,10,FROZEN_STATE,67532,80000,0.84415,44176.630685854514,44176.630685854514,0.6541584831761907,0.6541584831761907,0.09999999999999999,1000,0,0
stationary,10,FULL_PASI,67532,80000,0.84415,38582.36976652106,38582.36976652106,0.5713198152952831,0.5713198152952831,0.9246982148913769,1000,0,0
stationary,10,MOI,67532,80000,0.84415,44823.367058217635,44846.45594077291,0.6637352226828412,0.6640771181184166,0.9250786339310659,1000,0,0
stationary,10,NO_NEGATIVE_FEEDBACK,67532,80000,0.84415,38488.71413095269,38488.71413095269,0.5699329818597508,0.5699329818597508,0.947594937066373,1000,0,0
stationary,10,NO_POSITIVE_ACCUMULATION,67532,80000,0.84415,44401.332479304736,44401.332479304736,0.6574858212300055,0.6574858212300055,0.06482622493710577,1000,0,0
stationary,11,FROZEN_STATE,67551,80000,0.8443875,42395.69181358418,42395.69181358418,0.6276101288446385,0.6276101288446385,0.09999999999999999,1000,0,0
stationary,11,FULL_PASI,67551,80000,0.8443875,36753.53684646427,36753.53684646427,0.5440857551548351,0.5440857551548351,0.9260533625770516,1000,0,0
stationary,11,MOI,67551,80000,0.8443875,43035.75867537546,43055.31653363093,0.6370854417458729,0.6373749690401465,0.9259290050985548,1000,0,0
stationary,11,NO_NEGATIVE_FEEDBACK,67551,80000,0.8443875,36668.940379067135,36668.940379067135,0.542833420364867,0.542833420364867,0.9474251420795387,1000,0,0
stationary,11,NO_POSITIVE_ACCUMULATION,67551,80000,0.8443875,42605.836000833675,42605.836000833675,0.6307210256078174,0.6307210256078174,0.06624153321272801,1000,0,0
stationary,12,FROZEN_STATE,67728,80000,0.8466,41018.54099014996,41018.54099014996,0.6056363836249403,0.6056363836249403,0.10000000000000002,1000,0,0
stationary,12,FULL_PASI,67728,80000,0.8466,35169.06109343447,35169.06109343447,0.519269151509486,0.519269151509486,0.9248417283687461,1000,0,0
stationary,12,MOI,67728,80000,0.8466,41699.44895923047,41725.048705234396,0.6156899503784323,0.6160679291465037,0.9258865061118415,1000,0,0
stationary,12,NO_NEGATIVE_FEEDBACK,67728,80000,0.8466,35068.60355811796,35068.60355811796,0.5177859018148766,0.5177859018148766,0.9475073724338201,1000,0,0
stationary,12,NO_POSITIVE_ACCUMULATION,67728,80000,0.8466,41251.18935953152,41251.18935953152,0.6090714233335034,0.6090714233335034,0.06544345824836591,1000,0,0
stationary,13,FROZEN_STATE,67765,80000,0.8470625,43442.78267709553,43442.78267709553,0.6410799480129201,0.6410799480129201,0.09999999999999999,1000,0,0
stationary,13,FULL_PASI,67765,80000,0.8470625,37732.795626230305,37732.795626230305,0.5568183520435372,0.5568183520435372,0.9277629968246367,1000,0,0
stationary,13,MOI,67765,80000,0.8470625,44089.814572756295,44109.38845335324,0.6506281203092495,0.6509169697240942,0.9290433764074689,1000,0,0
stationary,13,NO_NEGATIVE_FEEDBACK,67765,80000,0.8470625,37635.73471185558,37635.73471185558,0.5553860357390331,0.5553860357390331,0.9493782467088728,1000,0,0
stationary,13,NO_POSITIVE_ACCUMULATION,67765,80000,0.8470625,43659.192753026706,43659.192753026706,0.6442734856198141,0.6442734856198141,0.06664081468431161,1000,0,0
stationary,14,FROZEN_STATE,67486,80000,0.843575,45317.89518059256,45317.89518059256,0.6715155021870101,0.6715155021870101,0.09999999999999999,1000,0,0
stationary,14,FULL_PASI,67486,80000,0.843575,40346.27337320265,40346.27337320265,0.5978465662982345,0.5978465662982345,0.9280349079176385,1000,0,0
stationary,14,MOI,67486,80000,0.843575,45877.86915617517,45906.08661002011,0.6798131339266688,0.6802312570017501,0.9279616258172299,1000,0,0
stationary,14,NO_NEGATIVE_FEEDBACK,67486,80000,0.843575,40258.576427533764,40258.576427533764,0.5965470827658146,0.5965470827658146,0.950690095423368,1000,0,0
stationary,14,NO_POSITIVE_ACCUMULATION,67486,80000,0.843575,45536.5152423232,45536.5152423232,0.6747549898100821,0.6747549898100821,0.06390882216861031,1000,0,0
stationary,15,FROZEN_STATE,67658,80000,0.845725,42208.74481772083,42208.74481772083,0.6238544564976918,0.6238544564976918,0.09999999999999999,1000,0,0
stationary,15,FULL_PASI,67658,80000,0.845725,37055.033286035614,37055.033286035614,0.5476814757461884,0.5476814757461884,0.9266153562328444,1000,0,0
stationary,15,MOI,67658,80000,0.845725,42793.91143283504,42814.79398864,0.6325033467266996,0.6328119954571522,0.9271992195615683,1000,0,0
stationary,15,NO_NEGATIVE_FEEDBACK,67658,80000,0.845725,36953.935496775666,36953.935496775666,0.546187228365835,0.546187228365835,0.9493344355867909,1000,0,0
stationary,15,NO_POSITIVE_ACCUMULATION,67658,80000,0.845725,42426.46315575599,42426.46315575599,0.6270723810304175,0.6270723810304175,0.06481031519673143,1000,0,0
stationary,16,FROZEN_STATE,67865,80000,0.8483125,40237.57593135338,40237.57593135338,0.5929061509077341,0.5929061509077341,0.09999999999999999,1000,0,0
stationary,16,FULL_PASI,67865,80000,0.8483125,34645.761907321976,34645.761907321976,0.5105100111592422,0.5105100111592422,0.9340817246651391,1000,0,0
stationary,16,MOI,67865,80000,0.8483125,40866.29637221318,40885.12154776102,0.6021704320667971,0.6024478235874312,0.9339198589075174,1000,0,0
stationary,16,NO_NEGATIVE_FEEDBACK,67865,80000,0.8483125,34542.58030333287,34542.58030333287,0.5089896161988193,0.5089896161988193,0.9532570962603453,1000,0,0
stationary,16,NO_POSITIVE_ACCUMULATION,67865,80000,0.8483125,40468.99073743187,40468.99073743187,0.5963160795318924,0.5963160795318924,0.0660790902014634,1000,0,0
stationary,17,FROZEN_STATE,67827,80000,0.8478375,44839.82066717926,44839.82066717926,0.6610910207908246,0.6610910207908246,0.10000000000000002,1000,0,0
stationary,17,FULL_PASI,67827,80000,0.8478375,39081.50374231971,39081.50374231971,0.5761939012829657,0.5761939012829657,0.9266528942483699,1000,0,0
stationary,17,MOI,67827,80000,0.8478375,45500.78763356398,45524.13658926668,0.6708359153959925,0.6711801581857768,0.9268802578573953,1000,0,0
stationary,17,NO_NEGATIVE_FEEDBACK,67827,80000,0.8478375,38986.52955889456,38986.52955889456,0.5747936597357182,0.5747936597357182,0.9480671988581744,1000,0,0
stationary,17,NO_POSITIVE_ACCUMULATION,67827,80000,0.8478375,45074.36961749323,45074.36961749323,0.6645490677384114,0.6645490677384114,0.06567621570760397,1000,0,0
stationary,18,FROZEN_STATE,67601,80000,0.8450125,45073.51548905851,45073.51548905851,0.6667581173216153,0.6667581173216153,0.09999999999999999,1000,0,0
stationary,18,FULL_PASI,67601,80000,0.8450125,39765.285327778896,39765.285327778896,0.588235164091935,0.588235164091935,0.927875484456067,1000,0,0
stationary,18,MOI,67601,80000,0.8450125,45689.77231239401,45711.70775400371,0.6758742076654785,0.6761986916466282,0.9277891060109047,1000,0,0
stationary,18,NO_NEGATIVE_FEEDBACK,67601,80000,0.8450125,39684.274980583345,39684.274980583345,0.5870368039020628,0.5870368039020628,0.948119586170808,1000,0,0
stationary,18,NO_POSITIVE_ACCUMULATION,67601,80000,0.8450125,45278.14980530007,45278.14980530007,0.6697852073978205,0.6697852073978205,0.066817984599845,1000,0,0
stationary,19,FROZEN_STATE,67670,80000,0.845875,42326.395383304305,42326.395383304305,0.625482420323693,0.625482420323693,0.10000000000000002,1000,0,0
stationary,19,FULL_PASI,67670,80000,0.845875,36998.84813540803,36998.84813540803,0.5467540732290236,0.5467540732290236,0.9291532640527086,1000,0,0
stationary,19,MOI,67670,80000,0.845875,42928.73672451558,42944.57823447168,0.6343835780185544,0.6346176774711346,0.9291472386497125,1000,0,0
stationary,19,NO_NEGATIVE_FEEDBACK,67670,80000,0.845875,36903.333100325,36903.333100325,0.5453425905175853,0.5453425905175853,0.9498700382088949,1000,0,0
stationary,19,NO_POSITIVE_ACCUMULATION,67670,80000,0.845875,42541.12291216113,42541.12291216113,0.6286555772448815,0.6286555772448815,0.06559591061216306,1000,0,0
stationary,20,FROZEN_STATE,67803,80000,0.8475375,40381.451549950536,40381.451549950536,0.5955702778630818,0.5955702778630818,0.09999999999999999,1000,0,0
stationary,20,FULL_PASI,67803,80000,0.8475375,35024.69730640615,35024.69730640615,0.5165655989617887,0.5165655989617887,0.927478818105708,1000,0,0
stationary,20,MOI,67803,80000,0.8475375,40999.65094633134,41018.262645288996,0.6046878596276174,0.6049623563159299,0.9278518706419104,1000,0,0
stationary,20,NO_NEGATIVE_FEEDBACK,67803,80000,0.8475375,34938.44315853504,34938.44315853504,0.5152934701788274,0.5152934701788274,0.9484099467027733,1000,0,0
stationary,20,NO_POSITIVE_ACCUMULATION,67803,80000,0.8475375,40602.52720198462,40602.52720198462,0.5988308364229403,0.5988308364229403,0.06574653485990757,1000,0,0
stationary,21,FROZEN_STATE,67723,80000,0.8465375,44666.881978309044,44666.881978309044,0.6595526184355248,0.6595526184355248,0.09999999999999999,1000,0,0
stationary,21,FULL_PASI,67723,80000,0.8465375,38895.954783816036,38895.954783816036,0.5743389215453544,0.5743389215453544,0.9302921179772565,1000,0,0
stationary,21,MOI,67723,80000,0.8465375,45327.27081118505,45347.02843574518,0.6693039412191583,0.6695956829399935,0.9301475090550824,1000,0,0
stationary,21,NO_NEGATIVE_FEEDBACK,67723,80000,0.8465375,38806.773684976026,38806.773684976026,0.573022070566514,0.573022070566514,0.9508695433022716,1000,0,0
stationary,21,NO_POSITIVE_ACCUMULATION,67723,80000,0.8465375,44895.476167991845,44895.476167991845,0.6629280476055674,0.6629280476055674,0.06501072405655876,1000,0,0
stationary,22,FROZEN_STATE,67668,80000,0.84585,43253.392214082,43253.392214082,0.6392000977431282,0.6392000977431282,0.09999999999999999,1000,0,0
stationary,22,FULL_PASI,67668,80000,0.84585,37906.0734304473,37906.0734304473,0.5601772393220917,0.5601772393220917,0.9245133134045999,1000,0,0
stationary,22,MOI,67668,80000,0.84585,43856.17193291918,43876.676183379874,0.6481079968806405,0.6484110093896653,0.9252722843302137,1000,0,0
stationary,22,NO_NEGATIVE_FEEDBACK,67668,80000,0.84585,37783.0521887512,37783.0521887512,0.558359227238151,0.558359227238151,0.946793714099254,1000,0,0
stationary,22,NO_POSITIVE_ACCUMULATION,67668,80000,0.84585,43473.63942325705,43473.63942325705,0.6424549184733855,0.6424549184733855,0.06664209816728528,1000,0,0
stationary,23,FROZEN_STATE,67519,80000,0.8439875,44665.03197529302,44665.03197529302,0.661517972352864,0.661517972352864,0.09999999999999999,1000,0,0
stationary,23,FULL_PASI,67519,80000,0.8439875,39078.06816810945,39078.06816810945,0.5787714297917542,0.5787714297917542,0.9281252049062855,1000,0,0
stationary,23,MOI,67519,80000,0.8439875,45303.449889180425,45326.84229036192,0.6709733540067303,0.6713198105771994,0.9283806122993118,1000,0,0
stationary,23,NO_NEGATIVE_FEEDBACK,67519,80000,0.8439875,38981.028856107136,38981.028856107136,0.5773342149040587,0.5773342149040587,0.9495617709953957,1000,0,0
stationary,23,NO_POSITIVE_ACCUMULATION,67519,80000,0.8439875,44904.505787978305,44904.505787978305,0.6650647341930168,0.6650647341930168,0.0649715114390545,1000,0,0
stationary,24,FROZEN_STATE,67739,80000,0.8467375,43034.25443866258,43034.25443866258,0.63529509497723,0.63529509497723,0.09999999999999999,1000,0,0
stationary,24,FULL_PASI,67739,80000,0.8467375,37080.26486394229,37080.26486394229,0.5473990590936136,0.5473990590936136,0.9314908285542837,1000,0,0
stationary,24,MOI,67739,80000,0.8467375,43708.547846956324,43732.031037556546,0.6452493814044542,0.6455960530500383,0.9324038016709412,1000,0,0
stationary,24,NO_NEGATIVE_FEEDBACK,67739,80000,0.8467375,36988.08235346513,36988.08235346513,0.5460382106831386,0.5460382106831386,0.950174785898556,1000,0,0
stationary,24,NO_POSITIVE_ACCUMULATION,67739,80000,0.8467375,43247.158232565824,43247.158232565824,0.6384380967030193,0.6384380967030193,0.06831451957455847,1000,0,0
stationary,25,FROZEN_STATE,67666,80000,0.845825,43928.57987681992,43928.57987681992,0.6491972316498672,0.6491972316498672,0.09999999999999999,1000,0,0
stationary,25,FULL_PASI,67666,80000,0.845825,37612.394459204734,37612.394459204734,0.5558536703692362,0.5558536703692362,0.9326728805939676,1000,0,0
stationary,25,MOI,67666,80000,0.845825,44653.84955528262,44676.83409215353,0.659915608359924,0.660255284665172,0.9333061861171852,1000,0,0
stationary,25,NO_NEGATIVE_FEEDBACK,67666,80000,0.845825,37517.421828143044,37517.421828143044,0.5544501201215241,0.5544501201215241,0.9515673301692851,1000,0,0
stationary,25,NO_POSITIVE_ACCUMULATION,67666,80000,0.845825,44171.19307083642,44171.19307083642,0.6527826836348598,0.6527826836348598,0.06706550532132798,1000,0,0
stationary,26,FROZEN_STATE,67530,80000,0.844125,46216.49425733705,46216.49425733705,0.6843846328644609,0.6843846328644609,0.09999999999999999,1000,0,0
stationary,26,FULL_PASI,67530,80000,0.844125,40183.403786585564,40183.403786585564,0.5950452211844449,0.5950452211844449,0.9258295033874893,1000,0,0
stationary,26,MOI,67530,80000,0.844125,46911.61445371927,46934.34042335246,0.6946781349580818,0.6950146664201461,0.9263571692693082,1000,0,0
stationary,26,NO_NEGATIVE_FEEDBACK,67530,80000,0.844125,40080.314630647976,40080.314630647976,0.593518652904605,0.593518652904605,0.947222981081012,1000,0,0
stationary,26,NO_POSITIVE_ACCUMULATION,67530,80000,0.844125,46472.10001328806,46472.10001328806,0.6881697025512817,0.6881697025512817,0.06467735498734832,1000,0,0
stationary,27,FROZEN_STATE,67577,80000,0.8447125,44444.377161568336,44444.377161568336,0.6576849691695154,0.6576849691695154,0.09999999999999999,1000,0,0
stationary,27,FULL_PASI,67577,80000,0.8447125,38591.951679507496,38591.951679507496,0.571081161926506,0.571081161926506,0.9245613347495495,1000,0,0
stationary,27,MOI,67577,80000,0.8447125,45122.10475455757,45141.03821979492,0.6677139375017768,0.6679941136746959,0.9246253474311473,1000,0,0
stationary,27,NO_NEGATIVE_FEEDBACK,67577,80000,0.8447125,38469.547994094406,38469.547994094406,0.5692698402428993,0.5692698402428993,0.9471485767826969,1000,0,0
stationary,27,NO_POSITIVE_ACCUMULATION,67577,80000,0.8447125,44702.39284465661,44702.39284465661,0.661503068272587,0.661503068272587,0.0647671320004544,1000,0,0
stationary,28,FROZEN_STATE,67555,80000,0.8444375,44706.44713150992,44706.44713150992,0.6617785083488997,0.6617785083488997,0.09999999999999999,1000,0,0
stationary,28,FULL_PASI,67555,80000,0.8444375,39183.947681385944,39183.947681385944,0.5800303113224179,0.5800303113224179,0.9289403522428814,1000,0,0
stationary,28,MOI,67555,80000,0.8444375,45334.50947764976,45357.16068347637,0.6710755603234365,0.6714108605355099,0.9301371074731203,1000,0,0
stationary,28,NO_NEGATIVE_FEEDBACK,67555,80000,0.8444375,39087.39826456475,39087.39826456475,0.5786011141227851,0.5786011141227851,0.950795394375444,1000,0,0
stationary,28,NO_POSITIVE_ACCUMULATION,67555,80000,0.8444375,44920.251335621564,44920.251335621564,0.6649433992394577,0.6649433992394577,0.06497321026648427,1000,0,0
stationary,29,FROZEN_STATE,67553,80000,0.8444125,39910.4757322114,39910.4757322114,0.5908024178380146,0.5908024178380146,0.09999999999999999,1000,0,0
stationary,29,FULL_PASI,67553,80000,0.8444125,33920.46121589339,33920.46121589339,0.5021310854572467,0.5021310854572467,0.9281921485682764,1000,0,0
stationary,29,MOI,67553,80000,0.8444125,40588.35965997324,40607.578673752534,0.6008372634816106,0.6011217662243354,0.9283999001830349,1000,0,0
stationary,29,NO_NEGATIVE_FEEDBACK,67553,80000,0.8444125,33799.88575759929,33799.88575759929,0.5003461838497074,0.5003461838497074,0.9489924045840725,1000,0,0
stationary,29,NO_POSITIVE_ACCUMULATION,67553,80000,0.8444125,40156.6268201447,40156.6268201447,0.594446239547388,0.594446239547388,0.06572835964277159,1000,0,0
stationary,30,FROZEN_STATE,67793,80000,0.8474125,46745.91823040555,46745.91823040555,0.689539011850863,0.689539011850863,0.09999999999999999,1000,0,0
stationary,30,FULL_PASI,67793,80000,0.8474125,40794.12761898454,40794.12761898454,0.6017454253239204,0.6017454253239204,0.9286319201387161,1000,0,0
stationary,30,MOI,67793,80000,0.8474125,47426.36765065072,47445.482178848135,0.6995761752784316,0.6998581295834103,0.9290190175318921,1000,0,0
stationary,30,NO_NEGATIVE_FEEDBACK,67793,80000,0.8474125,40696.96304030319,40696.96304030319,0.6003121714676027,0.6003121714676027,0.9495328519079399,1000,0,0
stationary,30,NO_POSITIVE_ACCUMULATION,67793,80000,0.8474125,46986.77391751347,46986.77391751347,0.6930918224228677,0.6930918224228677,0.06545585502519023,1000,0,0
