scenario,method,seed,condition,assigned,tasks,coverage,design_reserve,execution_settlement,design_pps,settlement_pps,coverage_first_calls,ir_violations,target_violations,event_fingerprints
stationary,MOI,601,normal,67767,80000,0.8470875,48164.03202950473,48184.61772044842,0.7107298837119059,0.7110336553255776,1000,0,0,"{""provider_static"": ""303a3f094ef41fd29c023ab245ad7b98b8e4927dbd5d623ed48726433c2c6777"", ""providers"": ""b36bf4041420600621b97a0c187090db29c9c97ecd65bcd9bae60ef83a6e3163"", ""tasks"": ""cbdc9c99f50a3e382f5792b89a8e1c4a38d3449656fbc08ecf0c2a21b49948a8""}"
stationary,MOI,601,reset,67767,80000,0.8470875,48164.03202950473,48184.404445641194,0.7107298837119059,0.7110305081476411,1000,0,0,"{""provider_static"": ""303a3f094ef41fd29c023ab245ad7b98b8e4927dbd5d623ed48726433c2c6777"", ""providers"": ""b36bf4041420600621b97a0c187090db29c9c97ecd65bcd9bae60ef83a6e3163"", ""tasks"": ""cbdc9c99f50a3e382f5792b89a8e1c4a38d3449656fbc08ecf0c2a21b49948a8""}"
stationary,PASI,601,normal,67767,80000,0.8470875,41686.73629366666,41686.73629366666,0.6151480262320401,0.6151480262320401,1000,0,0,"{""provider_static"": ""303a3f094ef41fd29c023ab245ad7b98b8e4927dbd5d623ed48726433c2c6777"", ""providers"": ""b36bf4041420600621b97a0c187090db29c9c97ecd65bcd9bae60ef83a6e3163"", ""tasks"": ""cbdc9c99f50a3e382f5792b89a8e1c4a38d3449656fbc08ecf0c2a21b49948a8""}"
stationary,PASI,601,reset,67767,80000,0.8470875,41734.3074307177,41734.3074307177,0.6158500070936842,0.6158500070936842,1000,0,0,"{""provider_static"": ""303a3f094ef41fd29c023ab245ad7b98b8e4927dbd5d623ed48726433c2c6777"", ""providers"": ""b36bf4041420600621b97a0c187090db29c9c97ecd65bcd9bae60ef83a6e3163"", ""tasks"": ""cbdc9c99f50a3e382f5792b89a8e1c4a38d3449656fbc08ecf0c2a21b49948a8""}"
stationary,MOI,602,normal,67446,80000,0.843075,44675.400681138635,44695.317705799534,0.6623876980271423,0.6626830013017753,1000,0,0,"{""provider_static"": ""0af48b255d100ea7bd84f3a33965834d36d0f677891c1c69a0e3cbc2bc6f4eb3"", ""providers"": ""52921c7b8169615d2443a848b7051733b2bf97c65f01d22ffe016d3a0eeb2366"", ""tasks"": ""0a0485a53c64289065891a1622927046ab556107ebbc14ecce824b70caeb759e""}"
stationary,MOI,602,reset,67446,80000,0.843075,44675.400681138635,44695.19689077779,0.6623876980271423,0.6626812100165731,1000,0,0,"{""provider_static"": ""0af48b255d100ea7bd84f3a33965834d36d0f677891c1c69a0e3cbc2bc6f4eb3"", ""providers"": ""52921c7b8169615d2443a848b7051733b2bf97c65f01d22ffe016d3a0eeb2366"", ""tasks"": ""0a0485a53c64289065891a1622927046ab556107ebbc14ecce824b70caeb759e""}"
stationary,PASI,602,normal,67446,80000,0.843075,38384.73820236471,38384.73820236471,0.5691180826493003,0.5691180826493003,1000,0,0,"{""provider_static"": ""0af48b255d100ea7bd84f3a33965834d36d0f677891c1c69a0e3cbc2bc6f4eb3"", ""providers"": ""52921c7b8169615d2443a848b7051733b2bf97c65f01d22ffe016d3a0eeb2366"", ""tasks"": ""0a0485a53c64289065891a1622927046ab556107ebbc14ecce824b70caeb759e""}"
stationary,PASI,602,reset,67446,80000,0.843075,38438.276872259565,38438.276872259565,0.5699118831696404,0.5699118831696404,1000,0,0,"{""provider_static"": ""0af48b255d100ea7bd84f3a33965834d36d0f677891c1c69a0e3cbc2bc6f4eb3"", ""providers"": ""52921c7b8169615d2443a848b7051733b2bf97c65f01d22ffe016d3a0eeb2366"", ""tasks"": ""0a0485a53c64289065891a1622927046ab556107ebbc14ecce824b70caeb759e""}"
stationary,MOI,603,normal,67597,80000,0.8449625,42064.69093703173,42084.66584538404,0.6222863579305551,0.6225818578544025,1000,0,0,"{""provider_static"": ""6f4ae2d558acdcdaf56f515e53bc747ebbe59eeda152271e4caadf5bd65fe8eb"", ""providers"": ""7b7a80f3dd0fcb6e94bf49dca0c33aed721c58b6679d5265e3a4256dd90fb2d2"", ""tasks"": ""1e0af323414c954149c69762e9ad396ed7b117914d16f633560fdb06663dfb9b""}"
stationary,MOI,603,reset,67597,80000,0.8449625,42064.69093703173,42084.505855361946,0.6222863579305551,0.6225794910330628,1000,0,0,"{""provider_static"": ""6f4ae2d558acdcdaf56f515e53bc747ebbe59eeda152271e4caadf5bd65fe8eb"", ""providers"": ""7b7a80f3dd0fcb6e94bf49dca0c33aed721c58b6679d5265e3a4256dd90fb2d2"", ""tasks"": ""1e0af323414c954149c69762e9ad396ed7b117914d16f633560fdb06663dfb9b""}"
stationary,PASI,603,normal,67597,80000,0.8449625,35542.850259277984,35542.850259277984,0.5258051431169725,0.5258051431169725,1000,0,0,"{""provider_static"": ""6f4ae2d558acdcdaf56f515e53bc747ebbe59eeda152271e4caadf5bd65fe8eb"", ""providers"": ""7b7a80f3dd0fcb6e94bf49dca0c33aed721c58b6679d5265e3a4256dd90fb2d2"", ""tasks"": ""1e0af323414c954149c69762e9ad396ed7b117914d16f633560fdb06663dfb9b""}"
stationary,PASI,603,reset,67597,80000,0.8449625,35588.39495006098,35588.39495006098,0.5264789110472503,0.5264789110472503,1000,0,0,"{""provider_static"": ""6f4ae2d558acdcdaf56f515e53bc747ebbe59eeda152271e4caadf5bd65fe8eb"", ""providers"": ""7b7a80f3dd0fcb6e94bf49dca0c33aed721c58b6679d5265e3a4256dd90fb2d2"", ""tasks"": ""1e0af323414c954149c69762e9ad396ed7b117914d16f633560fdb06663dfb9b""}"
stationary,MOI,604,normal,67361,80000,0.8420125,42108.93974108035,42126.406976751474,0.6251234355351071,0.62538274337898,1000,0,0,"{""provider_static"": ""742dab0d5aab71f0e6e7b6f03ba048c18df08fc58f56f34cd9013a648ea46209"", ""providers"": ""0ebfa4565a8c7955192c2c40788d1a2eaabc4ec4fc5eb7515079b5fb02cc3c75"", ""tasks"": ""ae1cf732fd42c9cb70ed520d45092c70b8d73c9551f62681144561828bd64c26""}"
stationary,MOI,604,reset,67361,80000,0.8420125,42108.93974108035,42126.35492905167,0.6251234355351071,0.6253819707108218,1000,0,0,"{""provider_static"": ""742dab0d5aab71f0e6e7b6f03ba048c18df08fc58f56f34cd9013a648ea46209"", ""providers"": ""0ebfa4565a8c7955192c2c40788d1a2eaabc4ec4fc5eb7515079b5fb02cc3c75"", ""tasks"": ""ae1cf732fd42c9cb70ed520d45092c70b8d73c9551f62681144561828bd64c26""}"
stationary,PASI,604,normal,67361,80000,0.8420125,36490.113678734415,36490.113678734415,0.54170979763861,0.54170979763861,1000,0,0,"{""provider_static"": ""742dab0d5aab71f0e6e7b6f03ba048c18df08fc58f56f34cd9013a648ea46209"", ""providers"": ""0ebfa4565a8c7955192c2c40788d1a2eaabc4ec4fc5eb7515079b5fb02cc3c75"", ""tasks"": ""ae1cf732fd42c9cb70ed520d45092c70b8d73c9551f62681144561828bd64c26""}"
stationary,PASI,604,reset,67361,80000,0.8420125,36532.51866255799,36532.51866255799,0.5423393159626192,0.5423393159626192,1000,0,0,"{""provider_static"": ""742dab0d5aab71f0e6e7b6f03ba048c18df08fc58f56f34cd9013a648ea46209"", ""providers"": ""0ebfa4565a8c7955192c2c40788d1a2eaabc4ec4fc5eb7515079b5fb02cc3c75"", ""tasks"": ""ae1cf732fd42c9cb70ed520d45092c70b8d73c9551f62681144561828bd64c26""}"
stationary,MOI,605,normal,67642,80000,0.845525,39877.12650726279,39896.97789851645,0.5895320438080304,0.5898255211039953,1000,0,0,"{""provider_static"": ""86ac4d81a5e6bff2bf2a0dd89fc60b59b638b04d36adec1d5d395c6db1a4cba8"", ""providers"": ""ea46b86b49aa3c3b9ae584ffe7119feae58dba9ef2ab6584e0d8b94515fc30b9"", ""tasks"": ""f71d3c506301de464aa813469e588a569e889c01674f6201eff9b46690eadac1""}"
stationary,MOI,605,reset,67642,80000,0.845525,39877.12650726279,39896.799545388734,0.5895320438080304,0.5898228843823177,1000,0,0,"{""provider_static"": ""86ac4d81a5e6bff2bf2a0dd89fc60b59b638b04d36adec1d5d395c6db1a4cba8"", ""providers"": ""ea46b86b49aa3c3b9ae584ffe7119feae58dba9ef2ab6584e0d8b94515fc30b9"", ""tasks"": ""f71d3c506301de464aa813469e588a569e889c01674f6201eff9b46690eadac1""}"
stationary,PASI,605,normal,67642,80000,0.845525,33039.905648840795,33039.905648840795,0.4884525243020726,0.4884525243020726,1000,0,0,"{""provider_static"": ""86ac4d81a5e6bff2bf2a0dd89fc60b59b638b04d36adec1d5d395c6db1a4cba8"", ""providers"": ""ea46b86b49aa3c3b9ae584ffe7119feae58dba9ef2ab6584e0d8b94515fc30b9"", ""tasks"": ""f71d3c506301de464aa813469e588a569e889c01674f6201eff9b46690eadac1""}"
stationary,PASI,605,reset,67642,80000,0.845525,33087.126926085024,33087.126926085024,0.48915063017186106,0.48915063017186106,1000,0,0,"{""provider_static"": ""86ac4d81a5e6bff2bf2a0dd89fc60b59b638b04d36adec1d5d395c6db1a4cba8"", ""providers"": ""ea46b86b49aa3c3b9ae584ffe7119feae58dba9ef2ab6584e0d8b94515fc30b9"", ""tasks"": ""f71d3c506301de464aa813469e588a569e889c01674f6201eff9b46690eadac1""}"
stationary,MOI,606,normal,67527,80000,0.8440875,43709.45920470261,43730.03622565542,0.6472886283220431,0.6475933511877534,1000,0,0,"{""provider_static"": ""8065fdc5728c953718f07dcc3af4d8e0bf7b08593dbc56948a252de964f64127"", ""providers"": ""c442425a3b18fd4f0ca4769d1fe7a92f019197a83ac4ce827b1f9380c406a246"", ""tasks"": ""b34ad99e66e6edbdf24f3b770c837f815f89ba4c2dbe3355f401f5a4da9f9ee2""}"
stationary,MOI,606,reset,67527,80000,0.8440875,43709.45920470261,43729.81247105173,0.6472886283220431,0.6475900376301588,1000,0,0,"{""provider_static"": ""8065fdc5728c953718f07dcc3af4d8e0bf7b08593dbc56948a252de964f64127"", ""providers"": ""c442425a3b18fd4f0ca4769d1fe7a92f019197a83ac4ce827b1f9380c406a246"", ""tasks"": ""b34ad99e66e6edbdf24f3b770c837f815f89ba4c2dbe3355f401f5a4da9f9ee2""}"
stationary,PASI,606,normal,67527,80000,0.8440875,37618.654139268394,37618.654139268394,0.557090558432455,0.557090558432455,1000,0,0,"{""provider_static"": ""8065fdc5728c953718f07dcc3af4d8e0bf7b08593dbc56948a252de964f64127"", ""providers"": ""c442425a3b18fd4f0ca4769d1fe7a92f019197a83ac4ce827b1f9380c406a246"", ""tasks"": ""b34ad99e66e6edbdf24f3b770c837f815f89ba4c2dbe3355f401f5a4da9f9ee2""}"
stationary,PASI,606,reset,67527,80000,0.8440875,37670.2015999563,37670.2015999563,0.5578539191724243,0.5578539191724243,1000,0,0,"{""provider_static"": ""8065fdc5728c953718f07dcc3af4d8e0bf7b08593dbc56948a252de964f64127"", ""providers"": ""c442425a3b18fd4f0ca4769d1fe7a92f019197a83ac4ce827b1f9380c406a246"", ""tasks"": ""b34ad99e66e6edbdf24f3b770c837f815f89ba4c2dbe3355f401f5a4da9f9ee2""}"
stationary,MOI,607,normal,67722,80000,0.846525,39578.54946239707,39597.729107782,0.5844267662265892,0.5847099776702105,1000,0,0,"{""provider_static"": ""30cd247e39e223c81105e6f05ec747db8d1fdefd2f4e87788be629cd49d25d7e"", ""providers"": ""35ee87c5f0f1ade32d239f1c8785d27ae9fb04586a27e3f527236da7e61a80f8"", ""tasks"": ""85eb302331ac298db602ec21561f24e2973c2651293e3ddf1d86c5a2f7c32248""}"
stationary,MOI,607,reset,67722,80000,0.846525,39578.54946239707,39597.548422187945,0.5844267662265892,0.5847073096215106,1000,0,0,"{""provider_static"": ""30cd247e39e223c81105e6f05ec747db8d1fdefd2f4e87788be629cd49d25d7e"", ""providers"": ""35ee87c5f0f1ade32d239f1c8785d27ae9fb04586a27e3f527236da7e61a80f8"", ""tasks"": ""85eb302331ac298db602ec21561f24e2973c2651293e3ddf1d86c5a2f7c32248""}"
stationary,PASI,607,normal,67722,80000,0.846525,33709.72354081959,33709.72354081959,0.49776621394553605,0.49776621394553605,1000,0,0,"{""provider_static"": ""30cd247e39e223c81105e6f05ec747db8d1fdefd2f4e87788be629cd49d25d7e"", ""providers"": ""35ee87c5f0f1ade32d239f1c8785d27ae9fb04586a27e3f527236da7e61a80f8"", ""tasks"": ""85eb302331ac298db602ec21561f24e2973c2651293e3ddf1d86c5a2f7c32248""}"
stationary,PASI,607,reset,67722,80000,0.846525,33753.78587840489,33753.78587840489,0.49841684944929104,0.49841684944929104,1000,0,0,"{""provider_static"": ""30cd247e39e223c81105e6f05ec747db8d1fdefd2f4e87788be629cd49d25d7e"", ""providers"": ""35ee87c5f0f1ade32d239f1c8785d27ae9fb04586a27e3f527236da7e61a80f8"", ""tasks"": ""85eb302331ac298db602ec21561f24e2973c2651293e3ddf1d86c5a2f7c32248""}"
stationary,MOI,608,normal,67597,80000,0.8449625,40584.053047379224,40602.20310630184,0.6003824585022889,0.6006509624140396,1000,0,0,"{""provider_static"": ""428965f0805d626bcd24804c085683a5248a3a97e23954751c6768e0b1071a2d"", ""providers"": ""5cad7989b5e4adb6dc97cff8bf9d12a30e4c91aee6cb86de51e18a529cf57ce6"", ""tasks"": ""b9b31a0c1aaeca18b35b537ff05a90775bde2baec1f1758cb430050ab01fb099""}"
stationary,MOI,608,reset,67597,80000,0.8449625,40584.053047379224,40602.058557920274,0.6003824585022889,0.6006488240294728,1000,0,0,"{""provider_static"": ""428965f0805d626bcd24804c085683a5248a3a97e23954751c6768e0b1071a2d"", ""providers"": ""5cad7989b5e4adb6dc97cff8bf9d12a30e4c91aee6cb86de51e18a529cf57ce6"", ""tasks"": ""b9b31a0c1aaeca18b35b537ff05a90775bde2baec1f1758cb430050ab01fb099""}"
stationary,PASI,608,normal,67597,80000,0.8449625,34281.332670358024,34281.332670358024,0.5071428121123426,0.5071428121123426,1000,0,0,"{""provider_static"": ""428965f0805d626bcd24804c085683a5248a3a97e23954751c6768e0b1071a2d"", ""providers"": ""5cad7989b5e4adb6dc97cff8bf9d12a30e4c91aee6cb86de51e18a529cf57ce6"", ""tasks"": ""b9b31a0c1aaeca18b35b537ff05a90775bde2baec1f1758cb430050ab01fb099""}"
stationary,PASI,608,reset,67597,80000,0.8449625,34335.56115412424,34335.56115412424,0.5079450442197766,0.5079450442197766,1000,0,0,"{""provider_static"": ""428965f0805d626bcd24804c085683a5248a3a97e23954751c6768e0b1071a2d"", ""providers"": ""5cad7989b5e4adb6dc97cff8bf9d12a30e4c91aee6cb86de51e18a529cf57ce6"", ""tasks"": ""b9b31a0c1aaeca18b35b537ff05a90775bde2baec1f1758cb430050ab01fb099""}"
stationary,MOI,609,normal,67695,80000,0.8461875,43299.87334584596,43323.2797690974,0.6396317799814751,0.6399775429366629,1000,0,0,"{""provider_static"": ""30647ea447b0e8a4f7eaa2a73e1a812eac17583541de17b25803841787769f7a"", ""providers"": ""ff83f8bc9fe160a222227ad58cf8714401269b0105676dbae4e934b632aef73f"", ""tasks"": ""ebf3882fb865944128d21895389da50593a25895b56e14bb4029fa762026d419""}"
stationary,MOI,609,reset,67695,80000,0.8461875,43299.87334584596,43322.97659249874,0.6396317799814751,0.6399730643695802,1000,0,0,"{""provider_static"": ""30647ea447b0e8a4f7eaa2a73e1a812eac17583541de17b25803841787769f7a"", ""providers"": ""ff83f8bc9fe160a222227ad58cf8714401269b0105676dbae4e934b632aef73f"", ""tasks"": ""ebf3882fb865944128d21895389da50593a25895b56e14bb4029fa762026d419""}"
stationary,PASI,609,normal,67695,80000,0.8461875,36705.976854037515,36705.976854037515,0.5422258195440951,0.5422258195440951,1000,0,0,"{""provider_static"": ""30647ea447b0e8a4f7eaa2a73e1a812eac17583541de17b25803841787769f7a"", ""providers"": ""ff83f8bc9fe160a222227ad58cf8714401269b0105676dbae4e934b632aef73f"", ""tasks"": ""ebf3882fb865944128d21895389da50593a25895b56e14bb4029fa762026d419""}"
stationary,PASI,609,reset,67695,80000,0.8461875,36763.45119097453,36763.45119097453,0.5430748384810478,0.5430748384810478,1000,0,0,"{""provider_static"": ""30647ea447b0e8a4f7eaa2a73e1a812eac17583541de17b25803841787769f7a"", ""providers"": ""ff83f8bc9fe160a222227ad58cf8714401269b0105676dbae4e934b632aef73f"", ""tasks"": ""ebf3882fb865944128d21895389da50593a25895b56e14bb4029fa762026d419""}"
stationary,MOI,610,normal,67487,80000,0.8435875,37796.24636440555,37809.87913065451,0.5600522524990821,0.5602542583112972,1000,0,0,"{""provider_static"": ""1a273cfb5b8cdefb1f5ea3b180ecc598f247a1faea9622228a96b983b5d578ab"", ""providers"": ""8b1d2f269f366b49d4036c0077dc8dcd609dde90ca85edfc1a49b551191060eb"", ""tasks"": ""39e9a3a9507fb14adc1542356cbcf5ca37ffe7169ae53eb30815446a58917a0f""}"
stationary,MOI,610,reset,67487,80000,0.8435875,37796.24636440555,37809.748909383954,0.5600522524990821,0.5602523287356669,1000,0,0,"{""provider_static"": ""1a273cfb5b8cdefb1f5ea3b180ecc598f247a1faea9622228a96b983b5d578ab"", ""providers"": ""8b1d2f269f366b49d4036c0077dc8dcd609dde90ca85edfc1a49b551191060eb"", ""tasks"": ""39e9a3a9507fb14adc1542356cbcf5ca37ffe7169ae53eb30815446a58917a0f""}"
stationary,PASI,610,normal,67487,80000,0.8435875,31505.515738462018,31505.515738462018,0.46683829090731577,0.46683829090731577,1000,0,0,"{""provider_static"": ""1a273cfb5b8cdefb1f5ea3b180ecc598f247a1faea9622228a96b983b5d578ab"", ""providers"": ""8b1d2f269f366b49d4036c0077dc8dcd609dde90ca85edfc1a49b551191060eb"", ""tasks"": ""39e9a3a9507fb14adc1542356cbcf5ca37ffe7169ae53eb30815446a58917a0f""}"
stationary,PASI,610,reset,67487,80000,0.8435875,31558.28365784955,31558.28365784955,0.4676201884488798,0.4676201884488798,1000,0,0,"{""provider_static"": ""1a273cfb5b8cdefb1f5ea3b180ecc598f247a1faea9622228a96b983b5d578ab"", ""providers"": ""8b1d2f269f366b49d4036c0077dc8dcd609dde90ca85edfc1a49b551191060eb"", ""tasks"": ""39e9a3a9507fb14adc1542356cbcf5ca37ffe7169ae53eb30815446a58917a0f""}"
