seed,half_width,scenario,profile,run_id,n_episodes,tasks,assigned,qualified,coverage,qualified_coverage,qos_violations,qos_violation_rate,ir_violations,ir_violation_rate,target_violations,payment,pps,reserved_budget,available_budget,reservation_minus_settlement,slots_reservation_exceeds_budget,slots_settlement_exceeds_reservation,selected_contracts_settlement_exceeds_reserve,min_selected_objective_utility,information_checks,information_mismatches,max_decision_cost_drift,certificate_slots,certificate_failures,run_status,diagnostic_issues,event_tape_hash,spatial_graph_sha256,config_sha256,contract_protocol_version,decision_cost_basis,runtime_seconds,evaluation_protocol_version,settlement_cost_basis,robust_ir_policy,guarantee_scope,service_outcome_status,execution_status,settlement_over_reservation_slots,settlement_over_available_budget_slots,reservation_over_available_budget_slots,population_risk_certified,core_sha256,runner_sha256,contract_D_bar,matching_budget_ratio,design_physical_ceiling,design_ceiling_residual,slots_above_design_ceiling,slots_below_design_ceiling,ceiling_scope
2,0.3,down_step,frozen_point,r56_seed002__down_step__frozen_point,1,1777,1386,1152,0.7799662352279122,0.6482836240855374,234,0.1688311688311688,0,0.0,0,369.4735388196183,0.2665754248337794,388.827980084802,19654.97618304589,19.35444126518371,0,0,0,0.0199195029015019,12024,0,0.0,5,0,failed,"[""QoS violations: 234""]",90802de520b36e165e706a53039ed472457876af802c6e97df3067a809147f5a,a513b7226598a13decacb11a74c87b9d4af43c80efedc379f0f00a027a173ec4,9e1f91c6d10b94ceba8aad02e04308ee13023bbfbc2a48dc715f8f5d6d76e780,r51-free-action-design-only-v1,design_expected_payment,3.575495299999602,r53-service-outcomes-v1,objective_expected_payment_at_executed_response,design_response_ir,nominal_model_only_no_current_response_robust_guarantee,violated,completed,0,0,0,False,ffa937f3a51565ce6ef916575ae3965b1ddc3a7501d45745ff113b51cb363fe5,d1acf522a0b674e4d35c5387b40bdfcef2c5618311aada2f72c24673c687c00f,50.0,3.5,1386,0,0,0,design physical graph; nominal bound is not a guarantee at perturbed true response
2,0.3,up_step,frozen_point,r56_seed002__up_step__frozen_point,1,1777,1386,1386,0.7799662352279122,0.7799662352279122,0,0.0,0,0.0,749,392.605324818372,0.2832650251214805,387.2460403793064,19654.97618304589,-5.359284439065561,0,245,741,0.0716986684429916,12024,0,0.0,5,0,failed,"[""a_star < a_target on 749 assigned pairs""]",90802de520b36e165e706a53039ed472457876af802c6e97df3067a809147f5a,a513b7226598a13decacb11a74c87b9d4af43c80efedc379f0f00a027a173ec4,9e1f91c6d10b94ceba8aad02e04308ee13023bbfbc2a48dc715f8f5d6d76e780,r51-free-action-design-only-v1,design_expected_payment,3.792323199995735,r53-service-outcomes-v1,objective_expected_payment_at_executed_response,design_response_ir,nominal_model_only_no_current_response_robust_guarantee,violated,completed,245,0,0,False,ffa937f3a51565ce6ef916575ae3965b1ddc3a7501d45745ff113b51cb363fe5,d1acf522a0b674e4d35c5387b40bdfcef2c5618311aada2f72c24673c687c00f,50.0,3.5,1386,0,0,0,design physical graph; nominal bound is not a guarantee at perturbed true response
3,0.3,down_step,frozen_point,r56_seed003__down_step__frozen_point,1,1777,1401,1134,0.7884074282498593,0.6381541924592009,267,0.1905781584582441,0,0.0,0,489.5706408131463,0.3494437122149509,516.6927211098914,20034.10131136457,27.12208029674508,0,0,0,0.0108487322004769,12024,0,0.0,5,0,failed,"[""QoS violations: 267""]",9e30bb1915a42740d6aba8d158a366768ad32aed95f204632505af84114dd788,2ef76f0e2878928235f82ebd4f1f4e3e7aa8b4d74d3ac14d8e6834adf0e1504c,fd5885caa649fc6ce000ba535f1074e6a19543dfd1e3285118c6e7f7afca5dbc,r51-free-action-design-only-v1,design_expected_payment,3.558611700005713,r53-service-outcomes-v1,objective_expected_payment_at_executed_response,design_response_ir,nominal_model_only_no_current_response_robust_guarantee,violated,completed,0,0,0,False,ffa937f3a51565ce6ef916575ae3965b1ddc3a7501d45745ff113b51cb363fe5,d1acf522a0b674e4d35c5387b40bdfcef2c5618311aada2f72c24673c687c00f,50.0,3.5,1401,0,0,0,design physical graph; nominal bound is not a guarantee at perturbed true response
3,0.3,up_step,frozen_point,r56_seed003__up_step__frozen_point,1,1777,1401,1401,0.7884074282498593,0.7884074282498593,0,0.0,0,0.0,757,523.3929925974683,0.3735852909332393,515.6109594588187,20034.10131136457,-7.782033138649581,0,247,757,0.0438443314290953,12024,0,0.0,5,0,failed,"[""a_star < a_target on 757 assigned pairs""]",9e30bb1915a42740d6aba8d158a366768ad32aed95f204632505af84114dd788,2ef76f0e2878928235f82ebd4f1f4e3e7aa8b4d74d3ac14d8e6834adf0e1504c,fd5885caa649fc6ce000ba535f1074e6a19543dfd1e3285118c6e7f7afca5dbc,r51-free-action-design-only-v1,design_expected_payment,3.5860685000006924,r53-service-outcomes-v1,objective_expected_payment_at_executed_response,design_response_ir,nominal_model_only_no_current_response_robust_guarantee,violated,completed,247,0,0,False,ffa937f3a51565ce6ef916575ae3965b1ddc3a7501d45745ff113b51cb363fe5,d1acf522a0b674e4d35c5387b40bdfcef2c5618311aada2f72c24673c687c00f,50.0,3.5,1401,0,0,0,design physical graph; nominal bound is not a guarantee at perturbed true response
4,0.3,down_step,frozen_point,r56_seed004__down_step__frozen_point,1,1777,1396,1118,0.7855936972425436,0.6291502532357907,278,0.1991404011461318,0,0.0,0,438.92513134362446,0.3144162831974387,463.11405760568704,19907.815140617487,24.18892626206258,0,0,0,0.0422152575075588,12024,0,0.0,5,0,failed,"[""QoS violations: 278""]",cc954a3eddc362e219bff09482aad8956994d1d4ce6569ab64d04a56a694dc5e,5584dc2575e2faec9b16d19da9927c40c173a22638de5482981e3d6b7d826e4c,0a62dcec0ca9dca375f6d0e5346b72e8e1faa1c25b2d6f4de9e2dfa78d90c04c,r51-free-action-design-only-v1,design_expected_payment,3.67531240000244,r53-service-outcomes-v1,objective_expected_payment_at_executed_response,design_response_ir,nominal_model_only_no_current_response_robust_guarantee,violated,completed,0,0,0,False,ffa937f3a51565ce6ef916575ae3965b1ddc3a7501d45745ff113b51cb363fe5,d1acf522a0b674e4d35c5387b40bdfcef2c5618311aada2f72c24673c687c00f,50.0,3.5,1396,0,0,0,design physical graph; nominal bound is not a guarantee at perturbed true response
4,0.3,up_step,frozen_point,r56_seed004__up_step__frozen_point,1,1777,1396,1396,0.7855936972425436,0.7855936972425436,0,0.0,0,0.0,753,468.6871115082741,0.3357357532294227,461.6885326502184,19907.815140617487,-6.998578858055737,0,249,753,0.0553703959582551,12024,0,0.0,5,0,failed,"[""a_star < a_target on 753 assigned pairs""]",cc954a3eddc362e219bff09482aad8956994d1d4ce6569ab64d04a56a694dc5e,5584dc2575e2faec9b16d19da9927c40c173a22638de5482981e3d6b7d826e4c,0a62dcec0ca9dca375f6d0e5346b72e8e1faa1c25b2d6f4de9e2dfa78d90c04c,r51-free-action-design-only-v1,design_expected_payment,3.765870299997914,r53-service-outcomes-v1,objective_expected_payment_at_executed_response,design_response_ir,nominal_model_only_no_current_response_robust_guarantee,violated,completed,249,0,0,False,ffa937f3a51565ce6ef916575ae3965b1ddc3a7501d45745ff113b51cb363fe5,d1acf522a0b674e4d35c5387b40bdfcef2c5618311aada2f72c24673c687c00f,50.0,3.5,1396,0,0,0,design physical graph; nominal bound is not a guarantee at perturbed true response
5,0.3,down_step,frozen_point,r56_seed005__down_step__frozen_point,1,1777,1381,1129,0.7771525042205966,0.6353404614518852,252,0.1824764663287472,0,0.0,0,385.8129594837005,0.2793721647238961,407.1483186071397,19867.953093204364,21.33535912343916,0,0,0,0.0103651334409997,12024,0,0.0,5,0,failed,"[""QoS violations: 252""]",ae23732358fc058cfb8ea2f83623d8c6cde66ca014fdb50179407e460485e8d8,2be13b58ab47158c630b7ca5bc8f84b9032f2f2217dc77db6feb42af5b584400,3a7b95d0603c6afb7ec26663f123174688d3eb3c4947c30882490977347c4ee5,r51-free-action-design-only-v1,design_expected_payment,3.583129899998312,r53-service-outcomes-v1,objective_expected_payment_at_executed_response,design_response_ir,nominal_model_only_no_current_response_robust_guarantee,violated,completed,0,0,0,False,ffa937f3a51565ce6ef916575ae3965b1ddc3a7501d45745ff113b51cb363fe5,d1acf522a0b674e4d35c5387b40bdfcef2c5618311aada2f72c24673c687c00f,50.0,3.5,1381,0,0,0,design physical graph; nominal bound is not a guarantee at perturbed true response
5,0.3,up_step,frozen_point,r56_seed005__up_step__frozen_point,1,1777,1381,1381,0.7771525042205966,0.7771525042205966,0,0.0,0,0.0,750,411.61725925092514,0.2980573926509233,405.5199814003065,19867.953093204364,-6.097277850618639,0,247,745,0.0634206259032147,12024,0,0.0,5,0,failed,"[""a_star < a_target on 750 assigned pairs""]",ae23732358fc058cfb8ea2f83623d8c6cde66ca014fdb50179407e460485e8d8,2be13b58ab47158c630b7ca5bc8f84b9032f2f2217dc77db6feb42af5b584400,3a7b95d0603c6afb7ec26663f123174688d3eb3c4947c30882490977347c4ee5,r51-free-action-design-only-v1,design_expected_payment,3.589328600006411,r53-service-outcomes-v1,objective_expected_payment_at_executed_response,design_response_ir,nominal_model_only_no_current_response_robust_guarantee,violated,completed,247,0,0,False,ffa937f3a51565ce6ef916575ae3965b1ddc3a7501d45745ff113b51cb363fe5,d1acf522a0b674e4d35c5387b40bdfcef2c5618311aada2f72c24673c687c00f,50.0,3.5,1381,0,0,0,design physical graph; nominal bound is not a guarantee at perturbed true response
6,0.3,down_step,frozen_point,r56_seed006__down_step__frozen_point,1,1777,1359,1103,0.7647720877884074,0.6207090602138435,256,0.188373804267844,0,0.0,0,356.138102250935,0.2620589420536681,374.2692749694734,20013.03466186832,18.13117271853838,0,0,0,0.0349024195140668,12024,0,0.0,5,0,failed,"[""QoS violations: 256""]",d017109f2a2fbc3999f337ed3a530a854f4d1de964d874aa05377ec96b0e50d9,b65f3f141006be4b4b7a3e45f957eb2caf3f88998b4816f2392b5e01b0f7d351,d2ce617bb66510bbc9ac76a0837c82d3b8de2e82d40fdb633659303db050a5ac,r51-free-action-design-only-v1,design_expected_payment,3.5867063000041526,r53-service-outcomes-v1,objective_expected_payment_at_executed_response,design_response_ir,nominal_model_only_no_current_response_robust_guarantee,violated,completed,0,0,0,False,ffa937f3a51565ce6ef916575ae3965b1ddc3a7501d45745ff113b51cb363fe5,d1acf522a0b674e4d35c5387b40bdfcef2c5618311aada2f72c24673c687c00f,50.0,3.5,1359,0,0,0,design physical graph; nominal bound is not a guarantee at perturbed true response
6,0.3,up_step,frozen_point,r56_seed006__up_step__frozen_point,1,1777,1359,1359,0.7647720877884074,0.7647720877884074,0,0.0,0,0.0,736,377.6034271685333,0.2778538831262202,372.4168773061599,20013.03466186832,-5.186549862373454,0,248,735,0.053658143227053,12024,0,0.0,5,0,failed,"[""a_star < a_target on 736 assigned pairs""]",d017109f2a2fbc3999f337ed3a530a854f4d1de964d874aa05377ec96b0e50d9,b65f3f141006be4b4b7a3e45f957eb2caf3f88998b4816f2392b5e01b0f7d351,d2ce617bb66510bbc9ac76a0837c82d3b8de2e82d40fdb633659303db050a5ac,r51-free-action-design-only-v1,design_expected_payment,3.5747607000012067,r53-service-outcomes-v1,objective_expected_payment_at_executed_response,design_response_ir,nominal_model_only_no_current_response_robust_guarantee,violated,completed,248,0,0,False,ffa937f3a51565ce6ef916575ae3965b1ddc3a7501d45745ff113b51cb363fe5,d1acf522a0b674e4d35c5387b40bdfcef2c5618311aada2f72c24673c687c00f,50.0,3.5,1359,0,0,0,design physical graph; nominal bound is not a guarantee at perturbed true response
7,0.3,down_step,frozen_point,r56_seed007__down_step__frozen_point,1,1777,1392,1118,0.7833427124366911,0.6291502532357907,274,0.1968390804597701,0,0.0,0,345.1864981688917,0.247978806155813,364.0195396302925,20200.78604537598,18.8330414614008,0,0,0,0.0253771479839408,12024,0,0.0,5,0,failed,"[""QoS violations: 274""]",2e55135ca6ae0d7bd11732a2a734554c836a2fd75ce45d65f81b721aed675e8a,fd3693c8145f3d4f5c36750ba85a5a5f74212f8157336bb8c462657206616c15,e7ee3763c9da6a638d44b863ef2814e9138d7ec801f3dc34eac47027c8a94ab1,r51-free-action-design-only-v1,design_expected_payment,3.6952926000012662,r53-service-outcomes-v1,objective_expected_payment_at_executed_response,design_response_ir,nominal_model_only_no_current_response_robust_guarantee,violated,completed,0,0,0,False,ffa937f3a51565ce6ef916575ae3965b1ddc3a7501d45745ff113b51cb363fe5,d1acf522a0b674e4d35c5387b40bdfcef2c5618311aada2f72c24673c687c00f,50.0,3.5,1392,0,0,0,design physical graph; nominal bound is not a guarantee at perturbed true response
7,0.3,up_step,frozen_point,r56_seed007__up_step__frozen_point,1,1777,1392,1392,0.7833427124366911,0.7833427124366911,0,0.0,0,0.0,757,368.10334309240966,0.2644420568192598,362.5911084203667,20200.78604537598,-5.512234672042951,0,246,756,0.0414620257896698,12024,0,0.0,5,0,failed,"[""a_star < a_target on 757 assigned pairs""]",2e55135ca6ae0d7bd11732a2a734554c836a2fd75ce45d65f81b721aed675e8a,fd3693c8145f3d4f5c36750ba85a5a5f74212f8157336bb8c462657206616c15,e7ee3763c9da6a638d44b863ef2814e9138d7ec801f3dc34eac47027c8a94ab1,r51-free-action-design-only-v1,design_expected_payment,3.5820996000038576,r53-service-outcomes-v1,objective_expected_payment_at_executed_response,design_response_ir,nominal_model_only_no_current_response_robust_guarantee,violated,completed,246,0,0,False,ffa937f3a51565ce6ef916575ae3965b1ddc3a7501d45745ff113b51cb363fe5,d1acf522a0b674e4d35c5387b40bdfcef2c5618311aada2f72c24673c687c00f,50.0,3.5,1392,0,0,0,design physical graph; nominal bound is not a guarantee at perturbed true response
8,0.3,down_step,frozen_point,r56_seed008__down_step__frozen_point,1,1777,1422,1149,0.8002250984805852,0.646595385481148,273,0.1919831223628691,0,0.0,0,420.792410753898,0.2959159006708143,442.16649019547737,19827.53401393431,21.3740794415794,0,0,0,0.0468208856351213,12024,0,0.0,5,0,failed,"[""QoS violations: 273""]",bf745d70be996a978398c60fd1cde71e6c61ad177efbd9c9eddf34300e8002c4,066f4c0ae96132169fb2bbcf63fd10252ccb54a6f486c27d5a8d0ed49edb20ab,6b7acfbb6b2ef2b89b4c55d109cb09dea89aef8f70ac4dcda3c0d260eb14d4c0,r51-free-action-design-only-v1,design_expected_payment,3.588043600000674,r53-service-outcomes-v1,objective_expected_payment_at_executed_response,design_response_ir,nominal_model_only_no_current_response_robust_guarantee,violated,completed,0,0,0,False,ffa937f3a51565ce6ef916575ae3965b1ddc3a7501d45745ff113b51cb363fe5,d1acf522a0b674e4d35c5387b40bdfcef2c5618311aada2f72c24673c687c00f,50.0,3.5,1422,0,0,0,design physical graph; nominal bound is not a guarantee at perturbed true response
8,0.3,up_step,frozen_point,r56_seed008__up_step__frozen_point,1,1777,1422,1422,0.8002250984805852,0.8002250984805852,0,0.0,0,0.0,776,446.3602724960269,0.3138961128664043,440.21194380862585,19827.53401393431,-6.148328687401033,0,249,772,0.0581401990132909,12024,0,0.0,5,0,failed,"[""a_star < a_target on 776 assigned pairs""]",bf745d70be996a978398c60fd1cde71e6c61ad177efbd9c9eddf34300e8002c4,066f4c0ae96132169fb2bbcf63fd10252ccb54a6f486c27d5a8d0ed49edb20ab,6b7acfbb6b2ef2b89b4c55d109cb09dea89aef8f70ac4dcda3c0d260eb14d4c0,r51-free-action-design-only-v1,design_expected_payment,3.858232500002487,r53-service-outcomes-v1,objective_expected_payment_at_executed_response,design_response_ir,nominal_model_only_no_current_response_robust_guarantee,violated,completed,249,0,0,False,ffa937f3a51565ce6ef916575ae3965b1ddc3a7501d45745ff113b51cb363fe5,d1acf522a0b674e4d35c5387b40bdfcef2c5618311aada2f72c24673c687c00f,50.0,3.5,1422,0,0,0,design physical graph; nominal bound is not a guarantee at perturbed true response
9,0.3,down_step,frozen_point,r56_seed009__down_step__frozen_point,1,1777,1390,1127,0.7822172200337648,0.6342149690489589,263,0.1892086330935251,0,0.0,0,466.9475453512436,0.335933485864204,492.0032101006766,19938.685615156748,25.05566474943305,0,0,0,0.0320666796052335,12024,0,0.0,5,0,failed,"[""QoS violations: 263""]",b7025e229f1d2d31f6c2df64bf4b24a1197cedff905b69f359300e0b7c2a375b,b81da72a1a91603547b6653c656bf94ba0ca4367f82f2a8478e93464f7deb60b,2c447c14891b490eec2ddb9e73e556eb47ec5682e28f0ef5ef1a212b679701c0,r51-free-action-design-only-v1,design_expected_payment,3.61308519999875,r53-service-outcomes-v1,objective_expected_payment_at_executed_response,design_response_ir,nominal_model_only_no_current_response_robust_guarantee,violated,completed,0,0,0,False,ffa937f3a51565ce6ef916575ae3965b1ddc3a7501d45745ff113b51cb363fe5,d1acf522a0b674e4d35c5387b40bdfcef2c5618311aada2f72c24673c687c00f,50.0,3.5,1390,0,0,0,design physical graph; nominal bound is not a guarantee at perturbed true response
9,0.3,up_step,frozen_point,r56_seed009__up_step__frozen_point,1,1777,1390,1390,0.7822172200337648,0.7822172200337648,0,0.0,0,0.0,760,497.574395939094,0.3579671913230892,490.31810993315605,19938.685615156748,-7.256286005937909,0,246,760,0.0841748942207786,12024,0,0.0,5,0,failed,"[""a_star < a_target on 760 assigned pairs""]",b7025e229f1d2d31f6c2df64bf4b24a1197cedff905b69f359300e0b7c2a375b,b81da72a1a91603547b6653c656bf94ba0ca4367f82f2a8478e93464f7deb60b,2c447c14891b490eec2ddb9e73e556eb47ec5682e28f0ef5ef1a212b679701c0,r51-free-action-design-only-v1,design_expected_payment,3.577032599998347,r53-service-outcomes-v1,objective_expected_payment_at_executed_response,design_response_ir,nominal_model_only_no_current_response_robust_guarantee,violated,completed,246,0,0,False,ffa937f3a51565ce6ef916575ae3965b1ddc3a7501d45745ff113b51cb363fe5,d1acf522a0b674e4d35c5387b40bdfcef2c5618311aada2f72c24673c687c00f,50.0,3.5,1390,0,0,0,design physical graph; nominal bound is not a guarantee at perturbed true response
10,0.3,down_step,frozen_point,r56_seed010__down_step__frozen_point,1,1777,1396,1133,0.7855936972425436,0.6375914462577378,263,0.1883954154727793,0,0.0,0,356.6433578587729,0.255475184712588,376.7434989653967,19984.84671406278,20.100141106623823,0,0,0,0.0313131928976027,12024,0,0.0,5,0,failed,"[""QoS violations: 263""]",03051b2e26fd33f2c9196b83f087734aab91744200ceaedc763369c7ac6ad906,414330fb34d1ad6c134a6d8dc56a936422dcf13bc1be84fce307027f98c6d04d,a50bb21ce080459b77bffcc84d61dd7bdb919bb789b3e8bb74ee4be7d2241bb2,r51-free-action-design-only-v1,design_expected_payment,3.5629241000060574,r53-service-outcomes-v1,objective_expected_payment_at_executed_response,design_response_ir,nominal_model_only_no_current_response_robust_guarantee,violated,completed,0,0,0,False,ffa937f3a51565ce6ef916575ae3965b1ddc3a7501d45745ff113b51cb363fe5,d1acf522a0b674e4d35c5387b40bdfcef2c5618311aada2f72c24673c687c00f,50.0,3.5,1396,0,0,0,design physical graph; nominal bound is not a guarantee at perturbed true response
10,0.3,up_step,frozen_point,r56_seed010__up_step__frozen_point,1,1777,1396,1396,0.7855936972425436,0.7855936972425436,0,0.0,0,0.0,760,381.0167378676938,0.2729346259797233,375.3219435000004,19984.84671406278,-5.694794367693362,0,251,760,0.0313131928976027,12024,0,0.0,5,0,failed,"[""a_star < a_target on 760 assigned pairs""]",03051b2e26fd33f2c9196b83f087734aab91744200ceaedc763369c7ac6ad906,414330fb34d1ad6c134a6d8dc56a936422dcf13bc1be84fce307027f98c6d04d,a50bb21ce080459b77bffcc84d61dd7bdb919bb789b3e8bb74ee4be7d2241bb2,r51-free-action-design-only-v1,design_expected_payment,3.70109140000568,r53-service-outcomes-v1,objective_expected_payment_at_executed_response,design_response_ir,nominal_model_only_no_current_response_robust_guarantee,violated,completed,251,0,0,False,ffa937f3a51565ce6ef916575ae3965b1ddc3a7501d45745ff113b51cb363fe5,d1acf522a0b674e4d35c5387b40bdfcef2c5618311aada2f72c24673c687c00f,50.0,3.5,1396,0,0,0,design physical graph; nominal bound is not a guarantee at perturbed true response
11,0.3,down_step,frozen_point,r56_seed011__down_step__frozen_point,1,1777,1355,1107,0.7625211029825548,0.6229600450196962,248,0.1830258302583025,1,0.0007380073800738,0,388.39553476298136,0.2866387710427907,409.30161704411233,19988.29793074326,20.906082281130978,0,0,0,0.0048179819843966,12024,0,0.0,5,0,failed,"[""IR violations: 1"",""QoS violations: 248""]",4b2fe588fb753a114ad93ab8242cc08d51934dab841b3db8540b08727d1f57c8,1a895b68c1d6fd9b38e1dd5a73d67a1fb09950e21b4b614b2fa6aa378c9d286f,5d7715c3582242608526e1fcc24cab348745e259796c30062a02f36a3480cf84,r51-free-action-design-only-v1,design_expected_payment,3.719983299997693,r53-service-outcomes-v1,objective_expected_payment_at_executed_response,design_response_ir,nominal_model_only_no_current_response_robust_guarantee,violated,completed,0,0,0,False,ffa937f3a51565ce6ef916575ae3965b1ddc3a7501d45745ff113b51cb363fe5,d1acf522a0b674e4d35c5387b40bdfcef2c5618311aada2f72c24673c687c00f,50.0,3.5,1355,0,0,0,design physical graph; nominal bound is not a guarantee at perturbed true response
11,0.3,up_step,frozen_point,r56_seed011__up_step__frozen_point,1,1777,1355,1355,0.7625211029825548,0.7625211029825548,0,0.0,0,0.0,734,413.76202676676616,0.3053594293481669,407.9442990501822,19988.29793074326,-5.817727716583931,0,250,733,0.0274478023759088,12024,0,0.0,5,0,failed,"[""a_star < a_target on 734 assigned pairs""]",4b2fe588fb753a114ad93ab8242cc08d51934dab841b3db8540b08727d1f57c8,1a895b68c1d6fd9b38e1dd5a73d67a1fb09950e21b4b614b2fa6aa378c9d286f,5d7715c3582242608526e1fcc24cab348745e259796c30062a02f36a3480cf84,r51-free-action-design-only-v1,design_expected_payment,3.891181400002097,r53-service-outcomes-v1,objective_expected_payment_at_executed_response,design_response_ir,nominal_model_only_no_current_response_robust_guarantee,violated,completed,250,0,0,False,ffa937f3a51565ce6ef916575ae3965b1ddc3a7501d45745ff113b51cb363fe5,d1acf522a0b674e4d35c5387b40bdfcef2c5618311aada2f72c24673c687c00f,50.0,3.5,1355,0,0,0,design physical graph; nominal bound is not a guarantee at perturbed true response
12,0.3,down_step,frozen_point,r56_seed012__down_step__frozen_point,1,1777,1378,1123,0.7754642656162071,0.6319639842431064,255,0.1850507982583454,0,0.0,0,408.2157255778267,0.2962378269795549,430.909378220921,19908.245507208125,22.69365264309431,0,0,0,0.0536268581642109,12024,0,0.0,5,0,failed,"[""QoS violations: 255""]",491b3cd3915ecd3a7fc7016146d5b9f98e88183ce76e1cf50c4cbd3e07df45d6,2fce02875d2bbf7302104fe15f74a902813d09e8bb7ec0e8170e7c3ecfdae02a,0bb04fa9c9f6fc455f23114dc57226a5dfc7d491aa25d95c76995b4b7834c7a4,r51-free-action-design-only-v1,design_expected_payment,3.798201900004642,r53-service-outcomes-v1,objective_expected_payment_at_executed_response,design_response_ir,nominal_model_only_no_current_response_robust_guarantee,violated,completed,0,0,0,False,ffa937f3a51565ce6ef916575ae3965b1ddc3a7501d45745ff113b51cb363fe5,d1acf522a0b674e4d35c5387b40bdfcef2c5618311aada2f72c24673c687c00f,50.0,3.5,1378,0,0,0,design physical graph; nominal bound is not a guarantee at perturbed true response
12,0.3,up_step,frozen_point,r56_seed012__up_step__frozen_point,1,1777,1378,1378,0.7754642656162071,0.7754642656162071,0,0.0,0,0.0,751,435.936911600518,0.3163547979684455,429.6513860859511,19908.245507208125,-6.285525514566871,0,242,751,0.0536268581642109,12024,0,0.0,5,0,failed,"[""a_star < a_target on 751 assigned pairs""]",491b3cd3915ecd3a7fc7016146d5b9f98e88183ce76e1cf50c4cbd3e07df45d6,2fce02875d2bbf7302104fe15f74a902813d09e8bb7ec0e8170e7c3ecfdae02a,0bb04fa9c9f6fc455f23114dc57226a5dfc7d491aa25d95c76995b4b7834c7a4,r51-free-action-design-only-v1,design_expected_payment,3.852254299999913,r53-service-outcomes-v1,objective_expected_payment_at_executed_response,design_response_ir,nominal_model_only_no_current_response_robust_guarantee,violated,completed,242,0,0,False,ffa937f3a51565ce6ef916575ae3965b1ddc3a7501d45745ff113b51cb363fe5,d1acf522a0b674e4d35c5387b40bdfcef2c5618311aada2f72c24673c687c00f,50.0,3.5,1378,0,0,0,design physical graph; nominal bound is not a guarantee at perturbed true response
13,0.3,down_step,frozen_point,r56_seed013__down_step__frozen_point,1,1777,1365,1114,0.7681485649971863,0.6268992684299382,251,0.1838827838827839,0,0.0,0,510.0651384112706,0.3736740940741909,538.7070596836796,20017.205649629894,28.64192127240904,0,0,0,0.0333130146594886,12024,0,0.0,5,0,failed,"[""QoS violations: 251""]",be3204f9d9f0e0769c2267a051d05091a681404e5053abdaa0940439740b662b,823b33f6f3775362cf5df849e891c4378fb482d1166fd14bcd56d252d440f9d5,0af85bfc04ba73df9a631124018d466e96d2967e43843bdbe2ca5d9dcfc17763,r51-free-action-design-only-v1,design_expected_payment,3.855024200005573,r53-service-outcomes-v1,objective_expected_payment_at_executed_response,design_response_ir,nominal_model_only_no_current_response_robust_guarantee,violated,completed,0,0,0,False,ffa937f3a51565ce6ef916575ae3965b1ddc3a7501d45745ff113b51cb363fe5,d1acf522a0b674e4d35c5387b40bdfcef2c5618311aada2f72c24673c687c00f,50.0,3.5,1365,0,0,0,design physical graph; nominal bound is not a guarantee at perturbed true response
13,0.3,up_step,frozen_point,r56_seed013__up_step__frozen_point,1,1777,1365,1365,0.7681485649971863,0.7681485649971863,0,0.0,0,0.0,742,545.9891213400876,0.3999920302857785,537.7310168701475,20017.205649629894,-8.258104469940122,0,248,739,0.0638893547891915,12024,0,0.0,5,0,failed,"[""a_star < a_target on 742 assigned pairs""]",be3204f9d9f0e0769c2267a051d05091a681404e5053abdaa0940439740b662b,823b33f6f3775362cf5df849e891c4378fb482d1166fd14bcd56d252d440f9d5,0af85bfc04ba73df9a631124018d466e96d2967e43843bdbe2ca5d9dcfc17763,r51-free-action-design-only-v1,design_expected_payment,3.995334699997329,r53-service-outcomes-v1,objective_expected_payment_at_executed_response,design_response_ir,nominal_model_only_no_current_response_robust_guarantee,violated,completed,248,0,0,False,ffa937f3a51565ce6ef916575ae3965b1ddc3a7501d45745ff113b51cb363fe5,d1acf522a0b674e4d35c5387b40bdfcef2c5618311aada2f72c24673c687c00f,50.0,3.5,1365,0,0,0,design physical graph; nominal bound is not a guarantee at perturbed true response
14,0.3,down_step,frozen_point,r56_seed014__down_step__frozen_point,1,1777,1387,1133,0.7805289814293753,0.6375914462577378,254,0.183129055515501,0,0.0,0,393.007236370628,0.2833505669579149,414.61584608496753,19945.234393897797,21.608609714339536,0,0,0,0.0402708511982472,12024,0,0.0,5,0,failed,"[""QoS violations: 254""]",13c1a120d99c1f4c3e281ff0237721be2fd7293951dcce6c58e485d842f78bd1,78a77f7c877c036179bb310f954ea4c2020a3fd921c77cfbe6ce43f774b04915,21074137958fb4a860eaf8bf6355a9314811688aebf62ca55de0cc3dbf785dbe,r51-free-action-design-only-v1,design_expected_payment,3.8393310000028578,r53-service-outcomes-v1,objective_expected_payment_at_executed_response,design_response_ir,nominal_model_only_no_current_response_robust_guarantee,violated,completed,0,0,0,False,ffa937f3a51565ce6ef916575ae3965b1ddc3a7501d45745ff113b51cb363fe5,d1acf522a0b674e4d35c5387b40bdfcef2c5618311aada2f72c24673c687c00f,50.0,3.5,1387,0,0,0,design physical graph; nominal bound is not a guarantee at perturbed true response
14,0.3,up_step,frozen_point,r56_seed014__up_step__frozen_point,1,1777,1387,1387,0.7805289814293753,0.7805289814293753,0,0.0,0,0.0,753,419.479595859279,0.3024366228257238,413.3707009317131,19945.234393897797,-6.108894927565928,0,250,753,0.0805403266190275,12024,0,0.0,5,0,failed,"[""a_star < a_target on 753 assigned pairs""]",13c1a120d99c1f4c3e281ff0237721be2fd7293951dcce6c58e485d842f78bd1,78a77f7c877c036179bb310f954ea4c2020a3fd921c77cfbe6ce43f774b04915,21074137958fb4a860eaf8bf6355a9314811688aebf62ca55de0cc3dbf785dbe,r51-free-action-design-only-v1,design_expected_payment,3.9036828000025703,r53-service-outcomes-v1,objective_expected_payment_at_executed_response,design_response_ir,nominal_model_only_no_current_response_robust_guarantee,violated,completed,250,0,0,False,ffa937f3a51565ce6ef916575ae3965b1ddc3a7501d45745ff113b51cb363fe5,d1acf522a0b674e4d35c5387b40bdfcef2c5618311aada2f72c24673c687c00f,50.0,3.5,1387,0,0,0,design physical graph; nominal bound is not a guarantee at perturbed true response
15,0.3,down_step,frozen_point,r56_seed015__down_step__frozen_point,1,1777,1384,1097,0.7788407428249859,0.6173325830050647,287,0.2073699421965318,0,0.0,0,501.16129516875225,0.3621107624051678,530.6692615676491,20048.296377733976,29.507966398896823,0,0,0,0.0519373991117503,12024,0,0.0,5,0,failed,"[""QoS violations: 287""]",691810dff3da21e5d750e129792c2a97ad701a8c0819e1e06d5fd43a9389d438,9fcd334f94780a37e5a1ff31a935a6155bb78dc342aa81c3eee26182d1e1529b,f60572eee31c2dad22ee85b99443ee896b9d09a1c648740cf63981c9427f29c8,r51-free-action-design-only-v1,design_expected_payment,4.007113700004993,r53-service-outcomes-v1,objective_expected_payment_at_executed_response,design_response_ir,nominal_model_only_no_current_response_robust_guarantee,violated,completed,0,0,0,False,ffa937f3a51565ce6ef916575ae3965b1ddc3a7501d45745ff113b51cb363fe5,d1acf522a0b674e4d35c5387b40bdfcef2c5618311aada2f72c24673c687c00f,50.0,3.5,1384,0,0,0,design physical graph; nominal bound is not a guarantee at perturbed true response
15,0.3,up_step,frozen_point,r56_seed015__up_step__frozen_point,1,1777,1384,1384,0.7788407428249859,0.7788407428249859,0,0.0,0,0.0,763,538.2697273379445,0.3889232133944685,529.5709454209468,20048.296377733976,-8.698781916997632,0,248,763,0.0679371139344415,12024,0,0.0,5,0,failed,"[""a_star < a_target on 763 assigned pairs""]",691810dff3da21e5d750e129792c2a97ad701a8c0819e1e06d5fd43a9389d438,9fcd334f94780a37e5a1ff31a935a6155bb78dc342aa81c3eee26182d1e1529b,f60572eee31c2dad22ee85b99443ee896b9d09a1c648740cf63981c9427f29c8,r51-free-action-design-only-v1,design_expected_payment,4.175332700004219,r53-service-outcomes-v1,objective_expected_payment_at_executed_response,design_response_ir,nominal_model_only_no_current_response_robust_guarantee,violated,completed,248,0,0,False,ffa937f3a51565ce6ef916575ae3965b1ddc3a7501d45745ff113b51cb363fe5,d1acf522a0b674e4d35c5387b40bdfcef2c5618311aada2f72c24673c687c00f,50.0,3.5,1384,0,0,0,design physical graph; nominal bound is not a guarantee at perturbed true response
16,0.3,down_step,frozen_point,r56_seed016__down_step__frozen_point,1,1777,1392,1121,0.7833427124366911,0.63083849184018,271,0.194683908045977,0,0.0,0,451.2748529594002,0.3241917047122128,477.9606830917592,20012.54966008693,26.685830132358944,0,0,0,0.0416162591934959,12024,0,0.0,5,0,failed,"[""QoS violations: 271""]",b181f6ff1fa37fddfc7830527ac2f8918a00292c2bf3017d1771500a65ee6bdd,7de147014cb3571fefee23b169c7509d75cfd8c46b1ffedc6db42b4cc5e5fcba,39406fc53ad01b3716deee41c9e4e6af3e15e42b807d4d55d0dc7e378fb0b94c,r51-free-action-design-only-v1,design_expected_payment,3.804398899999797,r53-service-outcomes-v1,objective_expected_payment_at_executed_response,design_response_ir,nominal_model_only_no_current_response_robust_guarantee,violated,completed,0,0,0,False,ffa937f3a51565ce6ef916575ae3965b1ddc3a7501d45745ff113b51cb363fe5,d1acf522a0b674e4d35c5387b40bdfcef2c5618311aada2f72c24673c687c00f,50.0,3.5,1392,0,0,0,design physical graph; nominal bound is not a guarantee at perturbed true response
16,0.3,up_step,frozen_point,r56_seed016__up_step__frozen_point,1,1777,1392,1392,0.7833427124366911,0.7833427124366911,0,0.0,0,0.0,754,484.4900209406956,0.3480531759631434,476.86698610175233,20012.54966008693,-7.623034838943283,0,250,754,0.0416162591934959,12024,0,0.0,5,0,failed,"[""a_star < a_target on 754 assigned pairs""]",b181f6ff1fa37fddfc7830527ac2f8918a00292c2bf3017d1771500a65ee6bdd,7de147014cb3571fefee23b169c7509d75cfd8c46b1ffedc6db42b4cc5e5fcba,39406fc53ad01b3716deee41c9e4e6af3e15e42b807d4d55d0dc7e378fb0b94c,r51-free-action-design-only-v1,design_expected_payment,3.6546766000028574,r53-service-outcomes-v1,objective_expected_payment_at_executed_response,design_response_ir,nominal_model_only_no_current_response_robust_guarantee,violated,completed,250,0,0,False,ffa937f3a51565ce6ef916575ae3965b1ddc3a7501d45745ff113b51cb363fe5,d1acf522a0b674e4d35c5387b40bdfcef2c5618311aada2f72c24673c687c00f,50.0,3.5,1392,0,0,0,design physical graph; nominal bound is not a guarantee at perturbed true response
17,0.3,down_step,frozen_point,r56_seed017__down_step__frozen_point,1,1777,1378,1105,0.7754642656162071,0.6218345526167698,273,0.1981132075471698,0,0.0,0,417.5943431898124,0.3030437904135068,440.3704520795841,20041.16484559333,22.77610888977165,0,0,0,0.0367755732731648,12024,0,0.0,5,0,failed,"[""QoS violations: 273""]",ce6437c834818a5c645503142eaed157a72bb9be46f8feb23720b37b8e362191,c6d2a1296d9a93fcc7355b94c45d0f4e3eecbf3e1017eac063a9f77854f39e7f,f1cf33f6f2ae1f2ce9ceaf9dc25e2df95f053c49e85a26a0fa88a5529f5f32cf,r51-free-action-design-only-v1,design_expected_payment,4.056420000000799,r53-service-outcomes-v1,objective_expected_payment_at_executed_response,design_response_ir,nominal_model_only_no_current_response_robust_guarantee,violated,completed,0,0,0,False,ffa937f3a51565ce6ef916575ae3965b1ddc3a7501d45745ff113b51cb363fe5,d1acf522a0b674e4d35c5387b40bdfcef2c5618311aada2f72c24673c687c00f,50.0,3.5,1378,0,0,0,design physical graph; nominal bound is not a guarantee at perturbed true response
17,0.3,up_step,frozen_point,r56_seed017__up_step__frozen_point,1,1777,1378,1378,0.7754642656162071,0.7754642656162071,0,0.0,0,0.0,744,445.4119312314917,0.3232307193261914,438.87457394050136,20041.16484559333,-6.537357290990371,0,246,743,0.0558349689707059,12024,0,0.0,5,0,failed,"[""a_star < a_target on 744 assigned pairs""]",ce6437c834818a5c645503142eaed157a72bb9be46f8feb23720b37b8e362191,c6d2a1296d9a93fcc7355b94c45d0f4e3eecbf3e1017eac063a9f77854f39e7f,f1cf33f6f2ae1f2ce9ceaf9dc25e2df95f053c49e85a26a0fa88a5529f5f32cf,r51-free-action-design-only-v1,design_expected_payment,3.709082699999272,r53-service-outcomes-v1,objective_expected_payment_at_executed_response,design_response_ir,nominal_model_only_no_current_response_robust_guarantee,violated,completed,246,0,0,False,ffa937f3a51565ce6ef916575ae3965b1ddc3a7501d45745ff113b51cb363fe5,d1acf522a0b674e4d35c5387b40bdfcef2c5618311aada2f72c24673c687c00f,50.0,3.5,1378,0,0,0,design physical graph; nominal bound is not a guarantee at perturbed true response
18,0.3,down_step,frozen_point,r56_seed018__down_step__frozen_point,1,1777,1419,1162,0.7985368598761958,0.6539110861001688,257,0.1811134601832276,0,0.0,0,405.93852277827233,0.286073659463194,428.1578355423482,19914.47020284537,22.21931276407588,0,0,0,0.02989091639573,12024,0,0.0,5,0,failed,"[""QoS violations: 257""]",4e06085b53ec6c4eaf71c6531cffdd06487c8e37180a8d17152eb1ddefad9885,2a99de826c054d993c3fc1ba82ea9142146b0bfa899696836b08409cefd1d164,8af0b63dbdf20df2f9fd78dc877672bd410fd58f51d6a412c9d20a895b1a764f,r51-free-action-design-only-v1,design_expected_payment,3.987901300002704,r53-service-outcomes-v1,objective_expected_payment_at_executed_response,design_response_ir,nominal_model_only_no_current_response_robust_guarantee,violated,completed,0,0,0,False,ffa937f3a51565ce6ef916575ae3965b1ddc3a7501d45745ff113b51cb363fe5,d1acf522a0b674e4d35c5387b40bdfcef2c5618311aada2f72c24673c687c00f,50.0,3.5,1419,0,0,0,design physical graph; nominal bound is not a guarantee at perturbed true response
18,0.3,up_step,frozen_point,r56_seed018__up_step__frozen_point,1,1777,1419,1419,0.7985368598761958,0.7985368598761958,0,0.0,0,0.0,776,433.4069233690718,0.305431235637119,427.06925849176656,19914.47020284537,-6.337664877305258,0,248,776,0.0496450913979638,12024,0,0.0,5,0,failed,"[""a_star < a_target on 776 assigned pairs""]",4e06085b53ec6c4eaf71c6531cffdd06487c8e37180a8d17152eb1ddefad9885,2a99de826c054d993c3fc1ba82ea9142146b0bfa899696836b08409cefd1d164,8af0b63dbdf20df2f9fd78dc877672bd410fd58f51d6a412c9d20a895b1a764f,r51-free-action-design-only-v1,design_expected_payment,3.610386799999105,r53-service-outcomes-v1,objective_expected_payment_at_executed_response,design_response_ir,nominal_model_only_no_current_response_robust_guarantee,violated,completed,248,0,0,False,ffa937f3a51565ce6ef916575ae3965b1ddc3a7501d45745ff113b51cb363fe5,d1acf522a0b674e4d35c5387b40bdfcef2c5618311aada2f72c24673c687c00f,50.0,3.5,1419,0,0,0,design physical graph; nominal bound is not a guarantee at perturbed true response
19,0.3,down_step,frozen_point,r56_seed019__down_step__frozen_point,1,1777,1387,1123,0.7805289814293753,0.6319639842431064,264,0.190338860850757,0,0.0,0,383.2507355426385,0.2763163197856081,404.4904338696221,20098.96781332902,21.23969832698361,0,0,0,0.0507169373735294,12024,0,0.0,5,0,failed,"[""QoS violations: 264""]",6ebeb0583d836380c6e7fd3b400cacfaefe7a058f845acd7530b3a830b8bd9f4,01a36f1fc6aa40a2da2d8ba1c0092086582689d3ea13694b339abbb0ebd8f278,e5b3931923dbf0dcb82ebebf48104747d0c2c003d264bf490176201530fd160a,r51-free-action-design-only-v1,design_expected_payment,3.669573400002264,r53-service-outcomes-v1,objective_expected_payment_at_executed_response,design_response_ir,nominal_model_only_no_current_response_robust_guarantee,violated,completed,0,0,0,False,ffa937f3a51565ce6ef916575ae3965b1ddc3a7501d45745ff113b51cb363fe5,d1acf522a0b674e4d35c5387b40bdfcef2c5618311aada2f72c24673c687c00f,50.0,3.5,1387,0,0,0,design physical graph; nominal bound is not a guarantee at perturbed true response
19,0.3,up_step,frozen_point,r56_seed019__up_step__frozen_point,1,1777,1387,1387,0.7805289814293753,0.7805289814293753,0,0.0,0,0.0,756,408.67823913969295,0.2946490548952364,402.627691839498,20098.96781332902,-6.050547300194978,0,246,752,0.0507169373735294,12024,0,0.0,5,0,failed,"[""a_star < a_target on 756 assigned pairs""]",6ebeb0583d836380c6e7fd3b400cacfaefe7a058f845acd7530b3a830b8bd9f4,01a36f1fc6aa40a2da2d8ba1c0092086582689d3ea13694b339abbb0ebd8f278,e5b3931923dbf0dcb82ebebf48104747d0c2c003d264bf490176201530fd160a,r51-free-action-design-only-v1,design_expected_payment,3.726249100000132,r53-service-outcomes-v1,objective_expected_payment_at_executed_response,design_response_ir,nominal_model_only_no_current_response_robust_guarantee,violated,completed,246,0,0,False,ffa937f3a51565ce6ef916575ae3965b1ddc3a7501d45745ff113b51cb363fe5,d1acf522a0b674e4d35c5387b40bdfcef2c5618311aada2f72c24673c687c00f,50.0,3.5,1387,0,0,0,design physical graph; nominal bound is not a guarantee at perturbed true response
20,0.3,down_step,frozen_point,r56_seed020__down_step__frozen_point,1,1777,1367,1100,0.7692740574001126,0.6190208216094542,267,0.1953182150694952,0,0.0,0,396.5701268211925,0.2901025068187216,418.9219991476408,19941.12596174611,22.3518723264483,0,0,0,0.042261451901494,12024,0,0.0,5,0,failed,"[""QoS violations: 267""]",96b2169c51449968d80927c787d3213033a1df65c7d507516fb0bd0384724aad,ffdb022e433269de95f5cb348bd16896ae4a9a7f8c62683a80a2ac0c0be3a2e4,c78e0dd7ab5ae213fd9fc73e5fe79fae09e42bac05d36a07ab75882e0a3d05df,r51-free-action-design-only-v1,design_expected_payment,3.699790500002564,r53-service-outcomes-v1,objective_expected_payment_at_executed_response,design_response_ir,nominal_model_only_no_current_response_robust_guarantee,violated,completed,0,0,0,False,ffa937f3a51565ce6ef916575ae3965b1ddc3a7501d45745ff113b51cb363fe5,d1acf522a0b674e4d35c5387b40bdfcef2c5618311aada2f72c24673c687c00f,50.0,3.5,1367,0,0,0,design physical graph; nominal bound is not a guarantee at perturbed true response
20,0.3,up_step,frozen_point,r56_seed020__up_step__frozen_point,1,1777,1367,1367,0.7692740574001126,0.7692740574001126,0,0.0,0,0.0,729,423.7912506595424,0.3100155454715013,417.38789267304855,19941.12596174611,-6.403357986493802,0,249,717,0.0462986964912795,12024,0,0.0,5,0,failed,"[""a_star < a_target on 729 assigned pairs""]",96b2169c51449968d80927c787d3213033a1df65c7d507516fb0bd0384724aad,ffdb022e433269de95f5cb348bd16896ae4a9a7f8c62683a80a2ac0c0be3a2e4,c78e0dd7ab5ae213fd9fc73e5fe79fae09e42bac05d36a07ab75882e0a3d05df,r51-free-action-design-only-v1,design_expected_payment,3.6757398000045214,r53-service-outcomes-v1,objective_expected_payment_at_executed_response,design_response_ir,nominal_model_only_no_current_response_robust_guarantee,violated,completed,249,0,0,False,ffa937f3a51565ce6ef916575ae3965b1ddc3a7501d45745ff113b51cb363fe5,d1acf522a0b674e4d35c5387b40bdfcef2c5618311aada2f72c24673c687c00f,50.0,3.5,1367,0,0,0,design physical graph; nominal bound is not a guarantee at perturbed true response
21,0.3,down_step,frozen_point,r56_seed021__down_step__frozen_point,1,1777,1366,1083,0.7687113111986494,0.6094541361845808,283,0.2071742313323572,0,0.0,0,382.3132340899655,0.2798779166105165,403.5290131034016,20054.841219310347,21.21577901343608,0,0,0,0.0341985672040839,12024,0,0.0,5,0,failed,"[""QoS violations: 283""]",3b707f130704c5fb9cd7e0fdd87f7e380b4131839c351cb4a4f9b5ca2d308fd4,58d805ad9138ba89335806d4ed8c02d45ee41ba03b6f4566a71373977db5f580,01c2519d36f0c8664d30a75858791a7128f1f28e69d7fa72a842835d897680a3,r51-free-action-design-only-v1,design_expected_payment,3.769659099998535,r53-service-outcomes-v1,objective_expected_payment_at_executed_response,design_response_ir,nominal_model_only_no_current_response_robust_guarantee,violated,completed,0,0,0,False,ffa937f3a51565ce6ef916575ae3965b1ddc3a7501d45745ff113b51cb363fe5,d1acf522a0b674e4d35c5387b40bdfcef2c5618311aada2f72c24673c687c00f,50.0,3.5,1366,0,0,0,design physical graph; nominal bound is not a guarantee at perturbed true response
21,0.3,up_step,frozen_point,r56_seed021__up_step__frozen_point,1,1777,1366,1366,0.7687113111986494,0.7687113111986494,0,0.0,0,0.0,750,408.2790099127207,0.2988865372713914,402.1558781536105,20054.841219310347,-6.123131759110152,0,244,747,0.0345015604688066,12024,0,0.0,5,0,failed,"[""a_star < a_target on 750 assigned pairs""]",3b707f130704c5fb9cd7e0fdd87f7e380b4131839c351cb4a4f9b5ca2d308fd4,58d805ad9138ba89335806d4ed8c02d45ee41ba03b6f4566a71373977db5f580,01c2519d36f0c8664d30a75858791a7128f1f28e69d7fa72a842835d897680a3,r51-free-action-design-only-v1,design_expected_payment,4.12104189999809,r53-service-outcomes-v1,objective_expected_payment_at_executed_response,design_response_ir,nominal_model_only_no_current_response_robust_guarantee,violated,completed,244,0,0,False,ffa937f3a51565ce6ef916575ae3965b1ddc3a7501d45745ff113b51cb363fe5,d1acf522a0b674e4d35c5387b40bdfcef2c5618311aada2f72c24673c687c00f,50.0,3.5,1366,0,0,0,design physical graph; nominal bound is not a guarantee at perturbed true response
22,0.3,down_step,frozen_point,r56_seed022__down_step__frozen_point,1,1777,1366,1106,0.7687113111986494,0.622397298818233,260,0.1903367496339678,0,0.0,0,457.5108484747195,0.3349274146959879,482.6381972260814,20125.518777621917,25.127348751361865,0,0,0,0.0419563107762901,12024,0,0.0,5,0,failed,"[""QoS violations: 260""]",381189137792b30157ea52ed5b313568d4e16cdd9862691b2aa0b57f1719670e,bf021e14df88ddd2a72339d697ed79aa401d17a6067e6d29e97181fbf0186aaa,c3dfd6e318745c9c79b5ab83e1908a3ed8d40ea00bce11e2504e71d537804886,r51-free-action-design-only-v1,design_expected_payment,3.716306000002078,r53-service-outcomes-v1,objective_expected_payment_at_executed_response,design_response_ir,nominal_model_only_no_current_response_robust_guarantee,violated,completed,0,0,0,False,ffa937f3a51565ce6ef916575ae3965b1ddc3a7501d45745ff113b51cb363fe5,d1acf522a0b674e4d35c5387b40bdfcef2c5618311aada2f72c24673c687c00f,50.0,3.5,1366,0,0,0,design physical graph; nominal bound is not a guarantee at perturbed true response
22,0.3,up_step,frozen_point,r56_seed022__up_step__frozen_point,1,1777,1366,1366,0.7687113111986494,0.7687113111986494,0,0.0,0,0.0,746,488.4826209600853,0.3576007474085543,481.2245020708685,20125.518777621917,-7.258118889216746,0,247,743,0.0782935068575583,12024,0,0.0,5,0,failed,"[""a_star < a_target on 746 assigned pairs""]",381189137792b30157ea52ed5b313568d4e16cdd9862691b2aa0b57f1719670e,bf021e14df88ddd2a72339d697ed79aa401d17a6067e6d29e97181fbf0186aaa,c3dfd6e318745c9c79b5ab83e1908a3ed8d40ea00bce11e2504e71d537804886,r51-free-action-design-only-v1,design_expected_payment,3.705024899994896,r53-service-outcomes-v1,objective_expected_payment_at_executed_response,design_response_ir,nominal_model_only_no_current_response_robust_guarantee,violated,completed,247,0,0,False,ffa937f3a51565ce6ef916575ae3965b1ddc3a7501d45745ff113b51cb363fe5,d1acf522a0b674e4d35c5387b40bdfcef2c5618311aada2f72c24673c687c00f,50.0,3.5,1366,0,0,0,design physical graph; nominal bound is not a guarantee at perturbed true response
23,0.3,down_step,frozen_point,r56_seed023__down_step__frozen_point,1,1777,1367,1103,0.7692740574001126,0.6207090602138435,264,0.1931236283833211,0,0.0,0,453.0394392012087,0.331411440527585,477.17494744281066,20122.82780016809,24.135508241602,0,0,0,0.0205003502219627,12024,0,0.0,5,0,failed,"[""QoS violations: 264""]",5dabb48ad7d4c393996fb5e85043c891c61d2070b28a44b7767ab3a374d456dd,5cbf77e7332643c9984e587d1794d7a157176001f9e910983c4f4c4f42ec5327,47b51b600069495df24c80f82b1ad90c29f90a3267f9b93e474c89263d762a10,r51-free-action-design-only-v1,design_expected_payment,3.727977499998815,r53-service-outcomes-v1,objective_expected_payment_at_executed_response,design_response_ir,nominal_model_only_no_current_response_robust_guarantee,violated,completed,0,0,0,False,ffa937f3a51565ce6ef916575ae3965b1ddc3a7501d45745ff113b51cb363fe5,d1acf522a0b674e4d35c5387b40bdfcef2c5618311aada2f72c24673c687c00f,50.0,3.5,1367,0,0,0,design physical graph; nominal bound is not a guarantee at perturbed true response
23,0.3,up_step,frozen_point,r56_seed023__up_step__frozen_point,1,1777,1367,1367,0.7692740574001126,0.7692740574001126,0,0.0,0,0.0,739,483.0381572625096,0.3533563696141255,476.19432996870535,20122.82780016809,-6.843827293804225,0,248,738,0.0612547806207113,12024,0,0.0,5,0,failed,"[""a_star < a_target on 739 assigned pairs""]",5dabb48ad7d4c393996fb5e85043c891c61d2070b28a44b7767ab3a374d456dd,5cbf77e7332643c9984e587d1794d7a157176001f9e910983c4f4c4f42ec5327,47b51b600069495df24c80f82b1ad90c29f90a3267f9b93e474c89263d762a10,r51-free-action-design-only-v1,design_expected_payment,3.697941499995068,r53-service-outcomes-v1,objective_expected_payment_at_executed_response,design_response_ir,nominal_model_only_no_current_response_robust_guarantee,violated,completed,248,0,0,False,ffa937f3a51565ce6ef916575ae3965b1ddc3a7501d45745ff113b51cb363fe5,d1acf522a0b674e4d35c5387b40bdfcef2c5618311aada2f72c24673c687c00f,50.0,3.5,1367,0,0,0,design physical graph; nominal bound is not a guarantee at perturbed true response
24,0.3,down_step,frozen_point,r56_seed024__down_step__frozen_point,1,1777,1350,1094,0.7597073719752392,0.6156443444006753,256,0.1896296296296296,0,0.0,0,369.6540900091697,0.2738178444512368,389.8334235348664,19979.23418751638,20.17933352569668,0,0,0,0.0252063244756454,12024,0,0.0,5,0,failed,"[""QoS violations: 256""]",328293436246e00e18ae4e0435ecf9f9547bf245eb5aef8cb09123e18fda8693,de0a8225fef4f44f7f4cb7cdad2fbc8c0f68a453cbd8981d3d9340764ca8ddf4,d23326f40528a453a4b32d19bba3969937f304fafe09d460556d72471cbab954,r51-free-action-design-only-v1,design_expected_payment,3.656629400000384,r53-service-outcomes-v1,objective_expected_payment_at_executed_response,design_response_ir,nominal_model_only_no_current_response_robust_guarantee,violated,completed,0,0,0,False,ffa937f3a51565ce6ef916575ae3965b1ddc3a7501d45745ff113b51cb363fe5,d1acf522a0b674e4d35c5387b40bdfcef2c5618311aada2f72c24673c687c00f,50.0,3.5,1350,0,0,0,design physical graph; nominal bound is not a guarantee at perturbed true response
24,0.3,up_step,frozen_point,r56_seed024__up_step__frozen_point,1,1777,1350,1350,0.7597073719752392,0.7597073719752392,0,0.0,0,0.0,729,394.23679058092944,0.2920272522821699,388.43192317337855,19979.23418751638,-5.804867407550887,0,248,726,0.0628263044490217,12024,0,0.0,5,0,failed,"[""a_star < a_target on 729 assigned pairs""]",328293436246e00e18ae4e0435ecf9f9547bf245eb5aef8cb09123e18fda8693,de0a8225fef4f44f7f4cb7cdad2fbc8c0f68a453cbd8981d3d9340764ca8ddf4,d23326f40528a453a4b32d19bba3969937f304fafe09d460556d72471cbab954,r51-free-action-design-only-v1,design_expected_payment,3.958180000001448,r53-service-outcomes-v1,objective_expected_payment_at_executed_response,design_response_ir,nominal_model_only_no_current_response_robust_guarantee,violated,completed,248,0,0,False,ffa937f3a51565ce6ef916575ae3965b1ddc3a7501d45745ff113b51cb363fe5,d1acf522a0b674e4d35c5387b40bdfcef2c5618311aada2f72c24673c687c00f,50.0,3.5,1350,0,0,0,design physical graph; nominal bound is not a guarantee at perturbed true response
25,0.3,down_step,frozen_point,r56_seed025__down_step__frozen_point,1,1777,1378,1152,0.7754642656162071,0.6482836240855374,226,0.1640058055152394,0,0.0,0,396.63414361652434,0.2878331956578551,418.4061612276779,20000.91047892362,21.77201761115356,0,0,0,0.0221798980457944,12024,0,0.0,5,0,failed,"[""QoS violations: 226""]",36a597d60084db5a135c16f14130c7eee9598f0d13185317d632a02dd94761c7,6c0c841eea61aef160fc95bc89e111795e88191a68d4024701e4bee06b3ec576,fdd9f03d874361057a5fd1a17b4b8984c0aea6e894e6a0bb376ec335ffad6ada,r51-free-action-design-only-v1,design_expected_payment,3.66107689999626,r53-service-outcomes-v1,objective_expected_payment_at_executed_response,design_response_ir,nominal_model_only_no_current_response_robust_guarantee,violated,completed,0,0,0,False,ffa937f3a51565ce6ef916575ae3965b1ddc3a7501d45745ff113b51cb363fe5,d1acf522a0b674e4d35c5387b40bdfcef2c5618311aada2f72c24673c687c00f,50.0,3.5,1378,0,0,0,design physical graph; nominal bound is not a guarantee at perturbed true response
25,0.3,up_step,frozen_point,r56_seed025__up_step__frozen_point,1,1777,1378,1378,0.7754642656162071,0.7754642656162071,0,0.0,0,0.0,756,423.3150866461307,0.3071952733281064,417.0636413187337,20000.91047892362,-6.251445327396993,0,249,756,0.0490809944751972,12024,0,0.0,5,0,failed,"[""a_star < a_target on 756 assigned pairs""]",36a597d60084db5a135c16f14130c7eee9598f0d13185317d632a02dd94761c7,6c0c841eea61aef160fc95bc89e111795e88191a68d4024701e4bee06b3ec576,fdd9f03d874361057a5fd1a17b4b8984c0aea6e894e6a0bb376ec335ffad6ada,r51-free-action-design-only-v1,design_expected_payment,3.657314900003257,r53-service-outcomes-v1,objective_expected_payment_at_executed_response,design_response_ir,nominal_model_only_no_current_response_robust_guarantee,violated,completed,249,0,0,False,ffa937f3a51565ce6ef916575ae3965b1ddc3a7501d45745ff113b51cb363fe5,d1acf522a0b674e4d35c5387b40bdfcef2c5618311aada2f72c24673c687c00f,50.0,3.5,1378,0,0,0,design physical graph; nominal bound is not a guarantee at perturbed true response
26,0.3,down_step,frozen_point,r56_seed026__down_step__frozen_point,1,1777,1394,1116,0.7844682048396173,0.6280247608328644,278,0.1994261119081779,0,0.0,0,374.09283666298353,0.2683592802460427,395.0088231216844,19931.252024191966,20.915986458700843,0,0,0,0.0345880609000757,12024,0,0.0,5,0,failed,"[""QoS violations: 278""]",86814ae11ff5e617ae1e3b12c73d5d91af3fd0b0a69040ac018c56df92667410,178c03f73cf003bed52555d49422c2e002eeb77293adec1661465a85d34ec92c,40ea07f5d6f3686398fb7a7f550cbda42eb3512620db287828d6f89a889bb96f,r51-free-action-design-only-v1,design_expected_payment,3.702364799995848,r53-service-outcomes-v1,objective_expected_payment_at_executed_response,design_response_ir,nominal_model_only_no_current_response_robust_guarantee,violated,completed,0,0,0,False,ffa937f3a51565ce6ef916575ae3965b1ddc3a7501d45745ff113b51cb363fe5,d1acf522a0b674e4d35c5387b40bdfcef2c5618311aada2f72c24673c687c00f,50.0,3.5,1394,0,0,0,design physical graph; nominal bound is not a guarantee at perturbed true response
26,0.3,up_step,frozen_point,r56_seed026__up_step__frozen_point,1,1777,1394,1394,0.7844682048396173,0.7844682048396173,0,0.0,0,0.0,756,399.3567214027189,0.2864825835026678,393.3890386055049,19931.252024191966,-5.9676827972140245,0,248,755,0.051763788652196,12024,0,0.0,5,0,failed,"[""a_star < a_target on 756 assigned pairs""]",86814ae11ff5e617ae1e3b12c73d5d91af3fd0b0a69040ac018c56df92667410,178c03f73cf003bed52555d49422c2e002eeb77293adec1661465a85d34ec92c,40ea07f5d6f3686398fb7a7f550cbda42eb3512620db287828d6f89a889bb96f,r51-free-action-design-only-v1,design_expected_payment,3.7530822999979137,r53-service-outcomes-v1,objective_expected_payment_at_executed_response,design_response_ir,nominal_model_only_no_current_response_robust_guarantee,violated,completed,248,0,0,False,ffa937f3a51565ce6ef916575ae3965b1ddc3a7501d45745ff113b51cb363fe5,d1acf522a0b674e4d35c5387b40bdfcef2c5618311aada2f72c24673c687c00f,50.0,3.5,1394,0,0,0,design physical graph; nominal bound is not a guarantee at perturbed true response
27,0.3,down_step,frozen_point,r56_seed027__down_step__frozen_point,1,1777,1394,1134,0.7844682048396173,0.6381541924592009,260,0.1865136298421807,0,0.0,0,383.6293489724977,0.275200393810974,403.3476966295215,19867.601667185856,19.7183476570238,0,0,0,0.0589949143031656,12024,0,0.0,5,0,failed,"[""QoS violations: 260""]",96c601f5c4a2647bb60781f0f17ca618a2a366221f3310f7a8873d567cb59074,a7e6a4a6b5d5941556084131d6558f6610bf21024fdddccab76b0550416518ab,54e30fd38ee2a3e56f3e4cf11302c348fbd70be820a8d5b8b280bf99c35e5084,r51-free-action-design-only-v1,design_expected_payment,3.6970418999990216,r53-service-outcomes-v1,objective_expected_payment_at_executed_response,design_response_ir,nominal_model_only_no_current_response_robust_guarantee,violated,completed,0,0,0,False,ffa937f3a51565ce6ef916575ae3965b1ddc3a7501d45745ff113b51cb363fe5,d1acf522a0b674e4d35c5387b40bdfcef2c5618311aada2f72c24673c687c00f,50.0,3.5,1394,0,0,0,design physical graph; nominal bound is not a guarantee at perturbed true response
27,0.3,up_step,frozen_point,r56_seed027__up_step__frozen_point,1,1777,1394,1394,0.7844682048396173,0.7844682048396173,0,0.0,0,0.0,756,407.3944388995157,0.29224852144872,401.894680216522,19867.601667185856,-5.499758682993729,0,247,751,0.0725728677466006,12024,0,0.0,5,0,failed,"[""a_star < a_target on 756 assigned pairs""]",96c601f5c4a2647bb60781f0f17ca618a2a366221f3310f7a8873d567cb59074,a7e6a4a6b5d5941556084131d6558f6610bf21024fdddccab76b0550416518ab,54e30fd38ee2a3e56f3e4cf11302c348fbd70be820a8d5b8b280bf99c35e5084,r51-free-action-design-only-v1,design_expected_payment,3.68464110000059,r53-service-outcomes-v1,objective_expected_payment_at_executed_response,design_response_ir,nominal_model_only_no_current_response_robust_guarantee,violated,completed,247,0,0,False,ffa937f3a51565ce6ef916575ae3965b1ddc3a7501d45745ff113b51cb363fe5,d1acf522a0b674e4d35c5387b40bdfcef2c5618311aada2f72c24673c687c00f,50.0,3.5,1394,0,0,0,design physical graph; nominal bound is not a guarantee at perturbed true response
28,0.3,down_step,frozen_point,r56_seed028__down_step__frozen_point,1,1777,1398,1119,0.7867191896454699,0.6297129994372538,279,0.1995708154506437,0,0.0,0,454.998005169002,0.325463523010731,480.74184661001055,20045.904725857705,25.74384144100856,0,0,0,0.0386258008661296,12024,0,0.0,5,0,failed,"[""QoS violations: 279""]",5d2eb66c2a30afecc5e07b1b3c62ecd8e5eefd1e18565ce54f53b97353cd36b0,492a080d500393bbbdef539f841b844741804f3cc5776ff3a68613e2a8345204,907442daceedeb6285221e0f32e1f22997f634dad0a7658733cd8f7e820b7011,r51-free-action-design-only-v1,design_expected_payment,3.674185200005013,r53-service-outcomes-v1,objective_expected_payment_at_executed_response,design_response_ir,nominal_model_only_no_current_response_robust_guarantee,violated,completed,0,0,0,False,ffa937f3a51565ce6ef916575ae3965b1ddc3a7501d45745ff113b51cb363fe5,d1acf522a0b674e4d35c5387b40bdfcef2c5618311aada2f72c24673c687c00f,50.0,3.5,1398,0,0,0,design physical graph; nominal bound is not a guarantee at perturbed true response
28,0.3,up_step,frozen_point,r56_seed028__up_step__frozen_point,1,1777,1398,1398,0.7867191896454699,0.7867191896454699,0,0.0,0,0.0,750,487.2351479934784,0.3485229957034895,479.86810667668993,20045.904725857705,-7.367041316788459,0,251,748,0.0585060884596843,12024,0,0.0,5,0,failed,"[""a_star < a_target on 750 assigned pairs""]",5d2eb66c2a30afecc5e07b1b3c62ecd8e5eefd1e18565ce54f53b97353cd36b0,492a080d500393bbbdef539f841b844741804f3cc5776ff3a68613e2a8345204,907442daceedeb6285221e0f32e1f22997f634dad0a7658733cd8f7e820b7011,r51-free-action-design-only-v1,design_expected_payment,3.655963299999712,r53-service-outcomes-v1,objective_expected_payment_at_executed_response,design_response_ir,nominal_model_only_no_current_response_robust_guarantee,violated,completed,251,0,0,False,ffa937f3a51565ce6ef916575ae3965b1ddc3a7501d45745ff113b51cb363fe5,d1acf522a0b674e4d35c5387b40bdfcef2c5618311aada2f72c24673c687c00f,50.0,3.5,1398,0,0,0,design physical graph; nominal bound is not a guarantee at perturbed true response
29,0.3,down_step,frozen_point,r56_seed029__down_step__frozen_point,1,1777,1377,1123,0.7749015194147439,0.6319639842431064,254,0.1844589687726942,0,0.0,0,362.2727855120737,0.2630884426376715,381.43708332117086,19817.50147231378,19.16429780909715,0,0,0,0.0282939997766974,12024,0,0.0,5,0,failed,"[""QoS violations: 254""]",5c4fbae6ff962091c507b2f7f3e1c49d012acd6cdc0baf08a31fa025b480b515,d6b66e56ec1efaf3a6cf505c0a59aa8ef8c6708aa5b4ec9b11aeede95af3725e,4e2ac44da5e42d8fa6cb8bbde77c43febdefe8e948d1896bf58e24fbbf2f87fb,r51-free-action-design-only-v1,design_expected_payment,3.660331299994141,r53-service-outcomes-v1,objective_expected_payment_at_executed_response,design_response_ir,nominal_model_only_no_current_response_robust_guarantee,violated,completed,0,0,0,False,ffa937f3a51565ce6ef916575ae3965b1ddc3a7501d45745ff113b51cb363fe5,d1acf522a0b674e4d35c5387b40bdfcef2c5618311aada2f72c24673c687c00f,50.0,3.5,1377,0,0,0,design physical graph; nominal bound is not a guarantee at perturbed true response
29,0.3,up_step,frozen_point,r56_seed029__up_step__frozen_point,1,1777,1377,1377,0.7749015194147439,0.7749015194147439,0,0.0,0,0.0,746,385.36725623099625,0.2798600263115441,379.9705562697101,19817.50147231378,-5.396699961286174,0,247,743,0.0729638168325526,12024,0,0.0,5,0,failed,"[""a_star < a_target on 746 assigned pairs""]",5c4fbae6ff962091c507b2f7f3e1c49d012acd6cdc0baf08a31fa025b480b515,d6b66e56ec1efaf3a6cf505c0a59aa8ef8c6708aa5b4ec9b11aeede95af3725e,4e2ac44da5e42d8fa6cb8bbde77c43febdefe8e948d1896bf58e24fbbf2f87fb,r51-free-action-design-only-v1,design_expected_payment,3.752935399999842,r53-service-outcomes-v1,objective_expected_payment_at_executed_response,design_response_ir,nominal_model_only_no_current_response_robust_guarantee,violated,completed,247,0,0,False,ffa937f3a51565ce6ef916575ae3965b1ddc3a7501d45745ff113b51cb363fe5,d1acf522a0b674e4d35c5387b40bdfcef2c5618311aada2f72c24673c687c00f,50.0,3.5,1377,0,0,0,design physical graph; nominal bound is not a guarantee at perturbed true response
30,0.3,down_step,frozen_point,r56_seed030__down_step__frozen_point,1,1777,1367,1102,0.7692740574001126,0.6201463140123804,265,0.1938551572787125,1,0.0007315288953913,0,356.7003084256522,0.2609365826083776,376.49409474770187,19821.694378257554,19.79378632204964,0,0,0,0.0056983321801548,12024,0,0.0,5,0,failed,"[""IR violations: 1"",""QoS violations: 265""]",763417ec44588b0ed03d369347833f70b9c514cd9e3d017254e5ec1132e1d548,e076dbc3d8c8f2a70bcaa2c86408577fb63dc9ec65c4383c65c97d67eef1abd9,3dea6aa3202e903775f0b16d2a9e117ffd78471ed54c0753812bfe020f161be6,r51-free-action-design-only-v1,design_expected_payment,3.6393497999961255,r53-service-outcomes-v1,objective_expected_payment_at_executed_response,design_response_ir,nominal_model_only_no_current_response_robust_guarantee,violated,completed,0,0,0,False,ffa937f3a51565ce6ef916575ae3965b1ddc3a7501d45745ff113b51cb363fe5,d1acf522a0b674e4d35c5387b40bdfcef2c5618311aada2f72c24673c687c00f,50.0,3.5,1367,0,0,0,design physical graph; nominal bound is not a guarantee at perturbed true response
30,0.3,up_step,frozen_point,r56_seed030__up_step__frozen_point,1,1777,1367,1367,0.7692740574001126,0.7692740574001126,0,0.0,0,0.0,755,380.0986407567146,0.2780531388125198,374.5164906905092,19821.694378257554,-5.582150066205429,0,249,754,0.0242911247335107,12024,0,0.0,5,0,failed,"[""a_star < a_target on 755 assigned pairs""]",763417ec44588b0ed03d369347833f70b9c514cd9e3d017254e5ec1132e1d548,e076dbc3d8c8f2a70bcaa2c86408577fb63dc9ec65c4383c65c97d67eef1abd9,3dea6aa3202e903775f0b16d2a9e117ffd78471ed54c0753812bfe020f161be6,r51-free-action-design-only-v1,design_expected_payment,3.727399900002638,r53-service-outcomes-v1,objective_expected_payment_at_executed_response,design_response_ir,nominal_model_only_no_current_response_robust_guarantee,violated,completed,249,0,0,False,ffa937f3a51565ce6ef916575ae3965b1ddc3a7501d45745ff113b51cb363fe5,d1acf522a0b674e4d35c5387b40bdfcef2c5618311aada2f72c24673c687c00f,50.0,3.5,1367,0,0,0,design physical graph; nominal bound is not a guarantee at perturbed true response
