scenario,seed,design_reserve_MOI,design_reserve_PASI,payment_MOI,payment_PASI,pps_MOI,pps_PASI,coverage_MOI,coverage_PASI,qualified_coverage_MOI,qualified_coverage_PASI,mean_quality_MOI,mean_quality_PASI,assigned_MOI,assigned_PASI,qualified_MOI,qualified_PASI,payment_saving_percent,pps_saving_percent,decision_fee_saving_percent,decision_fee_per_service_MOI,decision_fee_per_service_PASI,decision_fee_per_service_saving_percent,coverage_delta_pp,qualified_coverage_delta_pp,mean_quality_delta
burst,1,32067.7122275638,26858.51502754869,32084.206798503776,26858.51502754869,0.5861413789050345,0.4906740295142074,0.7956104651162791,0.7956104651162791,0.7956104651162791,0.7956104651162791,0.8895083818652267,0.8891384102124025,54738,54738,54738,54738,16.287427031541213,16.287427031541228,16.24436805173007,0.5858400421565237,0.49067402951420747,16.244368051730063,0.0,0.0,-0.0003699716528242636
burst,2,32610.093929756968,27888.19254107217,32622.977616543867,27888.19254107217,0.594485341798671,0.5082038148019566,0.7976162790697674,0.7976162790697674,0.7976162790697674,0.7976162790697674,0.8892108557204024,0.8889319254280198,54876,54876,54876,54876,14.513650872477616,14.513650872477612,14.479876687432736,0.5942505636299469,0.5082038148019566,14.479876687432723,0.0,0.0,-0.00027893029238257316
burst,3,29890.203272180315,24182.99017335241,29904.479213299222,24182.99017335241,0.5449364800061816,0.440676242749283,0.7976308139534883,0.7976308139534883,0.7976308139534883,0.7976308139534883,0.8892237799953105,0.888873623419908,54877,54877,54877,54877,19.132548669840514,19.13254866984054,19.0939253469038,0.544676335663034,0.44067624274928313,19.093925346903795,0.0,0.0,-0.0003501565754024938
burst,4,31490.990990870807,25846.937185763945,31507.934350337917,25846.937185763945,0.5742706658101177,0.4710920640426483,0.7974709302325581,0.7974709302325581,0.7974709302325581,0.7974709302325581,0.8899453757662205,0.8895863486289574,54866,54866,54866,54866,17.966893994474948,17.96689399447495,17.922757041031403,0.5739618523470056,0.47109206404264836,17.922757041031403,0.0,0.0,-0.00035902713726310154
burst,5,27481.23542312902,22633.51022222179,27492.46418653443,22633.51022222179,0.5020537652763775,0.4133219543868113,0.7959302325581395,0.7959302325581395,0.7959302325581395,0.7959302325581395,0.8894692892729883,0.8891568315426864,54760,54760,54760,54760,17.673766641451202,17.673766641451213,17.64012835036972,0.5018487111601355,0.41332195438681135,17.640128350369732,0.0,0.0,-0.00031245773030186275
burst,6,31021.147149966106,25813.060779648244,31035.866993454954,25813.060779648244,0.5687453864548545,0.4730352540755418,0.7931540697674418,0.7931540697674418,0.7931540697674418,0.7931540697674418,0.8890205742119782,0.888665590914276,54569,54569,54569,54569,16.828291650135405,16.82829165013542,16.788825845608848,0.5684756390985011,0.47303525407554187,16.788825845608844,0.0,0.0,-0.00035498329770222714
burst,7,31285.68557189991,26255.530038110704,31303.004363878583,26255.530038110704,0.5705771638634863,0.4785740592415644,0.7974127906976745,0.7974127906976745,0.7974127906976745,0.7974127906976745,0.8897801051347338,0.889339668741358,54862,54862,54862,54862,16.12456832288054,16.12456832288055,16.07813746714624,0.5702614846688038,0.4785740592415644,16.07813746714625,0.0,0.0,-0.0004404363933758759
burst,8,30238.118307653545,25668.45928594093,30250.35183632369,25668.45928594093,0.5521447028733768,0.468513685471753,0.7963226744186046,0.7963226744186046,0.7963226744186046,0.7963226744186046,0.89026015630567,0.8899422844537838,54787,54787,54787,54787,15.146576063558257,15.14657606355827,15.112246652451224,0.5519214103282447,0.468513685471753,15.11224665245122,0.0,0.0,-0.00031787185188625333
burst,9,29021.469802781583,24298.110262523787,29033.345159843917,24298.110262523787,0.5301538448587377,0.4436876463100538,0.7959883720930233,0.7959883720930233,0.7959883720930233,0.7959883720930233,0.8896700896256085,0.8893108873003396,54764,54764,54764,54764,16.30964283051146,16.30964283051145,16.2753973949489,0.5299369988091006,0.4436876463100538,16.27539739494891,0.0,0.0,-0.0003592023252688703
burst,10,30399.21845273185,25530.780285577654,30415.62638536685,25530.780285577654,0.555455392552081,0.4662474941666542,0.7959011627906977,0.7959011627906977,0.7959011627906977,0.7959011627906977,0.8896345499853981,0.8891933190362116,54758,54758,54758,54758,16.060317278684508,16.060317278684526,16.015010960640964,0.5551557480684439,0.46624749416665423,16.015010960640975,0.0,0.0,-0.00044123094918657735
burst,11,29704.163210580235,24777.030954288297,29716.84827374225,24777.030954288297,0.5425158513535535,0.4523337037076146,0.7961627906976744,0.7961627906976744,0.7961627906976744,0.7961627906976744,0.8901956918771924,0.889856013093484,54776,54776,54776,54776,16.622951646654823,16.622951646654816,16.587345758108942,0.5422842706765779,0.4523337037076146,16.58734575810893,0.0,0.0,-0.0003396787837083304
burst,12,28489.56774743614,23435.183810616003,28508.099564989832,23435.183810616003,0.5224134059921172,0.4294517832255086,0.7931686046511628,0.7931686046511628,0.7931686046511628,0.7931686046511628,0.8890910644807832,0.8885788652135386,54570,54570,54570,54570,17.794647246860904,17.79464724686091,17.7411745296662,0.5220738088223592,0.4294517832255086,17.741174529666203,0.0,0.0,-0.0005121992672446618
burst,13,30050.768739177147,25086.048544333426,30065.404375109363,25086.048544333426,0.549511165081596,0.4585025230627715,0.7952470930232558,0.7952470930232558,0.7952470930232558,0.7952470930232558,0.8893155180672354,0.888956632985296,54713,54713,54713,54713,16.56174574820707,16.561745748207098,16.521108787380943,0.549243666755198,0.45850252306277167,16.521108787380943,0.0,0.0,-0.0003588850819393752
burst,14,31866.15117308204,27505.68104095021,31884.93383151333,27505.68104095021,0.5845191265011884,0.5042380436112525,0.7928633720930233,0.7928633720930233,0.7928633720930233,0.7928633720930233,0.8896831793567765,0.8890597906040013,54549,54549,54549,54549,13.734551916287508,13.734551916287506,13.68370503374503,0.5841748001444946,0.5042380436112525,13.68370503374503,0.0,0.0,-0.0006233887527752335
burst,15,29336.40354925141,24996.298020232836,29350.98051803057,24996.298020232836,0.5381057937121747,0.458269282614957,0.7928052325581395,0.7928052325581395,0.7928052325581395,0.7928052325581395,0.8893988056073371,0.8890077681881522,54545,54545,54545,54545,14.83658269992927,14.836582699929295,14.794265840160632,0.5378385470575013,0.45826928261495714,14.794265840160634,0.0,0.0,-0.000391037419184892
burst,16,27369.558775133297,22799.81069947849,27381.035104902458,22799.81069947849,0.5013280682736594,0.4174489755841312,0.7938517441860465,0.7938517441860465,0.7938517441860465,0.7938517441860465,0.8897902290291936,0.8894732574584738,54617,54617,54617,54617,16.731377714072316,16.7313777140723,16.69646234782077,0.501117944506899,0.41744897558413113,16.69646234782078,0.0,0.0,-0.00031697157071974846
burst,17,31082.25392113321,26129.483340098875,31097.838482641768,26129.483340098875,0.5701422426415695,0.4790533026565502,0.7927906976744186,0.7927906976744186,0.7927906976744186,0.7927906976744186,0.8894923065250397,0.8891250988877365,54544,54544,54544,54544,15.976528868127394,15.9765288681274,15.934399717605052,0.5698565180612571,0.4790533026565502,15.934399717605048,0.0,0.0,-0.00036720763730324624
burst,18,32521.054784126954,27718.743069683176,32536.51105546376,27718.743069683176,0.5900495276824156,0.50267932011322,0.8014825581395348,0.8014825581395348,0.8014825581395348,0.8014825581395348,0.8897430187758274,0.8893697092401128,55142,55142,55142,55142,14.807266758159527,14.807266758159516,14.766777234998282,0.5897692282493735,0.50267932011322,14.76677723499827,0.0,0.0,-0.00037330953571457215
burst,19,29946.633318144,25170.74492886399,29958.12985633809,25170.74492886399,0.5451492130934616,0.4580329899345632,0.79875,0.79875,0.79875,0.79875,0.8897510169921596,0.8894289099084991,54954,54954,54954,54954,15.980252941126956,15.98025294112697,15.947997688228957,0.5449400101565672,0.45803298993456326,15.947997688228956,0.0,0.0,-0.00032210708366053886
burst,20,28333.81660860397,23674.542464472823,28345.83425614929,23674.542464472823,0.516063762014115,0.4310183054685824,0.7983575581395349,0.7983575581395349,0.7983575581395349,0.7983575581395349,0.8899945031643255,0.8896341416827178,54927,54927,54927,54927,16.479641239216964,16.479641239216964,16.44421649399782,0.5158449689333838,0.43101830546858233,16.444216493997832,0.0,0.0,-0.0003603614816076739
burst,21,31081.881675242243,26006.05601391743,31096.69334010801,26006.05601391743,0.5702467054226511,0.476895327769336,0.7926162790697674,0.7926162790697674,0.7926162790697674,0.7926162790697674,0.8898386331270115,0.8894618589023632,54532,54532,54532,54532,16.370349318217567,16.370349318217563,16.330496700165604,0.5699750912352791,0.476895327769336,16.330496700165597,0.0,0.0,-0.0003767742246483241
burst,22,30013.93288524602,25668.09635663315,30027.930086501936,25668.09635663315,0.5497909091766654,0.4699653286821529,0.7938517441860465,0.7938517441860465,0.7938517441860465,0.7938517441860465,0.8893667613532893,0.8890076912589476,54617,54617,54617,54617,14.519261625124825,14.519261625124832,14.479397102767425,0.5495346299731956,0.46996532868215296,14.479397102767432,0.0,0.0,-0.0003590700943416625
burst,23,31817.80491278741,26958.26522786905,31834.965625501703,26958.26522786905,0.579713477656409,0.4909089543452436,0.7981831395348837,0.7981831395348837,0.7981831395348837,0.7981831395348837,0.8891514161870081,0.8887317995636626,54915,54915,54915,54915,15.318692204668583,15.31869220466857,15.273019927799407,0.579400981749748,0.49090895434524356,15.273019927799405,0.0,0.0,-0.0004196166233455534
burst,24,30465.66426295646,25306.238679425936,30482.448570358312,25306.238679425936,0.5552864299181768,0.4609935090522987,0.7978924418604652,0.7978924418604652,0.7978924418604652,0.7978924418604652,0.8899481898496739,0.8895397062017706,54895,54895,54895,54895,16.980951772902575,16.980951772902582,16.93521447291706,0.5549806769825386,0.4609935090522987,16.935214472917053,0.0,0.0,-0.0004084836479033571
burst,25,30579.95761400526,25272.49119213999,30596.78575311986,25272.49119213999,0.5584476035904992,0.4612694371523479,0.7963517441860465,0.7963517441860465,0.7963517441860465,0.7963517441860465,0.8899304099594354,0.8894849606987631,54789,54789,54789,54789,17.401483292855257,17.401483292855254,17.356029360336695,0.558140459106851,0.4612694371523479,17.356029360336688,0.0,0.0,-0.0004454492606722482
burst,26,32874.58226714997,27484.975148700323,32891.10939067583,27484.975148700323,0.600728912015558,0.5019903409683724,0.7958139534883721,0.7958139534883721,0.7958139534883721,0.7958139534883721,0.8901110251157013,0.889701937497041,54752,54752,54752,54752,16.436460618467528,16.436460618467528,16.394450504806045,0.6004270577723183,0.5019903409683724,16.39445050480605,0.0,0.0,-0.00040908761866031984
burst,27,31113.03477327892,26174.248851060627,31125.95545037477,26174.248851060627,0.5661941181353871,0.4761205088052648,0.7990406976744187,0.7990406976744187,0.7990406976744187,0.7990406976744187,0.8898909303578794,0.8895432217788575,54974,54974,54974,54974,15.9086091580669,15.908609158066898,15.873687533881823,0.5659590856273679,0.4761205088052648,15.873687533881826,0.0,0.0,-0.0003477085790218881
burst,28,31325.496218146294,26471.94129880298,31341.64801749573,26471.94129880298,0.572251602503163,0.4833380433968665,0.7960610465116279,0.7960610465116279,0.7960610465116279,0.7960610465116279,0.8892656937825935,0.8889114059320711,54769,54769,54769,54769,15.537494122754334,15.537494122754346,15.493944247662828,0.5719566948117785,0.4833380433968665,15.493944247662828,0.0,0.0,-0.00035428785052238343
burst,29,27676.529212762216,22752.902615272065,27688.505909176827,22752.902615272065,0.506382814410959,0.4161177529814383,0.7947529069767442,0.7947529069767442,0.7947529069767442,0.7947529069767442,0.8900726028065521,0.88970796071445,54679,54679,54679,54679,17.825459091560987,17.825459091560983,17.789899013853823,0.5061637779177054,0.4161177529814383,17.78989901385381,0.0,0.0,-0.0003646420921020743
burst,30,32509.906871206644,27236.12147188945,32523.917359436004,27236.12147188945,0.5955452530476086,0.4987204546965768,0.7937790697674418,0.7937790697674418,0.7937790697674418,0.7937790697674418,0.8893977887830964,0.889090897002926,54612,54612,54612,54612,16.258176495496567,16.258176495496567,16.222087070904763,0.5952887070828141,0.4987204546965768,16.222087070904767,0.0,0.0,-0.0003068917801704041
dynamic,1,31800.65202905177,26976.798287774407,31816.2313726648,26976.798287774407,0.6348771076478589,0.5383086220971067,0.8352333333333334,0.8352333333333334,0.8352333333333334,0.8352333333333334,0.8912247546637879,0.8908335674194837,50114,50114,50114,50114,15.210579242418492,15.210579242418495,15.169040360777784,0.6345662295775985,0.5383086220971067,15.169040360777785,0.0,0.0,-0.00039118724430420304
dynamic,2,32377.75875019769,28066.35983397628,32390.21646223799,28066.35983397628,0.6462662156515092,0.5599944099837642,0.8353166666666667,0.8353166666666667,0.8353166666666667,0.8353166666666667,0.8912985505043347,0.8910636424269636,50119,50119,50119,50119,13.349267465694965,13.349267465694977,13.315927607852366,0.6460176529898379,0.5599944099837643,13.315927607852359,0.0,0.0,-0.00023490807737114316
dynamic,3,29905.840391983933,24515.98967530052,29919.58053935969,24515.98967530052,0.5963283148179238,0.4886291366930523,0.8362166666666667,0.8362166666666667,0.8362166666666667,0.8362166666666667,0.8919209278910981,0.8916169869993679,50173,50173,50173,50173,18.06038308909665,18.06038308909668,18.02273618141869,0.5960544594101197,0.4886291366930524,18.0227361814187,0.0,0.0,-0.00030394089173024774
dynamic,4,31321.75494980405,26002.66357730784,31338.092698370638,26002.66357730784,0.6270753916632443,0.5203134282602869,0.8329166666666666,0.8329166666666666,0.8329166666666666,0.8329166666666666,0.8916862995355165,0.8913511765392549,49975,49975,49975,49975,17.02537921633055,17.025379216330553,16.982098803277577,0.6267484732326973,0.5203134282602869,16.982098803277584,0.0,0.0,-0.00033512299626159425
dynamic,5,27562.953819198618,22960.50806050567,27574.66064526487,22960.50806050567,0.5488914673500581,0.4570437737226679,0.8372833333333334,0.8372833333333334,0.8372833333333334,0.8372833333333334,0.892163894483276,0.8918441946315793,50237,50237,50237,50237,16.73330687226987,16.73330687226987,16.69794097135981,0.5486584354001756,0.4570437737226679,16.697940971359817,0.0,0.0,-0.0003196998516967753
dynamic,6,30871.67832249624,26060.94589469253,30886.61633187857,26060.94589469253,0.6185859752834626,0.5219391939815451,0.8321833333333334,0.8321833333333334,0.8321833333333334,0.8321833333333334,0.8912593295292162,0.89091314153062,49931,49931,49931,49931,15.623823553004051,15.623823553004062,15.58299609612776,0.6182868022370118,0.5219391939815451,15.582996096127761,0.0,0.0,-0.00034618799859620353
dynamic,7,30994.130607788436,26366.38461696416,31010.4816737484,26366.38461696416,0.6192930797169868,0.526548400706238,0.8345666666666667,0.8345666666666667,0.8345666666666667,0.8345666666666667,0.8910214371187143,0.8906282677890198,50074,50074,50074,50074,14.975894620545844,14.975894620545825,14.93103984552928,0.618966541674091,0.526548400706238,14.931039845529266,0.0,0.0,-0.00039316932969446494
dynamic,8,30402.752920922816,26106.73597444844,30415.48581241678,26106.73597444844,0.6064539671089821,0.520541861393106,0.8358833333333333,0.8358833333333333,0.8358833333333333,0.8358833333333333,0.8918771942017744,0.8915847623540212,50153,50153,50153,50153,14.16630286473788,14.166302864737862,14.130355095304246,0.6062000861548226,0.5205418613931059,14.130355095304246,0.0,0.0,-0.00029243184775318287
dynamic,9,29511.35234271257,25083.579663015364,29523.916364005003,25083.579663015364,0.5884305888309683,0.4999318304902013,0.8362333333333334,0.8362333333333334,0.8362333333333334,0.8362333333333334,0.8916009232098131,0.8912555409532457,50174,50174,50174,50174,15.039795690531127,15.039795690531149,15.003625141531625,0.5881801798284484,0.49993183049020135,15.00362514153163,0.0,0.0,-0.00034538225656743915
dynamic,10,30543.423854303936,26008.724738399786,30559.315872756488,26008.724738399786,0.6108564549694463,0.5198937521418391,0.8337833333333333,0.8337833333333333,0.8337833333333333,0.8337833333333333,0.8918712928536111,0.8914916312148238,50027,50027,50027,50027,14.891011151246145,14.891011151246156,14.84672817800404,0.6105387861415623,0.5198937521418391,14.846728178004053,0.0,0.0,-0.00037966163878733195
dynamic,11,29782.321359176894,25160.780624491417,29795.632761462257,25160.780624491417,0.5957339350487305,0.5030646930819038,0.8335833333333333,0.8335833333333333,0.8335833333333333,0.8335833333333333,0.8919571823048013,0.891638731571055,50015,50015,50015,50015,15.555474770670314,15.555474770670305,15.517731740751065,0.5954677868474837,0.5030646930819038,15.517731740751064,0.0,0.0,-0.0003184507337462561
dynamic,12,29044.13258089082,24295.5009499699,29061.667780251577,24295.5009499699,0.578675609411433,0.4837717478737958,0.8370166666666666,0.8370166666666666,0.8370166666666666,0.8370166666666666,0.8916824029921769,0.891204303411016,50221,50221,50221,50221,16.40018345237727,16.400183452377284,16.349710626390728,0.5783264487144983,0.48377174787379584,16.349710626390735,0.0,0.0,-0.0004780995811609623
dynamic,13,30294.539869384254,25750.820663994095,30308.26875765108,25750.820663994095,0.6044607957091218,0.5135681510937975,0.8356833333333333,0.8356833333333333,0.8356833333333333,0.8356833333333333,0.8916294129856365,0.8912871743268178,50141,50141,50141,50141,15.036979281459269,15.036979281459242,14.998475715361682,0.6041869900756717,0.5135681510937974,14.998475715361677,0.0,0.0,-0.000342238658818661
dynamic,14,31901.987371246487,27914.32331235811,31920.147409468143,27914.32331235811,0.6380073836115238,0.5579405431104337,0.83385,0.83385,0.83385,0.83385,0.8924193544882226,0.8918911283445825,50031,50031,50031,50031,12.549516284256972,12.549516284256974,12.499735557172501,0.6376444078920367,0.5579405431104337,12.499735557172501,0.0,0.0,-0.0005282261436401203
dynamic,15,29561.55194167888,25481.775024090628,29575.9271199058,25481.775024090628,0.5906090045311381,0.5088518686041622,0.8346166666666667,0.8346166666666667,0.8346166666666667,0.8346166666666667,0.8911452388086369,0.890786458579818,50077,50077,50077,50077,13.842852936500645,13.842852936500645,13.800956477647471,0.590321943041294,0.5088518686041622,13.800956477647464,0.0,0.0,-0.00035878022881896676
dynamic,16,28008.736866343155,23638.348205578848,28021.31131327908,23638.348205578848,0.5590621147056997,0.4716162205334753,0.8353666666666667,0.8353666666666667,0.8353666666666667,0.8353666666666667,0.892171177403821,0.89189341051672,50122,50122,50122,50122,15.64153461163389,15.64153461163389,15.603662105933836,0.5588112379063715,0.4716162205334753,15.603662105933834,0.0,0.0,-0.0002777668871010164
dynamic,17,31044.27066801059,26498.13299812735,31059.622051727318,26498.13299812735,0.6212545664911954,0.5300156615286998,0.83325,0.83325,0.83325,0.83325,0.8915069947433967,0.8911119912973584,49995,49995,49995,49995,14.686234900100118,14.686234900100105,14.644047265596699,0.620947508111023,0.5300156615286998,14.644047265596702,0.0,0.0,-0.00039500344603826676
dynamic,18,31840.96796847004,27519.19020532124,31856.511278897706,27519.19020532124,0.6359727551635564,0.5493839253622654,0.83485,0.83485,0.83485,0.83485,0.8918275855717364,0.8914308410171873,50091,50091,50091,50091,13.615179124933183,13.615179124933192,13.573009989609497,0.6356624537036601,0.5493839253622654,13.57300998960951,0.0,0.0,-0.00039674455454907775
dynamic,19,29302.118447627094,24905.223063672947,29312.816267188133,24905.223063672947,0.5861625393374686,0.4980247773090895,0.8334666666666667,0.8334666666666667,0.8334666666666667,0.8334666666666667,0.8911212856464098,0.8908753479520337,50008,50008,50008,50008,15.036403064583427,15.036403064583423,15.005383968442084,0.5859486171737941,0.4980247773090895,15.005383968442084,0.0,0.0,-0.00024593769437608604
dynamic,20,28429.94024317088,24085.415312495163,28442.104899015325,24085.415312495163,0.5676726922343038,0.4807180271140483,0.83505,0.83505,0.83505,0.83505,0.892202285715526,0.8918796697803586,50103,50103,50103,50103,15.31774670682335,15.317746706823346,15.281512706377603,0.5674298992709195,0.4807180271140483,15.281512706377598,0.0,0.0,-0.00032261593516735854
dynamic,21,31267.189568863367,26534.549005895875,31281.595672266383,26534.549005895875,0.6260826929842763,0.5310733529320285,0.8327333333333333,0.8327333333333333,0.8327333333333333,0.8327333333333333,0.8918696033598197,0.8915270870743992,49964,49964,49964,49964,15.175206265386077,15.175206265386082,15.136123931267463,0.625794363318857,0.5310733529320285,15.136123931267479,0.0,0.0,-0.00034251628542047996
dynamic,22,30313.243586743756,26164.746217225213,30327.32639447393,26164.746217225213,0.6065950554939181,0.5233367912878073,0.8332666666666667,0.8332666666666667,0.8332666666666667,0.8332666666666667,0.8917795984060827,0.8914247333099276,49996,49996,49996,49996,13.725509868905553,13.72550986890555,13.68542880489608,0.6063133768050195,0.5233367912878073,13.685428804896071,0.0,0.0,-0.0003548650961551214
dynamic,23,31848.36588887591,27394.251842574253,31865.32434393156,27394.251842574253,0.6340853333850351,0.5451158483419082,0.8375666666666667,0.8375666666666667,0.8375666666666667,0.8375666666666667,0.891316611841403,0.8909260274930996,50254,50254,50254,50254,14.031153278403014,14.031153278403002,13.985377026384272,0.6337478785544615,0.5451158483419082,13.985377026384262,0.0,0.0,-0.00039058434830341326
dynamic,24,30123.3448061508,25303.87981541608,30139.42541100056,25303.87981541608,0.6022825908437024,0.505652847916072,0.8340333333333333,0.8340333333333333,0.8340333333333333,0.8340333333333333,0.8917217618078896,0.8913040390655348,50042,50042,50042,50042,16.043920976076603,16.043920976076603,15.999103093460747,0.6019612486741297,0.5056528479160721,15.999103093460738,0.0,0.0,-0.0004177227423548535
dynamic,25,30690.26571681425,25679.10217194021,30706.373913726835,25679.10217194021,0.6147176071774271,0.5140755559725378,0.8325333333333333,0.8325333333333333,0.8325333333333333,0.8325333333333333,0.8918490294100375,0.8914623459283224,49952,49952,49952,49952,16.37207882608131,16.37207882608131,16.32818559185227,0.6143951336646031,0.5140755559725378,16.32818559185227,0.0,0.0,-0.000386683481715111
dynamic,26,32488.287555855008,27616.46831048196,32503.714410400175,27616.46831048196,0.6498273538135544,0.552119560776544,0.83365,0.83365,0.83365,0.83365,0.8915385955462322,0.8911677556483455,50019,50019,50019,50019,15.03596185411489,15.035961854114912,14.995617226661285,0.6495189339222097,0.5521195607765441,14.995617226661285,0.0,0.0,-0.0003708398978866656
dynamic,27,31125.932559096807,26516.86734037689,31138.75221189908,26516.86734037689,0.6222523522620815,0.5298922373281821,0.8340333333333333,0.8340333333333333,0.8340333333333333,0.8340333333333333,0.8919285006764506,0.8916272067049651,50042,50042,50042,50042,14.842871159609349,14.84287115960937,14.80779799920526,0.621996174395444,0.5298922373281821,14.807797999205263,0.0,0.0,-0.0003012939714854834
dynamic,28,30995.05338505667,26564.658334138025,31011.1981165616,26564.658334138025,0.6197777223711248,0.5309109108269651,0.8339333333333333,0.8339333333333333,0.8339333333333333,0.8339333333333333,0.8913957861007666,0.8910505139910314,50036,50036,50036,50036,14.338497228357303,14.338497228357305,14.293877787139506,0.6194550600578917,0.5309109108269651,14.29387778713951,0.0,0.0,-0.0003452721097352285
dynamic,29,28056.405913427945,23355.549921125013,28068.710418460723,23355.549921125013,0.5597286062667901,0.4657417177722499,0.8357833333333333,0.8357833333333333,0.8357833333333333,0.8357833333333333,0.8915690698618203,0.8912623029341312,50147,50147,50147,50147,16.791510643238798,16.791510643238794,16.755018468181902,0.5594832375501614,0.4657417177722499,16.75501846818189,0.0,0.0,-0.00030676692768905056
dynamic,30,32509.91211472791,27725.5243481504,32522.740237741284,27725.5243481504,0.6486903669567035,0.553006309800351,0.8356,0.8356,0.8356,0.8356,0.8912848372701827,0.8910017574460523,50136,50136,50136,50136,14.750343465904862,14.750343465904868,14.716704707454584,0.6484345004533252,0.553006309800351,14.71670470745459,0.0,0.0,-0.00028307982413044996
stationary,1,46571.91804567404,39750.42546626266,46594.42336061482,39750.42546626266,0.6879639641007386,0.5869127313114615,0.8466,0.8466,0.8466,0.8466,0.8918773825539551,0.8914777824888774,67728,67728,67728,67728,14.688448532528097,14.688448532528101,14.647222759263213,0.6876316744282135,0.5869127313114615,14.647222759263212,0.0,0.0,-0.00039960006507766543
stationary,2,46711.29517106885,40787.69595748618,46729.829725365256,40787.69595748618,0.691075433315566,0.6031987452858839,0.8452375,0.8452375,0.8452375,0.8452375,0.8921872139241219,0.8919273470863895,67619,67619,67619,67619,12.715932848036132,12.71593284803613,12.681299441364052,0.6908013305589975,0.6031987452858839,12.681299441364052,0.0,0.0,-0.00025986683773238095
stationary,3,43276.67006121504,35788.74451399835,43296.5719651591,35788.74451399835,0.639299696790832,0.5284421486009353,0.8465625,0.8465625,0.8465625,0.8465625,0.8918586208955458,0.8915030069119614,67725,67725,67725,67725,17.34046625493198,17.34046625493198,17.30245311532747,0.6390058333143601,0.5284421486009353,17.302453115327477,0.0,0.0,-0.000355613983584413
stationary,4,45899.17547881739,38369.384778565465,45924.23717359884,38369.384778565465,0.6789207630294168,0.5672336350925515,0.8455375,0.8455375,0.8455375,0.8455375,0.8921048685950292,0.8917247802008229,67643,67643,67643,67643,16.45068673971693,16.450686739716936,16.40506745862341,0.6785502635722453,0.5672336350925515,16.40506745862341,0.0,0.0,-0.0003800883942063349
stationary,5,39763.436889277145,33285.117651491106,39781.47207334301,33285.117651491106,0.588596506330256,0.4924781045392029,0.8448375,0.8448375,0.8448375,0.8448375,0.8920044395885649,0.8916186283524856,67587,67587,67587,67587,16.330100630451568,16.330100630451575,16.29215114333596,0.5883296623504097,0.4924781045392029,16.292151143335957,0.0,0.0,-0.0003858112360792809
stationary,6,45489.39169183161,38706.3272555913,45510.726267066304,38706.3272555913,0.6714576235569469,0.5710666615853185,0.8472375,0.8472375,0.8472375,0.8472375,0.8916039332189893,0.8912257445292008,67779,67779,67779,67779,14.951198474718668,14.951198474718666,14.911310492328091,0.671142856811573,0.5710666615853185,14.911310492328084,0.0,0.0,-0.00037818868978856113
stationary,7,45093.935396354704,38611.152010426566,45117.29930262783,38611.152010426566,0.667593431721876,0.5713230151582753,0.844775,0.844775,0.844775,0.844775,0.8918145871641187,0.8913986089857425,67582,67582,67582,67582,14.420515839303164,14.420515839303164,14.37617570732625,0.6672477197531104,0.5713230151582753,14.376175707326258,0.0,0.0,-0.0004159781783761307
stationary,8,43622.483422020654,37455.34890120008,43641.6806343632,37455.34890120008,0.6443288347363609,0.55299339900195,0.84665,0.84665,0.84665,0.84665,0.8921607398364012,0.8918322207274013,67732,67732,67732,67732,14.175282993781039,14.175282993781046,14.137513587104493,0.6440454057464811,0.55299339900195,14.1375135871045,0.0,0.0,-0.0003285191089998918
stationary,9,42378.426447993406,36296.15937424566,42396.62960294771,36296.15937424566,0.6259098500494229,0.5358473983442432,0.8467,0.8467,0.8467,0.8467,0.8923334865028549,0.8919173614156272,67736,67736,67736,67736,14.389045275141168,14.389045275141171,14.352272095831292,0.62564111326316,0.5358473983442432,14.35227209583129,0.0,0.0,-0.00041612508722777
stationary,10,44823.36705821764,38582.36976652106,44846.45594077291,38582.36976652106,0.6640771181184166,0.5713198152952831,0.84415,0.84415,0.84415,0.84415,0.8913717792773849,0.8909674411371886,67532,67532,67532,67532,13.967851066145796,13.967851066145798,13.923535203392087,0.6637352226828414,0.5713198152952831,13.923535203392087,0.0,0.0,-0.0004043381401962476
stationary,11,43035.75867537546,36753.53684646427,43055.31653363093,36753.53684646427,0.6373749690401465,0.5440857551548351,0.8443875,0.8443875,0.8443875,0.8443875,0.8923533074906327,0.8919810730542277,67551,67551,67551,67551,14.636472785525298,14.636472785525294,14.597678819371675,0.6370854417458729,0.5440857551548351,14.597678819371673,0.0,0.0,-0.00037223443640499454
stationary,12,41699.44895923047,35169.06109343447,41725.0487052344,35169.06109343447,0.6160679291465037,0.519269151509486,0.8466,0.8466,0.8466,0.8466,0.8920063047963092,0.891523921488064,67728,67728,67728,67728,15.712354605298477,15.712354605298474,15.660609501532624,0.6156899503784323,0.519269151509486,15.660609501532624,0.0,0.0,-0.00048238330824512676
stationary,13,44089.814572756295,37732.79562623031,44109.38845335324,37732.79562623031,0.6509169697240942,0.5568183520435372,0.8470625,0.8470625,0.8470625,0.8470625,0.891754432382865,0.8914066535935048,67765,67765,67765,67765,14.456316559152324,14.456316559152356,14.418339038454638,0.6506281203092495,0.5568183520435374,14.418339038454647,0.0,0.0,-0.0003477787893602091
stationary,14,45877.86915617517,40346.27337320265,45906.08661002011,40346.27337320265,0.6802312570017501,0.5978465662982345,0.843575,0.843575,0.843575,0.843575,0.8918287545249584,0.8912859626500912,67486,67486,67486,67486,12.111276842325942,12.11127684232594,12.057220365100505,0.6798131339266688,0.5978465662982345,12.0572203651005,0.0,0.0,-0.0005427918748671656
stationary,15,42793.91143283504,37055.033286035614,42814.79398864,37055.033286035614,0.6328119954571522,0.5476814757461884,0.845725,0.845725,0.845725,0.845725,0.8920844729011104,0.8916900399780529,67658,67658,67658,67658,13.452734828369406,13.452734828369406,13.410501528486323,0.6325033467266996,0.5476814757461884,13.410501528486321,0.0,0.0,-0.0003944329230575194
stationary,16,40866.29637221318,34645.761907321976,40885.12154776102,34645.761907321976,0.6024478235874312,0.5105100111592422,0.8483125,0.8483125,0.8483125,0.8483125,0.8926847146004614,0.8923574178456603,67865,67865,67865,67865,15.260709530116893,15.260709530116904,15.221674135170286,0.6021704320667971,0.5105100111592422,15.2216741351703,0.0,0.0,-0.00032729675480114295
stationary,17,45500.78763356398,39081.50374231971,45524.13658926668,39081.50374231971,0.6711801581857768,0.5761939012829657,0.8478375,0.8478375,0.8478375,0.8478375,0.8920841766590324,0.8916794110479257,67827,67827,67827,67827,14.152125289216269,14.15212528921628,14.108072024909381,0.6708359153959925,0.5761939012829657,14.108072024909392,0.0,0.0,-0.0004047656111066944
stationary,18,45689.77231239401,39765.285327778896,45711.70775400371,39765.285327778896,0.6761986916466282,0.588235164091935,0.8450125,0.8450125,0.8450125,0.8450125,0.8922651046811902,0.8918680768275697,67601,67601,67601,67601,13.008532646002472,13.008532646002465,12.966768457736459,0.6758742076654785,0.588235164091935,12.966768457736457,0.0,0.0,-0.00039702785362050186
stationary,19,42928.73672451558,36998.84813540803,42944.57823447168,36998.84813540803,0.6346176774711346,0.5467540732290236,0.845875,0.845875,0.845875,0.845875,0.8918341548986303,0.8915425515386791,67670,67670,67670,67670,13.845123979564443,13.84512397956445,13.81333121251884,0.6343835780185544,0.5467540732290236,13.813331212518843,0.0,0.0,-0.0002916033599511536
stationary,20,40999.65094633134,35024.69730640615,41018.262645289,35024.69730640615,0.6049623563159299,0.5165655989617887,0.8475375,0.8475375,0.8475375,0.8475375,0.8923821787236007,0.8919718526121502,67803,67803,67803,67803,14.611943442639248,14.611943442639216,14.573181727196701,0.6046878596276174,0.5165655989617887,14.573181727196694,0.0,0.0,-0.0004103261114505319
stationary,21,45327.27081118505,38895.95478381604,45347.02843574518,38895.95478381604,0.6695956829399935,0.5743389215453544,0.8465375,0.8465375,0.8465375,0.8465375,0.8922474004913152,0.8918984255383512,67723,67723,67723,67723,14.226011878749755,14.22601187874977,14.188624005533558,0.6693039412191583,0.5743389215453545,14.188624005533567,0.0,0.0,-0.0003489749529640429
stationary,22,43856.17193291918,37906.0734304473,43876.676183379874,37906.0734304473,0.6484110093896653,0.5601772393220917,0.84585,0.84585,0.84585,0.84585,0.8923390481331149,0.8919756614268354,67668,67668,67668,67668,13.607691539757491,13.607691539757484,13.56730020023848,0.6481079968806405,0.5601772393220917,13.56730020023848,0.0,0.0,-0.00036338670627955594
stationary,23,45303.449889180425,39078.06816810945,45326.84229036192,39078.06816810945,0.6713198105771994,0.5787714297917542,0.8439875,0.8439875,0.8439875,0.8439875,0.891340089486423,0.8909396955808226,67519,67519,67519,67519,13.786034513993004,13.786034513993002,13.74151799984166,0.6709733540067303,0.5787714297917542,13.74151799984165,0.0,0.0,-0.00040039390560031585
stationary,24,43708.54784695632,37080.26486394229,43732.03103755655,37080.26486394229,0.6455960530500383,0.5473990590936136,0.8467375,0.8467375,0.8467375,0.8467375,0.8919498792693378,0.8915420474047745,67739,67739,67739,67739,15.210284123099159,15.210284123099138,15.164729348187647,0.6452493814044541,0.5473990590936136,15.16472934818764,0.0,0.0,-0.00040783186456327947
stationary,25,44653.84955528262,37612.394459204734,44676.83409215353,37612.394459204734,0.660255284665172,0.5558536703692362,0.845825,0.845825,0.845825,0.845825,0.8921092296159819,0.8917031876629034,67666,67666,67666,67666,15.81231028675217,15.812310286752178,15.76897661949701,0.659915608359924,0.5558536703692362,15.768976619497009,0.0,0.0,-0.00040604195307858415
stationary,26,46911.61445371927,40183.403786585564,46934.34042335246,40183.403786585564,0.6950146664201461,0.5950452211844449,0.844125,0.844125,0.844125,0.844125,0.8921477739144421,0.8917368564421287,67530,67530,67530,67530,14.383789301975424,14.383789301975428,14.342313189351925,0.6946781349580818,0.5950452211844449,14.342313189351923,0.0,0.0,-0.00041091747231336573
stationary,27,45122.10475455757,38591.951679507496,45141.03821979492,38591.951679507496,0.6679941136746959,0.571081161926506,0.8447125,0.8447125,0.8447125,0.8447125,0.8921570533191848,0.8917995911788358,67577,67577,67577,67577,14.508054751420334,14.508054751420326,14.472181895261645,0.6677139375017768,0.571081161926506,14.472181895261635,0.0,0.0,-0.0003574621403490408
stationary,28,45334.50947764976,39183.94768138594,45357.16068347637,39183.94768138594,0.6714108605355099,0.5800303113224179,0.8444375,0.8444375,0.8444375,0.8444375,0.892147137693127,0.8917629157113451,67555,67555,67555,67555,13.61022804132301,13.610228041322998,13.567063738267848,0.6710755603234365,0.5800303113224178,13.567063738267848,0.0,0.0,-0.0003842219817818959
stationary,29,40588.35965997324,33920.46121589339,40607.57867375253,33920.46121589339,0.6011217662243354,0.5021310854572467,0.8444125,0.8444125,0.8444125,0.8444125,0.8923457305612583,0.8919743643339252,67553,67553,67553,67553,16.467658688996107,16.46765868899612,16.428105249731217,0.6008372634816106,0.5021310854572467,16.42810524973122,0.0,0.0,-0.0003713662273331364
stationary,30,47426.36765065072,40794.12761898454,47445.482178848135,40794.12761898454,0.6998581295834103,0.6017454253239204,0.8474125,0.8474125,0.8474125,0.8474125,0.8920767428756707,0.8917268927137162,67793,67793,67793,67793,14.018941855814598,14.018941855814605,13.98428840370022,0.6995761752784316,0.6017454253239204,13.98428840370022,0.0,0.0,-0.00034985016195454577
