scenario,global_guardrail_weight,n_episodes,assigned_total,qos_violations_total,pooled_violation_rate_descriptive,mean_episode_loss,episode_risk_upper,risk_cell_tail,mean_assignment_coverage,assignment_coverage_lower,assignment_coverage_upper,mean_qualified_coverage,mean_execution_pps,zero_service_episodes,all_executions_completed,all_inside_global_envelope,test_side_lookahead
alternating,0.0,1277,1110668,0,0.0,0.0,0.00499681610909339,0.0016666666666666668,0.5353958274495573,0.48270742576016595,0.5880842291389485,0.5353958274495573,0.6060409659417282,0,True,True,False
down_ramp,0.0,1277,1191841,0,0.0,0.0,0.00499681610909339,0.0016666666666666668,0.5752049549088467,0.5225165532194554,0.627893356598238,0.5752049549088467,0.5257268302778239,0,True,True,False
down_step,0.0,1277,1347020,1420,0.001054178854063043,0.0010915090073943584,0.008287499372009734,0.0016666666666666668,0.6495443068204538,0.5968559051310626,0.7022327085098451,0.6488374374750262,0.4251087491059575,0,True,True,False
hidden_blocks,0.0,1277,1242621,4226,0.003400876051507258,0.0033150980354291174,0.012743438871685997,0.0016666666666666668,0.5973928494258296,0.5447044477364383,0.6500812511152209,0.5954078597656597,0.5536964627276882,0,True,True,False
stable,0.0,1277,1611060,0,0.0,0.0,0.00499681610909339,0.0016666666666666668,0.7764483587766361,0.7237599570872448,0.8291367604660274,0.7764483587766361,0.32982535203203156,0,True,True,False
up_step,0.0,1277,1679505,0,0.0,0.0,0.00499681610909339,0.0016666666666666668,0.8088465416741787,0.7561581399847874,0.86153494336357,0.8088465416741787,0.4721872279890149,0,True,True,False
alternating,0.25,1277,1110668,0,0.0,0.0,0.00499681610909339,0.0016666666666666668,0.5353958274495573,0.48270742576016595,0.5880842291389485,0.5353958274495573,0.6060409659417282,0,True,True,False
down_ramp,0.25,1277,1245058,0,0.0,0.0,0.00499681610909339,0.0016666666666666668,0.5997913306553372,0.5471029289659459,0.6524797323447284,0.5997913306553372,0.45158863005866456,0,True,True,False
down_step,0.25,1277,1308659,1205,0.0009207899078369537,0.0009472265297693513,0.007946654685490884,0.0016666666666666668,0.6310139910507097,0.5783255893613184,0.6837023927401009,0.6304176118255098,0.45579265612050557,0,True,True,False
hidden_blocks,0.25,1277,1225102,2859,0.0023336832361713555,0.0022789784830340395,0.010796743470084915,0.0016666666666666668,0.5891682996320048,0.5364798979426135,0.641856701321396,0.5878240749019545,0.550564391883378,0,True,True,False
stable,0.25,1277,1529822,0,0.0,0.0,0.00499681610909339,0.0016666666666666668,0.7372894231435285,0.6846010214541373,0.7899778248329198,0.7372894231435285,0.37679288890154444,0,True,True,False
up_step,0.25,1277,1614964,0,0.0,0.0,0.00499681610909339,0.0016666666666666668,0.7777264938726844,0.7250380921832932,0.8304148955620757,0.7777264938726844,0.49683331707928824,0,True,True,False
alternating,0.5,1277,1110668,0,0.0,0.0,0.00499681610909339,0.0016666666666666668,0.5353958274495573,0.48270742576016595,0.5880842291389485,0.5353958274495573,0.6060409659417282,0,True,True,False
down_ramp,0.5,1277,1229343,0,0.0,0.0,0.00499681610909339,0.0016666666666666668,0.5914601595354353,0.538771757846044,0.6441485612248266,0.5914601595354353,0.3839657281754002,0,True,True,False
down_step,0.5,1277,1257552,907,0.0007212425410639083,0.0007398863414929692,0.007433847962344531,0.0016666666666666668,0.6063317796222668,0.5536433779328755,0.6590201813116581,0.6058839028548748,0.37833336956201363,0,True,True,False
hidden_blocks,0.5,1277,1195932,1546,0.0012927156393507323,0.001255679216426227,0.008662553861455148,0.0016666666666666668,0.5754765525973871,0.5227881509079958,0.6281649542867783,0.5747531970807302,0.5612833087502498,0,True,True,False
stable,0.5,1277,1421684,0,0.0,0.0,0.00499681610909339,0.0016666666666666668,0.6851752992044969,0.6324868975151057,0.7378637008938882,0.6851752992044969,0.43598439184305454,0,True,True,False
up_step,0.5,1277,1512035,0,0.0,0.0,0.00499681610909339,0.0016666666666666668,0.7281568241122708,0.6754684224228795,0.780845225801662,0.7281568241122708,0.5277273322773179,0,True,True,False
alternating,0.75,1277,1110668,0,0.0,0.0,0.00499681610909339,0.0016666666666666668,0.5353958274495573,0.48270742576016595,0.5880842291389485,0.5353958274495573,0.6060409659417282,0,True,True,False
down_ramp,0.75,1277,1173378,0,0.0,0.0,0.00499681610909339,0.0016666666666666668,0.5650226466873223,0.512334244997931,0.6177110483767135,0.5650226466873223,0.4746140846311796,0,True,True,False
down_step,0.75,1277,1192073,522,0.00043789264583628685,0.0004496483900216919,0.006651054932318713,0.0016666666666666668,0.574743911093454,0.5220555094040628,0.6274323127828453,0.5744859135944924,0.46655671581768887,0,True,True,False
hidden_blocks,0.75,1277,1157606,462,0.00039909952090780456,0.00038379122643746033,0.006458038534376598,0.0016666666666666668,0.5574663539745598,0.5047779522851685,0.610154755663951,0.5572525495304967,0.5854145795986402,0,True,True,False
stable,0.75,1277,1283120,0,0.0,0.0,0.00499681610909339,0.0016666666666666668,0.6184492381626533,0.565760836473262,0.6711376398520446,0.6184492381626533,0.5134472202423122,0,True,True,False
up_step,0.75,1277,1350542,0,0.0,0.0,0.00499681610909339,0.0016666666666666668,0.6505315157477568,0.5978431140583655,0.7032199174371481,0.6505315157477568,0.568913376382519,0,True,True,False
alternating,1.0,1277,1110668,0,0.0,0.0,0.00499681610909339,0.0016666666666666668,0.5353958274495573,0.48270742576016595,0.5880842291389485,0.5353958274495573,0.6060409659417282,0,True,True,False
down_ramp,1.0,1277,1110668,0,0.0,0.0,0.00499681610909339,0.0016666666666666668,0.5353958274495573,0.48270742576016595,0.5880842291389485,0.5353958274495573,0.5988749589686198,0,True,True,False
down_step,1.0,1277,1110668,0,0.0,0.0,0.00499681610909339,0.0016666666666666668,0.5353958274495573,0.48270742576016595,0.5880842291389485,0.5353958274495573,0.5947219179004806,0,True,True,False
hidden_blocks,1.0,1277,1110668,0,0.0,0.0,0.00499681610909339,0.0016666666666666668,0.5353958274495573,0.48270742576016595,0.5880842291389485,0.5353958274495573,0.6148201270298314,0,True,True,False
stable,1.0,1277,1110668,0,0.0,0.0,0.00499681610909339,0.0016666666666666668,0.5353958274495573,0.48270742576016595,0.5880842291389485,0.5353958274495573,0.6190923729369416,0,True,True,False
up_step,1.0,1277,1110668,0,0.0,0.0,0.00499681610909339,0.0016666666666666668,0.5353958274495573,0.48270742576016595,0.5880842291389485,0.5353958274495573,0.6297923834276217,0,True,True,False
