scenario,seed,phase,design_reserve_MOI,design_reserve_PASI,execution_settlement_MOI,execution_settlement_PASI,assigned_MOI,assigned_PASI,tasks_MOI,tasks_PASI,coverage_MOI,coverage_PASI,mean_selected_H_MOI,mean_selected_H_PASI,mean_selected_lambda_MOI,mean_selected_lambda_PASI,design_reserve_saving_pct,execution_settlement_saving_pct,coverage_diff_pp
burst,1,Early,3344.152692400803,2888.039674015143,3345.5981365427147,2888.039674015143,5560.0,5560.0,6880.0,6880.0,0.8081395348837209,0.8081395348837209,0.8004955319103447,0.8018718391868556,0.9789166288560219,0.8694556299342623,13.63912058866581,13.67643225077847,0.0
burst,1,Late,9382.701340023094,7812.455818663733,9387.691922140792,7812.455818663733,16302.0,16302.0,20640.0,20640.0,0.7898255813953489,0.7898255813953489,0.9731490368103539,0.9729397591037507,0.9517844151150845,0.8189695437699419,16.73553771408326,16.77980185695993,0.0
burst,1,Middle,6499.319973600514,5433.408933273289,6502.671478816201,5433.408933273289,10976.0,10976.0,13760.0,13760.0,0.7976744186046512,0.7976744186046512,0.9724346271745223,0.9723135695597451,0.967800788654187,0.836647403390247,16.400347184887522,16.44343481023539,0.0
burst,2,Early,3199.146076916383,2800.6249601851596,3200.16447144146,2800.6249601851596,5455.0,5455.0,6880.0,6880.0,0.7928779069767442,0.7928779069767442,0.7933673709122981,0.7954817370025156,0.8965504174434451,0.8018315812331407,12.457109089415297,12.484968032794097,0.0
burst,2,Late,9899.966620981511,8454.29469529485,9903.956871624398,8454.29469529485,16535.0,16535.0,20640.0,20640.0,0.8011143410852714,0.8011143410852714,0.9734876031350306,0.9738352983711418,0.9083731392242268,0.7953216429554901,14.602795959157822,14.637202030664554,0.0
burst,2,Middle,6521.851998732094,5567.381890112871,6524.486942314294,5567.381890112871,10960.0,10960.0,13760.0,13760.0,0.7965116279069767,0.7965116279069767,0.9729408874996518,0.9732982374810578,0.9062496475984958,0.7932701640581783,14.634955052717856,14.66943011249141,0.0
burst,3,Early,3060.9472398984303,2562.2896581772034,3062.1683342980464,2562.2896581772034,5533.0,5533.0,6880.0,6880.0,0.8042151162790697,0.8042151162790697,0.8032037086069372,0.8046689059272579,0.9539696653521,0.8283278564662117,16.290956447121697,16.324336925632544,0.0
burst,3,Late,9103.15192949667,7348.987028319312,9107.552154625777,7348.987028319312,16559.0,16559.0,20640.0,20640.0,0.8022771317829457,0.8022771317829457,0.9754033017844099,0.9750033721062585,0.9493636153222207,0.7995725906421535,19.269862952560302,19.308866932079873,0.0
burst,3,Middle,5881.6162781813655,4736.518569663619,5884.560468539999,4736.518569663619,10899.0,10899.0,13760.0,13760.0,0.792078488372093,0.792078488372093,0.9747533083516591,0.9744795480231226,0.9414038925003302,0.7915300855623779,19.46909921284117,19.509390803510897,0.0
burst,4,Early,2960.4507029819315,2492.911022394729,2961.696615737145,2492.911022394729,5442.0,5442.0,6880.0,6880.0,0.7909883720930233,0.7909883720930233,0.8035691827816743,0.8040348368901825,0.9113127869997754,0.7948532618272757,15.792854787829103,15.828278657965733,0.0
burst,4,Late,9453.52750547626,7733.8272651518255,9458.826240965798,7733.8272651518255,16377.0,16377.0,20640.0,20640.0,0.7934593023255814,0.7934593023255814,0.9752040419763811,0.9743389360993528,0.9469543286415857,0.807784764740772,18.1910957505359,18.236924242704355,0.0
burst,4,Middle,6517.80587186768,5349.476782240599,6521.2950359641745,5349.476782240599,11122.0,11122.0,13760.0,13760.0,0.8082848837209302,0.8082848837209302,0.974775064796843,0.9737780281349551,0.956847223932078,0.8186123213084466,17.925190050072725,17.969103487284897,0.0
burst,5,Early,2724.9353740798597,2316.632234669757,2725.865815452888,2316.632234669757,5410.0,5410.0,6880.0,6880.0,0.7863372093023255,0.7863372093023255,0.801191875329827,0.8013839750678713,0.8874834274065461,0.7732173306622983,14.983956804772891,15.012976004291644,0.0
burst,5,Late,8326.959632630893,6836.801484612095,8330.447855142978,6836.801484612095,16535.0,16535.0,20640.0,20640.0,0.8011143410852714,0.8011143410852714,0.9752510109984966,0.9753029668666866,0.8876060297289965,0.7515214820014918,17.895585108630875,17.92996482906677,0.0
burst,5,Middle,5358.395427121306,4384.493559048042,5360.612345859378,4384.493559048042,10936.0,10936.0,13760.0,13760.0,0.7947674418604651,0.7947674418604651,0.9745554901675322,0.9749069821488638,0.8730111433482048,0.7376707108399794,18.17525192605045,18.209091123056233,0.0
burst,6,Early,3177.230739286125,2717.4895855320965,3178.447763309206,2717.4895855320965,5581.0,5581.0,6880.0,6880.0,0.8111918604651163,0.8111918604651163,0.8070875479434866,0.808181357160855,0.9122934650082489,0.8079731748635093,14.469869879747076,14.502619269010353,0.0
burst,6,Late,9179.592961704906,7606.454829664572,9184.030306629433,7606.454829664572,16303.0,16303.0,20640.0,20640.0,0.7898740310077519,0.7898740310077519,0.9741170786635931,0.9739349176645838,0.9074929131376409,0.7820455098196347,17.13734082331423,17.177376645045463,0.0
burst,6,Middle,6251.645544304912,5193.906436473993,6254.767165217301,5193.906436473993,10890.0,10890.0,13760.0,13760.0,0.7914244186046512,0.7914244186046512,0.9737928503086364,0.9733576885350483,0.9148324937574974,0.790502236137064,16.919371073340706,16.960834843585292,0.0
burst,7,Early,3086.330781869272,2651.279474973506,3087.8317420148123,2651.279474973506,5554.0,5554.0,6880.0,6880.0,0.8072674418604651,0.8072674418604651,0.8042259051650104,0.8042019804640705,0.9518369404483827,0.8392044525228989,14.096068686204543,14.137825617287547,0.0
burst,7,Late,9391.733182959057,7863.23577281578,9397.21194763337,7863.23577281578,16428.0,16428.0,20640.0,20640.0,0.7959302325581395,0.7959302325581395,0.974453160095474,0.9749533313095536,0.9652797423836772,0.8312320599519383,16.274923705420818,16.323737118687763,0.0
burst,7,Middle,6154.810996371954,5138.421976941191,6158.21675156723,5138.421976941191,10908.0,10908.0,13760.0,13760.0,0.7927325581395349,0.7927325581395349,0.9745467048911853,0.9748714327169611,0.9579639774877491,0.8246996069673076,16.513732428662543,16.559903877474056,0.0
burst,8,Early,2949.92537878282,2562.5859097157804,2950.9341838044734,2562.5859097157804,5506.0,5506.0,6880.0,6880.0,0.8002906976744186,0.8002906976744186,0.8069587040503006,0.8081012167792505,0.914250298546708,0.8063032667065306,13.130483633686396,13.160180807150956,0.0
burst,8,Late,9016.891119886128,7622.75748681125,9020.528947949206,7622.75748681125,16425.0,16425.0,20640.0,20640.0,0.7957848837209303,0.7957848837209303,0.9757328996480702,0.97469959122072,0.931473407147667,0.8033988945360219,15.461355965585666,15.495448983130157,0.0
burst,8,Middle,6181.800825803028,5245.18337214048,6184.324967952161,5245.18337214048,11003.0,11003.0,13760.0,13760.0,0.7996366279069768,0.7996366279069768,0.9747511219451046,0.9736629357138693,0.9440267040451601,0.8161220450904533,15.151207229988351,15.185838400769924,0.0
burst,9,Early,2960.1791767944082,2544.55372756391,2961.187626593692,2544.55372756391,5515.0,5515.0,6880.0,6880.0,0.8015988372093024,0.8015988372093024,0.8065649986808182,0.8068578350075476,0.9118401283444358,0.8047023770126326,14.040550399404573,14.069824393702602,0.0
burst,9,Late,8730.97692279943,7287.593695913378,8734.695239383851,7287.593695913378,16404.0,16404.0,20640.0,20640.0,0.7947674418604651,0.7947674418604651,0.975230491545549,0.9742687903817169,0.9067501307568981,0.7808101719669502,16.531749421040242,16.56728144269579,0.0
burst,9,Middle,5732.225158201272,4785.197297719389,5734.538826195872,4785.197297719389,10939.0,10939.0,13760.0,13760.0,0.7949854651162791,0.7949854651162791,0.9747961341402371,0.973837307814569,0.8967507268417074,0.7702826602783673,16.521121106468417,16.55480165449066,0.0
burst,10,Early,3085.685527514078,2663.8995535582453,3087.072152021569,2663.8995535582453,5524.0,5524.0,6880.0,6880.0,0.8029069767441861,0.8029069767441861,0.7987229811527556,0.7998796793244924,0.9405774630396535,0.8379348729655952,13.669117289979848,13.707894653068253,0.0
burst,10,Late,9141.470877192298,7651.711526321893,9146.690040798054,7651.711526321893,16456.0,16456.0,20640.0,20640.0,0.7972868217054263,0.7972868217054263,0.9732101394591793,0.9733176020342724,0.9379615740701938,0.8162597136506656,16.296713853645926,16.34447551855297,0.0
burst,10,Middle,6012.483931574516,5038.405795446465,6015.686878233379,5038.405795446465,10858.0,10858.0,13760.0,13760.0,0.7890988372093023,0.7890988372093023,0.9724639075779801,0.9724666998605099,0.9345133586416514,0.8120551877023378,16.200927057994885,16.24554440030813,0.0
burst,11,Early,3108.7450631485467,2672.9515544446112,3109.878542135972,2672.9515544446112,5551.0,5551.0,6880.0,6880.0,0.8068313953488372,0.8068313953488372,0.8018629580428159,0.8038787431746489,0.8790969170041809,0.7771988879619307,14.01830963464603,14.049647977289315,0.0
burst,11,Late,8877.826716268872,7371.231870560622,8881.636506248118,7371.231870560622,16538.0,16538.0,20640.0,20640.0,0.8012596899224806,0.8012596899224806,0.9741714600975264,0.9745863898636103,0.8531934541911793,0.732861784270171,16.97031147214635,17.005927169220957,0.0
burst,11,Middle,5911.27004923133,4922.132917973843,5913.836712106615,4922.132917973843,10922.0,10922.0,13760.0,13760.0,0.79375,0.79375,0.9736513219646928,0.9739550158298069,0.8592321952756024,0.739444518724725,16.73307297788076,16.769211637220003,0.0
burst,12,Early,2796.5091034912466,2366.640577426414,2798.055050516599,2366.640577426414,5401.0,5401.0,6880.0,6880.0,0.7850290697674419,0.7850290697674419,0.7947582458402586,0.7980473633053244,0.8717154674261774,0.7634518646359498,15.371611897424964,15.418369735453696,0.0
burst,12,Late,8514.212684199592,6977.443552061032,8519.857329761011,6977.443552061032,16373.0,16373.0,20640.0,20640.0,0.793265503875969,0.793265503875969,0.9727981827379774,0.973675509756285,0.8791254067375176,0.7509112525537122,18.04945670420528,18.103751248417264,0.0
burst,12,Middle,5724.201379860502,4697.546679835363,5727.924351142018,4697.546679835363,10924.0,10924.0,13760.0,13760.0,0.7938953488372092,0.7938953488372092,0.9718426063037781,0.9724086975867676,0.8801553223069397,0.752107666418797,17.93533511307317,17.988674572862006,0.0
burst,13,Early,2987.7666759328886,2565.6934493126823,2988.9252085790977,2565.6934493126823,5490.0,5490.0,6880.0,6880.0,0.7979651162790697,0.7979651162790697,0.8009716660040833,0.8009423905420608,0.9047949894799729,0.7968147814786438,14.12671310715452,14.159998318178568,0.0
burst,13,Late,9123.715016284072,7583.891271762886,9128.516537905027,7583.891271762886,16563.0,16563.0,20640.0,20640.0,0.8024709302325581,0.8024709302325581,0.9747297770076262,0.9745315823984418,0.9149121359031328,0.7868535953130269,16.877157405430754,16.920879309669612,0.0
burst,13,Middle,5951.558185593329,4953.610768102315,5954.414740732496,4953.610768102315,10879.0,10879.0,13760.0,13760.0,0.790625,0.790625,0.9742028022728731,0.9740937153435607,0.9108566919265887,0.782069387660807,16.767834344738496,16.807763923193985,0.0
burst,14,Early,3108.7448052845593,2742.3391610147787,3110.298714597975,2742.3391610147787,5338.0,5338.0,6880.0,6880.0,0.7758720930232558,0.7758720930232558,0.807717690764048,0.8093516643148917,0.9523073958256689,0.8657586551732137,11.786288911425835,11.83036059707716,0.0
burst,14,Late,9495.588801645967,8162.550008430281,9501.3391886061,8162.550008430281,16349.0,16349.0,20640.0,20640.0,0.7921027131782946,0.7921027131782946,0.9731051680324659,0.9737992564532286,0.9525604635182983,0.8484296751551512,14.038505890067777,14.090531382999982,0.0
burst,14,Middle,6495.899798191413,5598.379066664412,6499.837545766361,5598.379066664412,10976.0,10976.0,13760.0,13760.0,0.7976744186046512,0.7976744186046512,0.9727636674445928,0.9731845553755379,0.9639197646516411,0.860381223528565,13.816726849402583,13.868938611998228,0.0
burst,15,Early,2977.5636647758274,2602.935431217512,2978.8362435519243,2602.935431217512,5457.0,5457.0,6880.0,6880.0,0.7931686046511628,0.7931686046511628,0.8066896967902596,0.8074199701424648,0.9082581583472933,0.8169549749630395,12.58170355818472,12.619049239383273,0.0
burst,15,Late,8848.452330816697,7517.944250996832,8852.867540318499,7517.944250996832,16414.0,16414.0,20640.0,20640.0,0.7952519379844961,0.7952519379844961,0.9738953016908393,0.9735639471171569,0.9009701479179144,0.7909920995416737,15.03661917447502,15.078993142527475,0.0
burst,15,Middle,5804.303350068221,4930.430246128063,5807.19918109387,4930.430246128063,10864.0,10864.0,13760.0,13760.0,0.7895348837209303,0.7895348837209303,0.9727620544733504,0.9723638395784256,0.8922467698745746,0.7837351282197578,15.05560704248663,15.097965604834906,0.0
burst,16,Early,2753.154939788376,2361.0893856490634,2754.206317784398,2361.0893856490634,5453.0,5453.0,6880.0,6880.0,0.7925872093023256,0.7925872093023256,0.8129733105430446,0.8131538940539186,0.861803358329308,0.7592340849228143,14.240591710739281,14.273329111073085,0.0
burst,16,Late,8232.747850700334,6840.423978578704,8236.149711456324,6840.423978578704,16373.0,16373.0,20640.0,20640.0,0.793265503875969,0.793265503875969,0.9762661273097664,0.9755996672553782,0.860354728499812,0.737770749168391,16.91201889540671,16.946337570044324,0.0
burst,16,Middle,5427.999165239726,4503.286690560437,5430.295456055745,4503.286690560437,10935.0,10935.0,13760.0,13760.0,0.7946947674418605,0.7946947674418605,0.9757133345964826,0.975041176304869,0.8531130755292362,0.7309298205693723,17.035973045114673,17.07105576477479,0.0
burst,17,Early,3137.411624376712,2707.99129425739,3138.7082918549,2707.99129425739,5495.0,5495.0,6880.0,6880.0,0.7986918604651163,0.7986918604651163,0.8018332920392545,0.8023727308475275,0.9257080391509581,0.8188531311965094,13.687089280311826,13.722746988474244,0.0
burst,17,Late,9118.041932389457,7619.834015729917,9122.700497883412,7619.834015729917,16331.0,16331.0,20640.0,20640.0,0.7912306201550388,0.7912306201550388,0.9743831621329416,0.9741148743303334,0.9174367940816174,0.7899174241277066,16.431246179484525,16.47392109937381,0.0
burst,17,Middle,6349.409824116299,5334.393036219475,6352.699297487678,5334.393036219475,10892.0,10892.0,13760.0,13760.0,0.7915697674418605,0.7915697674418605,0.9735825939268541,0.9734110663222154,0.9405326696887879,0.8130634579401345,15.986002101196739,16.029505153359235,0.0
burst,18,Early,3079.6844480618947,2679.8854581630867,3080.912017606144,2679.8854581630867,5437.0,5437.0,6880.0,6880.0,0.7902616279069767,0.7902616279069767,0.8009433085839862,0.8014034993883412,0.9104717768120434,0.8101537497729334,12.98181669717523,13.016488531686587,0.0
burst,18,Late,9994.747274004454,8521.727033312605,9999.44690949544,8521.727033312605,16626.0,16626.0,20640.0,20640.0,0.8055232558139535,0.8055232558139535,0.9749756740481498,0.9748958633575572,0.94494389707439,0.827871213017944,14.737943844994039,14.778016119867566,0.0
burst,18,Middle,6456.9381793444445,5480.148570169698,6460.120890463213,5480.148570169698,11044.0,11044.0,13760.0,13760.0,0.8026162790697674,0.8026162790697674,0.9740406963268867,0.9737547044606101,0.9272195542013912,0.8096389217895333,15.127752226271385,15.169566280720904,0.0
burst,19,Early,3021.056003114092,2612.933605967596,3021.9791758822707,2612.933605967596,5532.0,5532.0,6880.0,6880.0,0.8040697674418604,0.8040697674418604,0.8071853077425062,0.8067641035549289,0.9010206959304492,0.8065255073056607,13.509262877808458,13.535684599654896,0.0
burst,19,Late,8974.333423422248,7522.869894190231,8977.833154350463,7522.869894190231,16401.0,16401.0,20640.0,20640.0,0.7946220930232558,0.7946220930232558,0.9753282816213309,0.9744695926400645,0.901903126303657,0.7884856499460389,16.17349680193316,16.206173974787987,0.0
burst,19,Middle,6010.446199127091,5038.010681696568,6012.800101173125,5038.010681696568,11021.0,11021.0,13760.0,13760.0,0.8009447674418605,0.8009447674418605,0.9749297235462256,0.9740434161620498,0.8987226737966728,0.7849822409152643,16.179090290696752,16.211904654644528,0.0
burst,20,Early,2907.6974087359335,2501.4542078103746,2908.6612284594603,2501.4542078103746,5513.0,5513.0,6880.0,6880.0,0.8013081395348837,0.8013081395348837,0.8037676168518647,0.80453305224334,0.8997553510450964,0.796351052723961,13.971302505722749,13.999809144661313,0.0
burst,20,Late,8445.645752284301,7029.559505799014,8449.36663521186,7029.559505799014,16457.0,16457.0,20640.0,20640.0,0.7973352713178294,0.7973352713178294,0.9752285837151501,0.9743355303234148,0.8869217513167759,0.7642396844403956,16.76705710871519,16.803710747926914,0.0
burst,20,Middle,5591.8740741395195,4652.426085243105,5594.150371994629,4652.426085243105,10955.0,10955.0,13760.0,13760.0,0.7961482558139535,0.7961482558139535,0.9746006899411465,0.9735303054316349,0.8834476583025979,0.7614208001568776,16.800235063250724,16.834089613786084,0.0
burst,21,Early,3081.1192453781614,2645.8518050418575,3082.2944635799972,2645.8518050418575,5430.0,5430.0,6880.0,6880.0,0.7892441860465116,0.7892441860465116,0.8083160588208049,0.8079767825659648,0.9266562773572316,0.8221347622256826,14.12692614832184,14.159667860909831,0.0
burst,21,Late,9416.766220369445,7857.996174970114,9421.410603148743,7857.996174970114,16424.0,16424.0,20640.0,20640.0,0.7957364341085271,0.7957364341085271,0.9760384889947201,0.9759415905283745,0.9300083354932804,0.8065848030181715,16.553135215649185,16.594271219387437,0.0
burst,21,Middle,6275.0559666953595,5241.650764723041,6278.023479211931,5241.650764723041,10876.0,10876.0,13760.0,13760.0,0.790406976744186,0.790406976744186,0.9753530275145679,0.975233976873811,0.9328859755079605,0.8098083832461018,16.468461914237587,16.50794581958116,0.0
burst,22,Early,3047.233647107275,2672.763977884631,3048.3640585297953,2672.763977884631,5535.0,5535.0,6880.0,6880.0,0.8045058139534884,0.8045058139534884,0.7967414973081414,0.7992914091014163,0.9298040008723453,0.8321487387166034,12.28884006246539,12.321365605731282,0.0
burst,22,Late,9082.410480130362,7746.426615041064,9086.752747794657,7746.426615041064,16428.0,16428.0,20640.0,20640.0,0.7959302325581395,0.7959302325581395,0.9734215513239695,0.9734609071915761,0.9293989384430607,0.8124036275017104,14.709573719576285,14.750331278452455,0.0
burst,22,Middle,6036.636291147182,5151.222064564234,6039.458710144689,5151.222064564234,10894.0,10894.0,13760.0,13760.0,0.7917151162790698,0.7917151162790698,0.9726849813097296,0.9728652552056806,0.9301005601726968,0.8121301031961587,14.667344260601256,14.707222753066473,0.0
burst,23,Early,3205.8389286069223,2779.636525153477,3207.318987691672,2779.636525153477,5527.0,5527.0,6880.0,6880.0,0.803343023255814,0.803343023255814,0.8094691514516783,0.8136744076232425,0.9400978445745106,0.8409993785208254,13.294566974350419,13.33457832474595,0.0
burst,23,Late,9503.69545651156,8028.994169782132,9509.044296701331,8028.994169782132,16427.0,16427.0,20640.0,20640.0,0.7958817829457364,0.7958817829457364,0.9752107060717857,0.9754022994384335,0.9372879256838939,0.8202805918890161,15.51713534464133,15.56465698064553,0.0
burst,23,Middle,6388.929871453504,5395.590270366256,6392.32806475438,5395.590270366256,11028.0,11028.0,13760.0,13760.0,0.8014534883720931,0.8014534883720931,0.9742446646338917,0.9744394004277366,0.9398928644195352,0.8229850362244463,15.54782445688765,15.592719652232411,0.0
burst,24,Early,3128.5734456211885,2676.767881253659,3129.900705074605,2676.767881253659,5527.0,5527.0,6880.0,6880.0,0.803343023255814,0.803343023255814,0.8114184204389084,0.8107357361168656,0.9283149957054007,0.822221647392035,14.4412644363483,14.477546303186795,0.0
burst,24,Late,9143.872453986914,7572.275492919094,9148.982806575445,7572.275492919094,16433.0,16433.0,20640.0,20640.0,0.796172480620155,0.796172480620155,0.977755468117193,0.9769658038054116,0.9155522441306576,0.7875055245654428,17.18743310316596,17.233689766289196,0.0
burst,24,Middle,6098.8434173636,5048.141783107545,6102.362142821144,5048.141783107545,10976.0,10976.0,13760.0,13760.0,0.7976744186046512,0.7976744186046512,0.9775276970248655,0.9765681609178504,0.9157811997788614,0.7877007149649407,17.227883425645484,17.27561123119823,0.0
burst,25,Early,3012.2873788250176,2556.0432047127338,3013.731441318862,2556.0432047127338,5485.0,5485.0,6880.0,6880.0,0.7972383720930233,0.7972383720930233,0.8130093756025308,0.8133152890541386,0.9322373249027734,0.8211183063305041,15.146103831907565,15.18676250747265,0.0
burst,25,Late,9396.565749795449,7748.501371916597,9401.831840365368,7748.501371916597,16538.0,16538.0,20640.0,20640.0,0.8012596899224806,0.8012596899224806,0.9782872725243046,0.9778347977468602,0.9558013751711947,0.8241602381979967,17.539007566830765,17.585195061141622,0.0
burst,25,Middle,6010.45182136837,4945.472143660672,6013.835882426882,4945.472143660672,10891.0,10891.0,13760.0,13760.0,0.7914970930232558,0.7914970930232558,0.976927500296792,0.9763479778354974,0.9380270591479046,0.8059008201899874,17.718795680575617,17.765096348706333,0.0
burst,26,Early,3349.5941189162045,2876.789647425308,3350.9544115811946,2876.789647425308,5549.0,5549.0,6880.0,6880.0,0.8065406976744186,0.8065406976744186,0.8010495501830632,0.8009538045633023,0.9673840038165104,0.8556873097281442,14.115276499347251,14.150140703709102,0.0
burst,26,Late,9965.588503150835,8318.95249590027,9970.574457681647,8318.95249590027,16385.0,16385.0,20640.0,20640.0,0.7938468992248062,0.7938468992248062,0.9736930865923765,0.97343916918674,0.9724720097931159,0.8406499230512802,16.523218942162277,16.564962919552894,0.0
burst,26,Middle,6558.514192483791,5454.2459524161095,6562.04961361724,5454.2459524161095,10999.0,10999.0,13760.0,13760.0,0.7993459302325582,0.7993459302325582,0.9734371044545472,0.9731019381310619,0.9614460349886947,0.8287672406747724,16.837170853929052,16.881976309692494,0.0
burst,27,Early,3134.746554422167,2712.1893924563133,3135.794488040354,2712.1893924563133,5540.0,5540.0,6880.0,6880.0,0.8052325581395349,0.8052325581395349,0.8003650892893741,0.8014101572696829,0.9134562375070526,0.8090380210013609,13.479787109734753,13.508700815682706,0.0
burst,27,Late,9303.576642333988,7795.847498859952,9307.591122724769,7795.847498859952,16512.0,16512.0,20640.0,20640.0,0.8,0.8,0.9733305648348759,0.9730494176701724,0.9142165945779475,0.7889593825113363,16.2059087750557,16.242050213979088,0.0
burst,27,Middle,6124.715108364102,5129.344681644119,6127.313674444219,5129.344681644119,11016.0,11016.0,13760.0,13760.0,0.8005813953488372,0.8005813953488372,0.9721841594217028,0.9719210424206316,0.9073822179723872,0.7820442440892362,16.251701656468466,16.287218931885693,0.0
burst,28,Early,3125.023037953656,2715.278943162975,3126.344545728595,2715.278943162975,5440.0,5440.0,6880.0,6880.0,0.7906976744186046,0.7906976744186046,0.8053353090777665,0.8045370210323768,0.9194186853145209,0.8187797589391256,13.111714371840023,13.148442103965907,0.0
burst,28,Late,9266.252191099755,7787.83420712029,9271.168346838684,7787.83420712029,16408.0,16408.0,20640.0,20640.0,0.7949612403100775,0.7949612403100775,0.9748225078975987,0.9741426822108873,0.914879978927473,0.7943651882729683,15.95486452871947,15.999430538052806,0.0
burst,28,Middle,6386.967094188819,5386.922188193533,6390.202641938714,5386.922188193533,11064.0,11064.0,13760.0,13760.0,0.8040697674418604,0.8040697674418604,0.973908293814284,0.9731777537508852,0.9239864786873876,0.8040364181780039,15.657586633023001,15.700291680277568,0.0
burst,29,Early,2819.744020443882,2394.0824754763435,2820.7462375365453,2394.0824754763435,5529.0,5529.0,6880.0,6880.0,0.8036337209302326,0.8036337209302326,0.8085168555259435,0.808207594572384,0.9023626786409451,0.7840241590562957,15.095751312224836,15.125917971012592,0.0
burst,29,Late,8233.214129863085,6736.95627679804,8236.889769578615,6736.95627679804,16361.0,16361.0,20640.0,20640.0,0.7926841085271318,0.7926841085271318,0.9748877522753202,0.9744648397069446,0.8994486476806909,0.7575655530987324,18.173435422235606,18.20994980800027,0.0
burst,29,Middle,5611.757485788806,4599.911607071443,5614.244658400456,4599.911607071443,10939.0,10939.0,13760.0,13760.0,0.7949854651162791,0.7949854651162791,0.9744897154751003,0.9740954506255239,0.9118229545109303,0.7699511747643288,18.03081977936071,18.067133034740323,0.0
burst,30,Early,3201.879551048267,2746.023297662355,3203.0788883473165,2746.023297662355,5437.0,5437.0,6880.0,6880.0,0.7902616279069767,0.7902616279069767,0.8036413363346372,0.8047827836356121,0.9553427002760796,0.8459011268932389,14.237145592708767,14.269258005093565,0.0
burst,30,Late,9930.634463422191,8310.705245442721,9934.926395011193,8310.705245442721,16481.0,16481.0,20640.0,20640.0,0.7984980620155039,0.7984980620155039,0.9739946047341629,0.9741871174260371,0.9639641493040955,0.8358084620854312,16.312444325145638,16.348597714665214,0.0
burst,30,Middle,6424.3273862857695,5358.424653961814,6427.127444035512,5358.424653961814,10884.0,10884.0,13760.0,13760.0,0.7909883720930233,0.7909883720930233,0.9732897989151768,0.9734859748948279,0.9538179485822795,0.8246664476281024,16.591662725647726,16.628000601815863,0.0
dynamic,1,Early,4675.860585069206,4078.9422576132224,4677.822059683249,4078.9422576132224,7128.0,7128.0,8544.0,8544.0,0.8342696629213483,0.8342696629213483,0.8282004252457328,0.8279583348180569,1.0062754797162683,0.9043595687224488,12.765956482150942,12.80253490682326,0.0
dynamic,1,Late,8080.025122770552,6800.793902636399,8084.228193971061,6800.793902636399,13004.0,13004.0,15456.0,15456.0,0.8413561076604554,0.8413561076604554,0.9752429296335108,0.9748849666508143,0.9981911707453821,0.8636993318159601,15.832020330346674,15.875780105907978,0.0
dynamic,1,Middle,6360.512019083702,5370.082864061629,6363.7376977776785,5370.082864061629,10046.0,10046.0,12000.0,12000.0,0.8371666666666666,0.8371666666666666,0.9739138971475545,0.9734485502698201,1.0029405422940045,0.8727172290733876,15.571531852317055,15.614327316838494,0.0
dynamic,2,Early,4798.124536630507,4283.760881844582,4799.801293399181,4283.760881844582,7095.0,7095.0,8544.0,8544.0,0.8304073033707865,0.8304073033707865,0.8235007177527809,0.8233572156787898,0.9646630630622516,0.879248862272084,10.720098047874703,10.751286980656305,0.0
dynamic,2,Late,8083.221634369716,6932.347073258514,8086.286872954561,6932.347073258514,12899.0,12899.0,15456.0,15456.0,0.8345626293995859,0.8345626293995859,0.974142593424025,0.9744396212390835,0.9396364773033196,0.8239796393187323,14.237820180727256,14.270329730144994,0.0
dynamic,2,Middle,6620.198441070992,5733.5914012922285,6622.805057100201,5733.5914012922285,10122.0,10122.0,12000.0,12000.0,0.8435,0.8435,0.9738135989092184,0.9737162139061417,0.9568956508295552,0.8486345422019894,13.392454133675958,13.42654129392894,0.0
dynamic,3,Early,4554.85453572403,3873.3556160142125,4556.789237475405,3873.3556160142125,7170.0,7170.0,8544.0,8544.0,0.839185393258427,0.839185393258427,0.8339537838705489,0.8339717161179012,1.0185881760421351,0.9028846201469068,14.962034777725075,14.998139827064605,0.0
dynamic,3,Late,7518.452551279932,6085.903015224989,7521.958137269117,6085.903015224989,12924.0,12924.0,15456.0,15456.0,0.8361801242236024,0.8361801242236024,0.977053340823644,0.9769803612488379,0.9878523305804874,0.8308652460435453,19.053781696222416,19.09150643804959,0.0
dynamic,3,Middle,6005.697429700611,4912.132887832213,6008.557175979566,4912.132887832213,9951.0,9951.0,12000.0,12000.0,0.82925,0.82925,0.9759183378574079,0.9754069180997261,0.9985808469572786,0.8508747050201843,18.20878515225022,18.247713320105085,0.0
dynamic,4,Early,4630.252803053271,3978.142177580919,4632.55964257326,3978.142177580919,7062.0,7062.0,8544.0,8544.0,0.8265449438202247,0.8265449438202247,0.8299162627723482,0.8291430540734304,1.0030067230491324,0.8945972645921737,14.0836937681316,14.126476839677126,0.0
dynamic,4,Late,8131.601496320586,6703.4751401001595,8135.544940112619,6703.4751401001595,12956.0,12956.0,15456.0,15456.0,0.8382505175983437,0.8382505175983437,0.9755793205229784,0.9758060037734658,1.005257192396873,0.8588872950456204,17.562670242345625,17.60262908697835,0.0
dynamic,4,Middle,6130.133698629796,5056.7881776469,6133.489626106992,5056.7881776469,9985.0,9985.0,12000.0,12000.0,0.8320833333333333,0.8320833333333333,0.9750782223526132,0.9746696622284189,0.9804995791899004,0.8411231305977841,17.509332972995495,17.55446758851842,0.0
dynamic,5,Early,4081.7289669934507,3514.1284957199123,4083.404866690668,3514.1284957199123,7061.0,7061.0,8544.0,8544.0,0.8264279026217228,0.8264279026217228,0.8302193200066407,0.8298803323655324,0.9560499155168263,0.8504725614479756,13.905883410275177,13.941217918763883,0.0
dynamic,5,Late,6990.1213654768535,5768.71852666729,6993.123834586175,5768.71852666729,13015.0,13015.0,15456.0,15456.0,0.8420678053830227,0.8420678053830227,0.9765575353692292,0.9764252782648625,0.9279472101071323,0.789263644338753,17.47327084822714,17.508703361769374,0.0
dynamic,5,Middle,5357.668871185808,4426.344281474548,5360.025363772213,4426.344281474548,10047.0,10047.0,12000.0,12000.0,0.83725,0.83725,0.9755047740897308,0.9753580680862162,0.9164785509946017,0.7833459947212698,17.38301884836587,17.419340748055156,0.0
dynamic,6,Early,4580.7851178697365,3998.973594594682,4582.767447532304,3998.973594594682,7078.0,7078.0,8544.0,8544.0,0.8284176029962547,0.8284176029962547,0.8301560805554009,0.8292810126662787,0.9640907500137713,0.8653491434729255,12.701131100985197,12.738893247833882,0.0
dynamic,6,Late,7616.779515226326,6345.969638122719,7620.474026530478,6345.969638122719,12866.0,12866.0,15456.0,15456.0,0.832427536231884,0.832427536231884,0.9752919446917273,0.9751049915816115,0.945146521261767,0.813383867296576,16.684346377142656,16.72473895942177,0.0
dynamic,6,Middle,6222.219571180582,5234.347321367029,6225.260670925783,5234.347321367029,9968.0,9968.0,12000.0,12000.0,0.8306666666666667,0.8306666666666667,0.9743387285845726,0.9738974943122112,0.9675143915551566,0.8411857351662542,15.876525064931412,15.91762019198133,0.0
dynamic,7,Early,4563.73584733458,3996.9737660838027,4565.964506201153,3996.9737660838027,7064.0,7064.0,8544.0,8544.0,0.8267790262172284,0.8267790262172284,0.8287428161716159,0.8286320379605807,1.0213338660362294,0.9211361917269316,12.418818709277213,12.461567306197619,0.0
dynamic,7,Late,7769.373710844664,6548.395187967536,7773.3621530948385,6548.395187967536,12972.0,12972.0,15456.0,15456.0,0.8392857142857143,0.8392857142857143,0.9757968926887827,0.9751398152311205,0.9895220449143536,0.8552492982449731,15.71527600960756,15.758521743896903,0.0
dynamic,7,Middle,6168.488542858113,5220.8888238569825,6171.854792489316,5220.8888238569825,9989.0,9989.0,12000.0,12000.0,0.8324166666666667,0.8324166666666667,0.9750862001758805,0.9747219382909419,1.006887428252168,0.8779915077933342,15.361943406675582,15.408106648743392,0.0
dynamic,8,Early,4606.998844960806,4059.5342923485905,4608.82775874726,4059.5342923485905,7154.0,7154.0,8544.0,8544.0,0.837312734082397,0.837312734082397,0.8335888800065255,0.8331510216027814,1.0116151721951212,0.9143048559319594,11.883322983921285,11.918290184660208,0.0
dynamic,8,Late,7566.964958694967,6441.455155082869,7570.127748798544,6441.455155082869,12953.0,12953.0,15456.0,15456.0,0.8380564182194618,0.8380564182194618,0.9763124325881108,0.9764162584992017,0.9646468868388459,0.8368934276174906,14.873992542000725,14.909558083677076,0.0
dynamic,8,Middle,6221.930236399858,5332.5084358922295,6224.577924326037,5332.5084358922295,10040.0,10040.0,12000.0,12000.0,0.8366666666666667,0.8366666666666667,0.9758720622423882,0.975661087771257,1.0024354096838841,0.8780530620670476,14.294949745728214,14.3314052660108,0.0
dynamic,9,Early,4363.131689783239,3823.2067765090364,4364.91886074754,3823.2067765090364,7148.0,7148.0,8544.0,8544.0,0.8366104868913857,0.8366104868913857,0.8361452078565356,0.8360742489161389,0.9690484932951652,0.8722443462076015,12.374710452551717,12.410587722717237,0.0
dynamic,9,Late,7522.549037149426,6327.511753452903,7525.646296821713,6327.511753452903,12960.0,12960.0,15456.0,15456.0,0.8385093167701864,0.8385093167701864,0.9763866637368982,0.9762075836649192,0.9569945358756338,0.8252266307434574,15.886068376489671,15.920686358523328,0.0
dynamic,9,Middle,5782.192918710364,4893.770653726998,5784.690114872955,4893.770653726998,10004.0,10004.0,12000.0,12000.0,0.8336666666666667,0.8336666666666667,0.974723887623962,0.9743899397076837,0.9469247780651185,0.822619698249753,15.364798052803753,15.401334271222645,0.0
dynamic,10,Early,4565.999250604748,4016.89692451251,4568.0715707506715,4016.89692451251,7074.0,7074.0,8544.0,8544.0,0.8279494382022472,0.8279494382022472,0.8263692482456066,0.8259602471641474,0.9997734864233754,0.9081589109588704,12.025896106301637,12.065805837354404,0.0
dynamic,10,Late,7592.056674222038,6382.419666016677,7596.144228832361,6382.419666016677,12937.0,12937.0,15456.0,15456.0,0.8370212215320911,0.8370212215320911,0.9750856109780324,0.9753715269769666,0.9749694175113444,0.8474556127058563,15.93292911409032,15.978166372997515,0.0
dynamic,10,Middle,6049.899775170214,5130.659918019067,6053.008668887223,5130.659918019067,9965.0,9965.0,12000.0,12000.0,0.8304166666666667,0.8304166666666667,0.9741993345307433,0.9741971386821748,0.9854962534170091,0.865525778946998,15.194298935725492,15.237856103016611,0.0
dynamic,11,Early,4438.096473955971,3887.372383074034,4439.958758508648,3887.372383074034,7035.0,7035.0,8544.0,8544.0,0.8233848314606742,0.8233848314606742,0.8267087881736057,0.8266336769389917,0.9341909397065851,0.840508960910606,12.409015759656072,12.445754690303112,0.0
dynamic,11,Late,7402.675288307629,6156.1373036540945,7405.952827071338,6156.1373036540945,12929.0,12929.0,15456.0,15456.0,0.8365036231884058,0.8365036231884058,0.9759427428274633,0.9756123692866102,0.8912755793533172,0.7623561178932271,16.83902016643112,16.875823443659165,0.0
dynamic,11,Middle,6008.143407703291,5068.685655990836,6010.6932447838735,5068.685655990836,10009.0,10009.0,12000.0,12000.0,0.8340833333333333,0.8340833333333333,0.9748541620212,0.974332399621322,0.9087863272308447,0.788632899461194,15.63640692244359,15.672195376307375,0.0
dynamic,12,Early,4434.255930310057,3855.855836254982,4436.530019924917,3855.855836254982,7128.0,7128.0,8544.0,8544.0,0.8342696629213483,0.8342696629213483,0.8285540958236909,0.8279497698564302,0.965636273562879,0.8670069990426092,13.043904166682395,13.088476378206993,0.0
dynamic,12,Late,7213.6228138330125,5945.04469626237,7217.905267229184,5945.04469626237,12948.0,12948.0,15456.0,15456.0,0.8377329192546584,0.8377329192546584,0.974298417736484,0.9745561606644831,0.9186656080196874,0.7859335257258964,17.5858670505753,17.634764157211514,0.0
dynamic,12,Middle,5766.339935686279,4796.008976277222,5769.972539887482,4796.008976277222,10048.0,10048.0,12000.0,12000.0,0.8373333333333334,0.8373333333333334,0.9735593126666834,0.9735013198867748,0.9307967778647751,0.8038516215747716,16.827501850939232,16.879864797922462,0.0
dynamic,13,Early,4463.097232426111,3914.529597507418,4464.7018167497245,3914.529597507418,7088.0,7088.0,8544.0,8544.0,0.8295880149812734,0.8295880149812734,0.8295640553114003,0.8286913342629821,0.9730529260985082,0.878067178979994,12.291187181250251,12.322709148868272,0.0
dynamic,13,Late,7593.512148155082,6385.9303234055305,7597.170782729124,6385.9303234055305,13002.0,13002.0,15456.0,15456.0,0.8412267080745341,0.8412267080745341,0.9771843837012881,0.9768333820370159,0.9541510928459501,0.8245157864573995,15.90281020414177,15.94330960779693,0.0
dynamic,13,Middle,6032.849568683214,5111.212117120089,6035.589194077737,5111.212117120089,9991.0,9991.0,12000.0,12000.0,0.8325833333333333,0.8325833333333333,0.975470893740405,0.9748293290027017,0.9654210573339653,0.8413204034330725,15.27698380459187,15.315440584734773,0.0
dynamic,14,Early,4756.448465768154,4267.985465835467,4759.0130434065795,4267.985465835467,7084.0,7084.0,8544.0,8544.0,0.829119850187266,0.829119850187266,0.8362652188921553,0.8363017514616564,1.0153596542013539,0.9333565085758919,10.26949000810422,10.31784475252514,0.0
dynamic,14,Late,7943.318362077956,6885.65878331271,7947.676792867705,6885.65878331271,12853.0,12853.0,15456.0,15456.0,0.8315864389233955,0.8315864389233955,0.975337149997671,0.9760954915246399,0.9995049507728614,0.8911013949631186,13.315084836767955,13.362622024439364,0.0
dynamic,14,Middle,6393.2109823561805,5578.95075062714,6396.859001541967,5578.95075062714,10027.0,10027.0,12000.0,12000.0,0.8355833333333333,0.8355833333333333,0.9748334851325129,0.9747870462177868,1.004581073014076,0.9012542059623806,12.736326612342609,12.786091591477467,0.0
dynamic,15,Early,4520.732278125013,4015.448361030277,4522.703543730867,4015.448361030277,7133.0,7133.0,8544.0,8544.0,0.8348548689138576,0.8348548689138576,0.8320317106062808,0.8315614602774456,0.9677250630368888,0.8827612753290405,11.177036949073749,11.215751326520628,0.0
dynamic,15,Late,7288.514232029357,6216.315732948936,7292.092784835935,6216.315732948936,12887.0,12887.0,15456.0,15456.0,0.833786231884058,0.833786231884058,0.975640849550947,0.9752559158177118,0.9282807348200819,0.813771087285467,14.710796534753923,14.752651723303645,0.0
dynamic,15,Middle,6016.218625044123,5178.237968568983,6019.199583712554,5178.237968568983,10036.0,10036.0,12000.0,12000.0,0.8363333333333334,0.8363333333333334,0.9747104357324237,0.9738484230396022,0.9513718820704415,0.8427145101343556,13.928693564871807,13.971319665477488,0.0
dynamic,16,Early,4189.839058398854,3631.089901360399,4191.688156270507,3631.089901360399,7131.0,7131.0,8544.0,8544.0,0.8346207865168539,0.8346207865168539,0.8442192655481039,0.844038921206931,0.9278843128007085,0.830079399765406,13.335814317697947,13.374044871908886,0.0
dynamic,16,Late,7046.811576487886,5897.49792512268,7049.837994361784,5897.49792512268,12931.0,12931.0,15456.0,15456.0,0.8366330227743272,0.8366330227743272,0.9779228784050334,0.9777452099551005,0.9094366229469405,0.7841459670668893,16.309697497801146,16.345624823729366,0.0
dynamic,16,Middle,5619.949892926545,4726.888068654627,5622.649494227722,4726.888068654627,10012.0,10012.0,12000.0,12000.0,0.8343333333333334,0.8343333333333334,0.9772599657322457,0.9772821174542817,0.9181734894634094,0.7970879476672456,15.890921472377439,15.931304743301078,0.0
dynamic,17,Early,4682.332380211303,4112.7742545051315,4684.499099654025,4112.7742545051315,7110.0,7110.0,8544.0,8544.0,0.8321629213483146,0.8321629213483146,0.8282581406868228,0.827878557924518,0.9888768681507716,0.8953749234952231,12.163983234365528,12.204609991089931,0.0
dynamic,17,Late,7587.334862708774,6396.102122024684,7591.022179913018,6396.102122024684,12868.0,12868.0,15456.0,15456.0,0.8325569358178054,0.8325569358178054,0.9755128051522183,0.9755035454652959,0.9472103281015405,0.820417693924857,15.700278981212712,15.741227328386309,0.0
dynamic,17,Middle,6339.606370239568,5401.658880007466,6342.864378324207,5401.658880007466,10067.0,10067.0,12000.0,12000.0,0.8389166666666666,0.8389166666666666,0.97491792784337,0.9744944019510132,0.9778188171487174,0.8577950793180593,14.795043027200716,14.838808496886202,0.0
dynamic,18,Early,4737.60860210354,4217.284173706377,4739.726793143859,4217.284173706377,7132.0,7132.0,8544.0,8544.0,0.8347378277153558,0.8347378277153558,0.8301444092113938,0.829944081972871,0.9840543566696737,0.8962489177338264,10.982849620927615,11.022631519462456,0.0
dynamic,18,Late,8084.178541138712,6917.584509572534,8088.113490475556,6917.584509572534,12949.0,12949.0,15456.0,15456.0,0.8377976190476191,0.8377976190476191,0.9770808833284168,0.9774624450775256,0.9739365325454966,0.8530596536066763,14.430582224645605,14.472212615233692,0.0
dynamic,18,Middle,6265.092068665516,5399.292988642024,6268.268195339183,5399.292988642024,9999.0,9999.0,12000.0,12000.0,0.83325,0.83325,0.9753894388320835,0.975257362451303,0.9662714831270269,0.8522993553043455,13.819415110493495,13.863082746575706,0.0
dynamic,19,Early,4376.683702475289,3855.464503055975,4378.165783694381,3855.464503055975,7116.0,7116.0,8544.0,8544.0,0.8328651685393258,0.8328651685393258,0.8356687278890592,0.8355362167284373,0.948794144969115,0.8594394244122632,11.90899856721498,11.938818821916353,0.0
dynamic,19,Late,7283.097673386154,6110.0863925495105,7285.626073972082,6110.0863925495105,12783.0,12783.0,15456.0,15456.0,0.8270574534161491,0.8270574534161491,0.9761229628787149,0.9762090966831151,0.9324062193386269,0.8087852169086767,16.105939168206596,16.13505372753331,0.0
dynamic,19,Middle,5998.6458854568145,5090.353570542235,6000.938464069917,5090.353570542235,10129.0,10129.0,12000.0,12000.0,0.8440833333333333,0.8440833333333333,0.9758957701416148,0.9757243745616757,0.9458980973263074,0.8294903630264431,15.141622497114792,15.174041510002612,0.0
dynamic,20,Early,4316.443801594486,3786.132053564075,4318.341652172027,3786.132053564075,7108.0,7108.0,8544.0,8544.0,0.8319288389513109,0.8319288389513109,0.8305367403692174,0.8304434164782433,0.9644121227909275,0.8706578389982733,12.285848545844969,12.324397684936839,0.0
dynamic,20,Late,7224.438655854656,6054.499126635956,7227.487407767066,6054.499126635956,12950.0,12950.0,15456.0,15456.0,0.8378623188405797,0.8378623188405797,0.9763824376559468,0.9767166233531914,0.9366369728799759,0.8073958649636882,16.194192863283373,16.229544445425816,0.0
dynamic,20,Middle,5725.069134643974,4837.289909260386,5727.527183515165,4837.289909260386,10021.0,10021.0,12000.0,12000.0,0.8350833333333333,0.8350833333333333,0.9753533039454986,0.9753653024428789,0.94117081202485,0.8195807485826194,15.506873445621672,15.543134859613406,0.0
dynamic,21,Early,4729.501798833989,4157.19041685054,4731.402736417712,4157.19041685054,7072.0,7072.0,8544.0,8544.0,0.8277153558052435,0.8277153558052435,0.8346699125178744,0.8347037018005733,1.0050217100237202,0.9107860993148422,12.100880945315351,12.13619620979307,0.0
dynamic,21,Late,7883.185264117023,6606.011058910259,7886.935565230646,6606.011058910259,12943.0,12943.0,15456.0,15456.0,0.8374094202898551,0.8374094202898551,0.9768843438106465,0.9771837357279949,0.9708292073785797,0.8386323658896786,16.201245593202707,16.24109257297993,0.0
dynamic,21,Middle,6346.591159028476,5373.869546086507,6349.652208746872,5373.869546086507,9944.0,9944.0,12000.0,12000.0,0.8286666666666667,0.8286666666666667,0.9763990354902006,0.9762417953172875,0.9916861904697287,0.8665958333053908,15.326678346976907,15.36749778698413,0.0
dynamic,22,Early,4573.897862822221,4043.1441248303354,4575.917364926842,4043.1441248303354,7088.0,7088.0,8544.0,8544.0,0.8295880149812734,0.8295880149812734,0.8272396301641286,0.8267774337016842,1.0127180146748203,0.9173639971482486,11.603970047210366,11.642982108463507,0.0
dynamic,22,Late,7705.187477886247,6616.884480091654,7708.759438529768,6616.884480091654,12922.0,12922.0,15456.0,15456.0,0.8360507246376812,0.8360507246376812,0.9762795944336778,0.9758417220963398,0.98094073510148,0.8623497567525331,14.124289654443878,14.16408135634284,0.0
dynamic,22,Middle,6043.521398819924,5196.185155028526,6046.305039740525,5196.185155028526,9991.0,9991.0,12000.0,12000.0,0.8325833333333333,0.8325833333333333,0.9748611843993993,0.9743727843557322,0.9837718836193121,0.8672333303170068,14.020571581939812,14.060155402752905,0.0
dynamic,23,Early,4787.072799075392,4228.975183160026,4789.347255268763,4228.975183160026,7110.0,7110.0,8544.0,8544.0,0.8321629213483146,0.8321629213483146,0.834676231478883,0.8343197783972406,1.0081473057446355,0.9167764925553643,11.65843176696959,11.700385088850496,0.0
dynamic,23,Late,8065.3646182766615,6885.944315515973,8069.557660726328,6885.944315515973,13004.0,13004.0,15456.0,15456.0,0.8413561076604554,0.8413561076604554,0.9766154118599599,0.9763989937883335,0.9832148866324766,0.8613209181282359,14.623273200668974,14.667636008983177,0.0
dynamic,23,Middle,6232.706689576731,5337.151816430805,6236.078857320714,5337.151816430805,10002.0,10002.0,12000.0,12000.0,0.8335,0.8335,0.9753665708254025,0.9748550151992067,0.9764316594765055,0.8610120383475912,14.368634972725525,14.414940244615925,0.0
dynamic,24,Early,4433.569617737455,3850.396453571093,4435.723623154994,3850.396453571093,7029.0,7029.0,8544.0,8544.0,0.8226825842696629,0.8226825842696629,0.8373096671341427,0.8366137999994632,0.977391079869577,0.875485088910048,13.153580849012759,13.195753823083678,0.0
dynamic,24,Late,7604.709665888978,6305.597966502195,7608.834661660741,6305.597966502195,12932.0,12932.0,15456.0,15456.0,0.8366977225672878,0.8366977225672878,0.9791116844214808,0.9785774852037817,0.9495652994801336,0.8139112832287756,17.082988785409714,17.127940783432607,0.0
dynamic,24,Middle,5930.23239126752,4952.392626050727,5933.423950219607,4952.392626050727,10023.0,10023.0,12000.0,12000.0,0.83525,0.83525,0.9780402484318907,0.9774085541727858,0.9445395240224287,0.8149188345537316,16.489063171566386,16.533983285191855,0.0
dynamic,25,Early,4460.824243813883,3853.737104639206,4462.971019962174,3853.737104639206,7019.0,7019.0,8544.0,8544.0,0.8215121722846442,0.8215121722846442,0.8369868914785782,0.8364506161088513,0.9975272206276027,0.8927522528449695,13.60930415531535,13.650859765791889,0.0
dynamic,25,Late,7685.280185289829,6354.591562286833,7689.361744415126,6354.591562286833,12903.0,12903.0,15456.0,15456.0,0.8348214285714286,0.8348214285714286,0.9788480416024806,0.9787056610620153,0.9868164708383078,0.8456601506298158,17.314770456255168,17.35866026979095,0.0
dynamic,25,Middle,6031.586248701769,5019.802479453656,6034.787523456997,5019.802479453656,9936.0,9936.0,12000.0,12000.0,0.828,0.828,0.9784759752624312,0.9781613265166591,0.9882718315344661,0.8537508279752622,16.774754227644316,16.818902737803644,0.0
dynamic,26,Early,4712.519333329236,4130.740713028632,4714.507078801767,4130.740713028632,7047.0,7047.0,8544.0,8544.0,0.8247893258426966,0.8247893258426966,0.8267516670627703,0.8263170944035124,1.000048834720494,0.9038774598756006,12.34538426582109,12.382341483757086,0.0
dynamic,26,Late,8201.32016069392,6896.602310350554,8205.254789676566,6896.602310350554,12918.0,12918.0,15456.0,15456.0,0.8357919254658385,0.8357919254658385,0.97398053172715,0.9747203808900577,1.0082159849229075,0.871123494508203,15.908632083361718,15.948956039396755,0.0
dynamic,26,Middle,6532.4655268767,5529.594034738304,6535.6557292192265,5529.594034738304,10036.0,10036.0,12000.0,12000.0,0.8363333333333334,0.8363333333333334,0.9746026059128288,0.9745572822854264,1.0113362875311278,0.883120640206056,15.352113042346026,15.393431602938957,0.0
dynamic,27,Early,4745.577603857142,4164.669930860479,4747.378280953133,4164.669930860479,7114.0,7114.0,8544.0,8544.0,0.8326310861423221,0.8326310861423221,0.8268329210296345,0.8265300937067701,1.0014659798691583,0.9029286852017752,12.241031998391694,12.27431891051377,0.0
dynamic,27,Late,7906.348347389692,6681.27630879212,7909.610748264183,6681.27630879212,12982.0,12982.0,15456.0,15456.0,0.839932712215321,0.839932712215321,0.9754191723323967,0.9751906203182028,0.9627903732731924,0.8333585140024159,15.49478956365531,15.5296446129366,0.0
dynamic,27,Middle,6208.932217048556,5266.122946918505,6211.392773030305,5266.122946918505,9982.0,9982.0,12000.0,12000.0,0.8318333333333333,0.8318333333333333,0.9740301545530503,0.9736634878375101,0.9700313233347224,0.8458536611190078,15.184724799238026,15.21832317891948,0.0
dynamic,28,Early,4707.763061562617,4169.718150266559,4709.974439903219,4169.718150266559,7083.0,7083.0,8544.0,8544.0,0.829002808988764,0.829002808988764,0.8341814857838011,0.8336919566721782,0.9830548869633607,0.8945664044063473,11.42888680377785,11.470471794062664,0.0
dynamic,28,Late,7840.227854303535,6640.193428656308,7844.364050736668,6640.193428656308,13000.0,13000.0,15456.0,15456.0,0.8410973084886129,0.8410973084886129,0.9765508721747347,0.976632402454691,0.9494035307198765,0.8279441265443924,15.306116709204098,15.350774317610561,0.0
dynamic,28,Middle,6107.903931847294,5215.837329788292,6111.216077826497,5215.837329788292,9948.0,9948.0,12000.0,12000.0,0.829,0.829,0.9756583132271721,0.9752960488368337,0.9504916678059839,0.8346791299113749,14.605118417263697,14.651400582724182,0.0
dynamic,29,Early,4153.676622564507,3567.333209967123,4155.512461746511,3567.333209967123,7091.0,7091.0,8544.0,8544.0,0.829939138576779,0.829939138576779,0.8334892313310671,0.8333317014950731,0.9741453690682578,0.8636080085985203,14.116250875480329,14.154192947172229,0.0
dynamic,29,Late,6997.593650868104,5773.796830706049,7000.621970200178,5773.796830706049,12935.0,12935.0,15456.0,15456.0,0.8368918219461697,0.8368918219461697,0.9759817680741635,0.9757272245559878,0.9376383977678966,0.7942441297398607,17.488823747435433,17.524516317498694,0.0
dynamic,29,Middle,5589.749947227372,4632.428153121167,5592.1705709121015,4632.428153121167,10017.0,10017.0,12000.0,12000.0,0.83475,0.83475,0.9751096457616518,0.9748893105837081,0.9524277920909825,0.8127446048955326,17.126379590218622,17.162252217109987,0.0
dynamic,30,Early,4997.219723616754,4411.251600406386,4998.87289588705,4411.251600406386,7091.0,7091.0,8544.0,8544.0,0.829939138576779,0.829939138576779,0.834093102244269,0.8340558569889139,1.0312071981337723,0.9382581536478815,11.725882703157808,11.755075748458088,0.0
dynamic,30,Late,8144.352063028473,6862.580466887557,8147.6754421197975,6862.580466887557,12979.0,12979.0,15456.0,15456.0,0.8397386128364389,0.8397386128364389,0.9759618448766533,0.9761089161573725,0.9928233217015493,0.8600368507128113,15.738165371798651,15.772535177197666,0.0
dynamic,30,Middle,6467.215205199551,5496.814530712337,6469.868411394995,5496.814530712337,10059.0,10059.0,12000.0,12000.0,0.83825,0.83825,0.9753655616364126,0.975011543904306,0.9911901425189872,0.8673339388497088,15.004923196417296,15.039778536590887,0.0
stationary,1,Early,4702.906087107014,4107.3047025760525,4704.942190658817,4107.3047025760525,6830.0,6830.0,8000.0,8000.0,0.85375,0.85375,0.8285137194967881,0.8295267791730894,1.0485897123467856,0.9434013142962188,12.664539191284273,12.702334351085387,0.0
stationary,1,Late,14045.298364119928,11967.002788747935,14052.154383582358,11967.002788747935,20355.0,20355.0,24000.0,24000.0,0.848125,0.848125,0.9739822185223782,0.9738445032438955,1.0479938564352622,0.9249600823746085,14.797090965907845,14.83866130356909,0.0
stationary,1,Middle,9449.172419463133,8052.553416874062,9453.969946209756,8052.553416874062,13561.0,13561.0,16000.0,16000.0,0.8475625,0.8475625,0.9731903587975039,0.9731475878023775,1.0580823807608717,0.934586652963085,14.780331446935557,14.82357715657372,0.0
stationary,2,Early,4758.738818467903,4239.342534957825,4760.419852149438,4239.342534957825,6798.0,6798.0,8000.0,8000.0,0.84975,0.84975,0.8264841923973756,0.8265005472085032,0.9984272173263566,0.9087940085079769,10.914578490720784,10.94603697521207,0.0
stationary,2,Late,14173.628329615265,12363.85141593443,14179.324748265097,12363.85141593443,20286.0,20286.0,24000.0,24000.0,0.84525,0.84525,0.9745926537387513,0.973700674890687,0.994169155428277,0.8893753936470913,12.76862121394402,12.803665650952789,0.0
stationary,2,Middle,9182.473232717817,7985.084711542706,9186.096358599663,7985.084711542706,13476.0,13476.0,16000.0,16000.0,0.84225,0.84225,0.9739578355115791,0.9730503330713558,0.9785498208484286,0.8727055260892486,13.039934784767237,13.07423306019011,0.0
stationary,3,Early,4385.112866075643,3736.9554001774254,4386.917037910103,3736.9554001774254,6760.0,6760.0,8000.0,8000.0,0.845,0.845,0.8283901151188204,0.8289741777221737,1.0339543878969544,0.9164625582782867,14.78086164925263,14.81590903397424,0.0
stationary,3,Late,12944.397559369088,10664.781023063773,12950.496683395962,10664.781023063773,20347.0,20347.0,24000.0,24000.0,0.8477916666666667,0.8477916666666667,0.9755443003943671,0.9755860751166856,1.0279049543979855,0.8878200881378491,17.610835311955796,17.649637046451982,0.0
stationary,3,Middle,8709.536166060603,7182.636727596085,8713.634378819208,7182.636727596085,13585.0,13585.0,16000.0,16000.0,0.8490625,0.8490625,0.9755783370236639,0.9756757012015744,1.0313220989319487,0.8912871356034523,17.531351949769192,17.570138757997668,0.0
stationary,4,Early,4561.070514068719,3904.803040564659,4563.251663366951,3904.803040564659,6799.0,6799.0,8000.0,8000.0,0.849875,0.849875,0.8315165245912262,0.830322523813084,1.0254128478768558,0.9125824951168455,14.388452699421961,14.429373424398474,0.0
stationary,4,Late,13956.22217860433,11644.537980055995,13964.042892806894,11644.537980055995,20277.0,20277.0,24000.0,24000.0,0.844875,0.844875,0.9759350281374417,0.9750193966595887,1.0451918291243079,0.9120464594628893,16.563824858651767,16.61055419663394,0.0
stationary,4,Middle,9166.058153563863,7639.531106629708,9171.302699499636,7639.531106629708,13579.0,13579.0,16000.0,16000.0,0.8486875,0.8486875,0.9750535572160789,0.9740604563251292,1.0288525965890012,0.8966043947626384,16.654127885285398,16.701788645068905,0.0
stationary,5,Early,3886.224114979083,3328.7489626495635,3887.758172935425,3328.7489626495635,6661.0,6661.0,8000.0,8000.0,0.832625,0.832625,0.833529472896561,0.8323737145830253,0.9740414369729873,0.8627753578402814,14.344904870019825,14.378703237701263,0.0
stationary,5,Late,12026.277239512467,10052.612500912548,12031.878803817091,10052.612500912548,20301.0,20301.0,24000.0,24000.0,0.845875,0.845875,0.9755342319134009,0.9753350316919536,0.9796907385044722,0.8507906492681954,16.41126925059919,16.450184839599824,0.0
stationary,5,Middle,7954.428041102989,6638.919923766552,7957.991525753382,6638.919923766552,13557.0,13557.0,16000.0,16000.0,0.8473125,0.8473125,0.974711819357383,0.9747711796186107,0.9720397192669151,0.843344895268933,16.53806044304883,16.575433609323355,0.0
stationary,6,Early,4618.769976573953,4025.7014320720773,4620.741727451767,4025.7014320720773,6796.0,6796.0,8000.0,8000.0,0.8495,0.8495,0.8321158940323228,0.8318528404866105,1.0058953448782875,0.9030585623896314,12.840400095910242,12.87759261342314,0.0
stationary,6,Late,13561.5828363271,11514.120327020217,13568.15785697443,11514.120327020217,20244.0,20244.0,24000.0,24000.0,0.8435,0.8435,0.9746065395730978,0.9730762183541635,0.9974929863995533,0.8770238151253223,15.097518733745385,15.138661796290776,0.0
stationary,6,Middle,9066.564979932387,7693.669080483721,9070.85009041326,7693.669080483721,13609.0,13609.0,16000.0,16000.0,0.8505625,0.8505625,0.9738686211787781,0.9722692872601361,0.9930287794016105,0.8730528510367265,15.142404013949996,15.18249112489517,0.0
stationary,7,Early,4531.446559287771,3965.324878481693,4533.473524940135,3965.324878481693,6741.0,6741.0,8000.0,8000.0,0.842625,0.842625,0.8304063265364241,0.830588318036093,1.059222786177258,0.9534321443343979,12.493177915686559,12.532303173998226,0.0
stationary,7,Late,13561.633605870567,11597.506157629785,13568.703194804559,11597.506157629785,20267.0,20267.0,24000.0,24000.0,0.8444583333333333,0.8444583333333333,0.9755031330228545,0.9755984681069085,1.053354265166513,0.9308363208745165,14.482970896592795,14.527527125285955,0.0
stationary,7,Middle,9033.286257188192,7718.227251759683,9038.08733190605,7718.227251759683,13474.0,13474.0,16000.0,16000.0,0.842125,0.842125,0.9750999239372489,0.9749036477269157,1.0568221155831197,0.9330516235158902,14.55792463547867,14.603311869835856,0.0
stationary,8,Early,4347.712527137819,3816.964436745197,4349.271573211523,3816.964436745197,6753.0,6753.0,8000.0,8000.0,0.844125,0.844125,0.8352031862534239,0.8353916868627543,1.0203934142823583,0.9169042068424184,12.207524924423275,12.238995139898057,0.0
stationary,8,Late,13319.275519754709,11423.601367917394,13325.399321629448,11423.601367917394,20397.0,20397.0,24000.0,24000.0,0.849875,0.849875,0.9760740198826414,0.9754261334526856,1.0297609060132917,0.9099048031027243,14.23256204157436,14.271977205404296,0.0
stationary,8,Middle,8700.728504896804,7457.045814793131,8704.490857704452,7457.045814793131,13538.0,13538.0,16000.0,16000.0,0.846125,0.846125,0.9751301197134,0.9741351342750199,1.0213272823704453,0.9009825784877876,14.294006408816495,14.331051216019041,0.0
stationary,9,Early,4267.4582315440275,3723.520344480809,4269.085432566758,3723.520344480809,6767.0,6767.0,8000.0,8000.0,0.845875,0.845875,0.8395731176063298,0.8404331549141257,1.0026649774282335,0.9005131454535762,12.746179518350297,12.779437111379888,0.0
stationary,9,Late,12931.200933795457,11069.83140885121,12936.845322357909,11069.83140885121,20441.0,20441.0,24000.0,24000.0,0.8517083333333333,0.8517083333333333,0.9755974605612012,0.9755720205692368,0.9975052251696952,0.8814615698041507,14.394405705038505,14.431755710026618,0.0
stationary,9,Middle,8451.50459466917,7229.970415515312,8455.149191512715,7229.970415515312,13562.0,13562.0,16000.0,16000.0,0.847625,0.847625,0.9746300042866126,0.9745727226769855,0.9853738573976588,0.8692333874693892,14.453452228190788,14.490327116016333,0.0
stationary,10,Early,4510.176469445027,3968.557681586623,4512.264363087984,3968.557681586623,6744.0,6744.0,8000.0,8000.0,0.843,0.843,0.8274981292083994,0.8275697148530539,1.034916903566776,0.939562404810695,12.008815875114742,12.049530740022362,0.0
stationary,10,Late,13444.74667256228,11542.335068089104,13451.597398496622,11542.335068089104,20260.0,20260.0,24000.0,24000.0,0.8441666666666666,0.8441666666666666,0.9742563093491696,0.9736935202064662,1.0279702405813023,0.9165085850433518,14.149850873394087,14.193573252652513,0.0
stationary,10,Middle,8951.781186567603,7695.017020835038,8956.441250915193,7695.017020835038,13474.0,13474.0,16000.0,16000.0,0.842125,0.842125,0.9734814632356289,0.9728314096146109,1.0279048732650666,0.9160444273757226,14.03926368998356,14.083989329481273,0.0
stationary,11,Early,4275.4558590439665,3729.9771679354253,4277.180773025023,3729.9771679354253,6741.0,6741.0,8000.0,8000.0,0.842625,0.842625,0.8283797699610348,0.8289161888057965,0.9444452052103883,0.847693677389851,12.75837499186614,12.793558049747556,0.0
stationary,11,Late,12747.760931593362,10835.069481252958,12753.730459210998,10835.069481252958,20230.0,20230.0,24000.0,24000.0,0.8429166666666666,0.8429166666666666,0.974894744951005,0.9747620683548429,0.9413365794478444,0.827500996187222,15.004136495846055,15.043919769939507,0.0
stationary,11,Middle,8707.000458811028,7430.216521365921,8710.890751467055,7430.216521365921,13501.0,13501.0,16000.0,16000.0,0.8438125,0.8438125,0.9745125003836246,0.9744818305705154,0.9550787278691198,0.8416889201057075,14.663878145924159,14.701989344608046,0.0
stationary,12,Early,4198.964710786081,3622.9073802154794,4201.287718088954,3622.9073802154794,6785.0,6785.0,8000.0,8000.0,0.848125,0.848125,0.8295012771786872,0.8282548529799589,0.9722061716809679,0.8677449683026017,13.719032434134437,13.766739549477059,0.0
stationary,12,Late,12521.830923898142,10538.910320847883,12529.555578974494,10538.910320847883,20334.0,20334.0,24000.0,24000.0,0.84725,0.84725,0.9747073634778605,0.9736185902761072,0.9683720621170504,0.846967796714378,15.83570817320189,15.88759669550498,0.0
stationary,12,Middle,8359.303112961941,7047.979260553542,8364.478164286307,7047.979260553542,13503.0,13503.0,16000.0,16000.0,0.8439375,0.8439375,0.9734508776789771,0.9726517418501722,0.9705770471920009,0.8504658876961417,15.686999677940372,15.739163613981344,0.0
stationary,13,Early,4396.9046200568555,3842.888494718647,4398.637047072997,3842.888494718647,6827.0,6827.0,8000.0,8000.0,0.853375,0.853375,0.8356193190078024,0.8348323099170342,0.9974705178319797,0.8974322135935453,12.600139716722914,12.634562624896816,0.0
stationary,13,Late,13103.517609144765,11181.555506511255,13109.437274877575,11181.555506511255,20331.0,20331.0,24000.0,24000.0,0.847125,0.847125,0.9760480215376103,0.9745442931876757,0.9985904412178745,0.881917567050155,14.66752791091912,14.706060435262458,0.0
stationary,13,Middle,8782.493525581569,7489.767048391235,8786.353954437904,7489.767048391235,13529.0,13529.0,16000.0,16000.0,0.8455625,0.8455625,0.9754627886769941,0.9739123873692005,1.0057374218295945,0.8874069007985341,14.719355880250774,14.756825331305656,0.0
stationary,14,Early,4553.808247160096,4064.812707505957,4556.32949671845,4064.812707505957,6711.0,6711.0,8000.0,8000.0,0.838875,0.838875,0.836162221019231,0.8368050848645133,1.0360379715065913,0.9480515945515882,10.738167114504481,10.787560240463122,0.0
stationary,14,Late,13819.0166610917,12143.046273059272,13827.682109152478,12143.046273059272,20180.0,20180.0,24000.0,24000.0,0.8408333333333333,0.8408333333333333,0.9744712883617643,0.9742422922999323,1.040968964588589,0.939241154377038,12.12800034282633,12.183067435272854,0.0
stationary,14,Middle,9026.77443978325,7905.747117395436,9032.385003239087,7905.747117395436,13494.0,13494.0,16000.0,16000.0,0.843375,0.843375,0.9732513680706945,0.9730573465884701,1.0250227604864477,0.9227428353703054,12.418913642587171,12.47331557987873,0.0
stationary,15,Early,4222.728162298727,3721.8929685453695,4224.532535552324,3721.8929685453695,6746.0,6746.0,8000.0,8000.0,0.84325,0.84325,0.8337802320223004,0.8334153749429466,0.9733614432858901,0.8820814496279246,11.86046495308184,11.898110921785998,0.0
stationary,15,Late,12733.993932703925,10990.894693279668,12740.344157039475,10990.894693279668,20318.0,20318.0,24000.0,24000.0,0.8465833333333334,0.8465833333333334,0.9743069237823314,0.9734294413154204,0.9735950981280548,0.8691990743705033,13.688550886988903,13.731571472448623,0.0
stationary,15,Middle,8691.871006497753,7531.934903098887,8696.061488381642,7531.934903098887,13505.0,13505.0,16000.0,16000.0,0.8440625,0.8440625,0.973510502880073,0.973001252440166,0.988158359983459,0.8844900339029863,13.34506808179432,13.386825597290041,0.0
stationary,16,Early,4105.506451553437,3551.24101881299,4107.239429954333,3551.24101881299,6792.0,6792.0,8000.0,8000.0,0.849,0.849,0.8480831343104421,0.8476473264849177,0.95378274389245,0.852829735298211,13.500537370504539,13.537034317659069,0.0
stationary,16,Late,12209.882458223718,10317.508890547706,12215.574727378387,10317.508890547706,20266.0,20266.0,24000.0,24000.0,0.8444166666666667,0.8444166666666667,0.9775665140248255,0.9779575565400211,0.9520504211208353,0.8359682902723751,15.498704218904603,15.538080517624808,0.0
stationary,16,Middle,8241.856765606837,6983.636825507792,8245.55444285377,6983.636825507792,13650.0,13650.0,16000.0,16000.0,0.853125,0.853125,0.9761099283872845,0.9766402909704787,0.9488315651448456,0.8342945428913447,15.266219444016315,15.304217879971105,0.0
stationary,17,Early,4532.818839624695,3971.9346917798775,4534.763324193929,3971.9346917798775,6776.0,6776.0,8000.0,8000.0,0.847,0.847,0.8307940725777772,0.8309046430782404,1.0109088201307557,0.9125589738302895,12.37384876143114,12.41142243105039,0.0
stationary,17,Late,13724.509614926528,11770.419842864856,13731.697985765168,11770.419842864856,20338.0,20338.0,24000.0,24000.0,0.8474166666666667,0.8474166666666667,0.9755287337414625,0.9750185076297212,1.0145104839308237,0.9004668405742104,14.237956960855191,14.282852309550155,0.0
stationary,17,Middle,9061.506446961383,7759.603363528971,9066.345522498752,7759.603363528971,13580.0,13580.0,16000.0,16000.0,0.84875,0.84875,0.9743179672529461,0.9740355320371483,1.0068682161736533,0.8925896734702212,14.36740227524731,14.413107858364882,0.0
stationary,18,Early,4559.16601138479,4044.5626442622383,4561.147516021336,4044.5626442622383,6748.0,6748.0,8000.0,8000.0,0.8435,0.8435,0.830460684026181,0.8305647206596604,1.011103240602098,0.9188551417551795,11.287225905736376,11.325765499680918,0.0
stationary,18,Late,13760.868655506234,11942.214482010846,13767.528993300604,11942.214482010846,20241.0,20241.0,24000.0,24000.0,0.843375,0.843375,0.9767850844266188,0.9767743374969028,1.0155153153572132,0.9051014777631086,13.216129148705136,13.25811270982593,0.0
stationary,18,Middle,9110.404041239364,7917.541962429992,9114.753984136672,7917.541962429992,13563.0,13563.0,16000.0,16000.0,0.8476875,0.8476875,0.9761215495799141,0.9762873952116382,1.0037957288701145,0.895947698317573,13.093404786546625,13.13488025886721,0.0
stationary,19,Early,4323.338453047102,3809.254335895661,4324.822983419554,3809.254335895661,6740.0,6740.0,8000.0,8000.0,0.8425,0.8425,0.8355515572244104,0.8358353536469356,0.9855135134929418,0.8927670655632546,11.890906130402845,11.92115028754871,0.0
stationary,19,Late,12801.50674915679,10998.420245996815,12806.1505231767,10998.420245996815,20292.0,20292.0,24000.0,24000.0,0.8455,0.8455,0.9761584721616227,0.9757853272513642,0.9744254874835951,0.8657044188949832,14.08495529855297,14.116109863836424,0.0
stationary,19,Middle,8536.689852937925,7324.882295082312,8540.000016182445,7324.882295082312,13566.0,13566.0,16000.0,16000.0,0.847875,0.847875,0.9757316865631047,0.9758391112598259,0.973234824458759,0.8636737732343821,14.195286214346492,14.2285447165996,0.0
stationary,20,Early,4075.496756019692,3554.380718642925,4077.177929418924,3554.380718642925,6788.0,6788.0,8000.0,8000.0,0.8485,0.8485,0.8317748047381149,0.8318153322861328,0.9640346956764116,0.8649232992414463,12.786564891925266,12.822526262681599,0.0
stationary,20,Late,12354.931059563474,10532.951051157253,12360.679332840458,10532.951051157253,20341.0,20341.0,24000.0,24000.0,0.8475416666666666,0.8475416666666666,0.9763025267233154,0.9757465356175684,0.972133108758781,0.8568497439378105,14.746986443084165,14.786632938751243,0.0
stationary,20,Middle,8214.890227298187,7005.802259988539,8218.66967026861,7005.802259988539,13600.0,13600.0,16000.0,16000.0,0.85,0.85,0.9754782804643007,0.9748745864134228,0.9700580767565645,0.8546028132820651,14.718248617514485,14.757466341148506,0.0
stationary,21,Early,4579.8092727167,4013.6784239395865,4581.555712330563,4013.6784239395865,6771.0,6771.0,8000.0,8000.0,0.846375,0.846375,0.8398172994447816,0.840346338363253,1.0226450594536147,0.9231017857972218,12.361450337020042,12.394857206747945,0.0
stationary,21,Late,13760.4979849122,11797.366782108376,13766.618989152938,11797.366782108376,20335.0,20335.0,24000.0,24000.0,0.8472916666666667,0.8472916666666667,0.9762334404697129,0.9761038319700304,1.0192810442602867,0.9052294475312054,14.26642556800134,14.304544991011836,0.0
stationary,21,Middle,9176.364178329131,7869.81513358378,9180.467831068147,7869.81513358378,13534.0,13534.0,16000.0,16000.0,0.845875,0.845875,0.9743917872507526,0.9744261835984862,1.0191648980185064,0.9051082347091819,14.238199567437537,14.276534939198982,0.0
stationary,22,Early,4376.608467336978,3859.5086700176757,4378.415145955246,3859.5086700176757,6787.0,6787.0,8000.0,8000.0,0.848375,0.848375,0.8273278144960815,0.8266675203606316,1.0171989035210698,0.9214761495820848,11.81508012833371,11.851468137207888,0.0
stationary,22,Late,13323.103018191303,11507.181383838943,13329.184417755763,11507.181383838943,20271.0,20271.0,24000.0,24000.0,0.844625,0.844625,0.9745639881592209,0.9737528819493975,1.028262597824886,0.914099282438009,13.629870097625973,13.66927620484969,0.0
stationary,22,Middle,8685.347903496191,7483.774382454525,8689.374146361635,7483.774382454525,13510.0,13510.0,16000.0,16000.0,0.844375,0.844375,0.9739250503353388,0.9731195379037709,1.0164001991624063,0.9018872197756934,13.83448923857139,13.874414239740297,0.0
stationary,23,Early,4465.902989935337,3923.4799676136504,4467.8617695661105,3923.4799676136504,6769.0,6769.0,8000.0,8000.0,0.846125,0.846125,0.8348265670621259,0.8349891562098095,1.0041100246526429,0.9086643938362128,12.145875616737046,12.184392222262662,0.0
stationary,23,Late,13732.592226347044,11838.346615449329,13739.786811948083,11838.346615449329,20240.0,20240.0,24000.0,24000.0,0.8433333333333334,0.8433333333333334,0.9757298889349413,0.9752612981753723,1.0225199695876988,0.9116068531793504,13.793794934531423,13.83893522165327,0.0
stationary,23,Middle,9112.872236023068,7850.283374237668,9117.701565881394,7850.283374237668,13486.0,13486.0,16000.0,16000.0,0.842875,0.842875,0.9745853809008678,0.9741251603336747,1.0204314480949057,0.9092699829545898,13.855004537366412,13.900632549615665,0.0
stationary,24,Early,4304.0837575675205,3731.5116121360347,4306.066447682056,3731.5116121360347,6750.0,6750.0,8000.0,8000.0,0.84375,0.84375,0.8409497235770158,0.8399416641817093,0.9913560661978349,0.8872438298476955,13.302997285421746,13.342916151591256,0.0
stationary,24,Late,12996.245215979867,10982.69894283084,13003.370226233743,10982.69894283084,20315.0,20315.0,24000.0,24000.0,0.8464583333333333,0.8464583333333333,0.9788200873436099,0.977825705218882,0.9937774026083156,0.871779634744709,15.49329240628069,15.53959664492428,0.0
stationary,24,Middle,8823.349073909101,7472.660850642254,8828.106239891298,7472.660850642254,13563.0,13563.0,16000.0,16000.0,0.8476875,0.8476875,0.9774415940921979,0.9767051162622595,1.00482459315774,0.882433207944939,15.308112735342993,15.353750310845072,0.0
stationary,25,Early,4446.589812516524,3823.868269191205,4448.597983240878,3823.868269191205,6791.0,6791.0,8000.0,8000.0,0.848875,0.848875,0.84220162541798,0.8419308874393875,1.0288221078501114,0.9163948393728643,14.004474655441468,14.0432944582362,0.0
stationary,25,Late,13415.398185943555,11271.372764027768,13422.248822555946,11271.372764027768,20329.0,20329.0,24000.0,24000.0,0.8470416666666667,0.8470416666666667,0.9792547385136885,0.9783339657556306,1.0344201674416744,0.9051817891216867,15.981824707687498,16.024707088678415,0.0
stationary,25,Middle,8916.495958849893,7492.716929637041,8921.234680708143,7492.716929637041,13495.0,13495.0,16000.0,16000.0,0.8434375,0.8434375,0.9784621944198871,0.9777537885868843,1.035014918869497,0.906857057559812,15.967920983575478,16.012556582108772,0.0
stationary,26,Early,4673.943322986481,4091.5194679362985,4675.97369415549,4091.5194679362985,6768.0,6768.0,8000.0,8000.0,0.846,0.846,0.8280236108555074,0.8274859590722206,1.0286477622262382,0.9269143544856263,12.461080821965009,12.499091407415364,0.0
stationary,26,Late,14105.274302878464,12039.606187603194,14112.304806296212,12039.606187603194,20242.0,20242.0,24000.0,24000.0,0.8434166666666667,0.8434166666666667,0.9759712398986231,0.9754688628116368,1.0405114221185952,0.9202393366469782,14.644650440110397,14.68717298232024,0.0
stationary,26,Middle,9368.848013911113,8007.687444317916,9373.519653853838,8007.687444317916,13513.0,13513.0,16000.0,16000.0,0.8445625,0.8445625,0.9750766570537944,0.9745336882786108,1.0349671742842497,0.9153242347412713,14.528579901948557,14.571177742976971,0.0
stationary,27,Early,4439.511005545022,3873.0927704480946,4441.110292635872,3873.0927704480946,6736.0,6736.0,8000.0,8000.0,0.842,0.842,0.8267814204652211,0.8267896693878275,1.0039566841085685,0.9005493056172031,12.75857260832245,12.789989096412402,0.0
stationary,27,Late,13567.490832065476,11577.505690301536,13573.338640174396,11577.505690301536,20286.0,20286.0,24000.0,24000.0,0.84525,0.84525,0.9740770516110414,0.9739179739200464,1.0117433804895883,0.891205827184406,14.667304119791991,14.704068046792774,0.0
stationary,27,Middle,9139.527968991824,7812.575125298658,9143.394626389343,7812.575125298658,13499.0,13499.0,16000.0,16000.0,0.8436875,0.8436875,0.9730175702171796,0.9729763609407742,1.0186211132610283,0.8986934163902085,14.518833447363921,14.55498264561086,0.0
stationary,28,Early,4404.35156426557,3864.187268374102,4406.211873619956,3864.187268374102,6756.0,6756.0,8000.0,8000.0,0.8445,0.8445,0.8403515408524127,0.8386225051487558,0.984641805403502,0.8890623462029937,12.264331945570762,12.301374078059258,0.0
stationary,28,Late,13573.136734948148,11706.140353608685,13580.000403138829,11706.140353608685,20277.0,20277.0,24000.0,24000.0,0.844875,0.844875,0.9759949221164489,0.9749665434312574,0.9980036680592894,0.8893677243353781,13.755084162176868,13.798674476453087,0.0
stationary,28,Middle,9182.248257957803,7937.78980871396,9186.882844411395,7937.78980871396,13545.0,13545.0,16000.0,16000.0,0.8465625,0.8465625,0.9740648594504993,0.9732320081486308,1.0029254758682782,0.8950849938865252,13.5528730468089,13.596483778578804,0.0
stationary,29,Early,3977.4733112865547,3407.2010182943372,3979.2183038966637,3407.2010182943372,6717.0,6717.0,8000.0,8000.0,0.839625,0.839625,0.8349841114982677,0.8346028311982512,0.9891717567857964,0.8745273524715662,14.337551715909747,14.375116968128554,0.0
stationary,29,Late,12315.026920323377,10266.17260104064,12320.862770578178,10266.17260104064,20317.0,20317.0,24000.0,24000.0,0.8465416666666666,0.8465416666666666,0.9757377962286656,0.9757177776783817,1.0042309612772435,0.8694489094808372,16.63702671978354,16.67651209007921,0.0
stationary,29,Middle,8094.407860432375,6747.635950066253,8098.1453180274,6747.635950066253,13559.0,13559.0,16000.0,16000.0,0.8474375,0.8474375,0.9744777928221712,0.9742558368281959,0.9923185166996795,0.8573131946957643,16.638300584648103,16.676773692301605,0.0
stationary,30,Early,4803.487406936236,4212.033845546482,4805.164586158254,4212.033845546482,6855.0,6855.0,8000.0,8000.0,0.856875,0.856875,0.8343844490028208,0.8343193440497432,1.037179980367678,0.9398962354562603,12.31300326791105,12.343609255764997,0.0
stationary,30,Late,14175.757029695507,12166.000597639279,14181.448460408814,12166.000597639279,20308.0,20308.0,24000.0,24000.0,0.8461666666666666,0.8461666666666666,0.9765485951459454,0.9759931405350747,1.0329135270254175,0.9201466004344866,14.177418728651825,14.211861844692242,0.0
stationary,30,Middle,9390.580878131223,8040.096931218212,9394.600093121586,8040.096931218212,13541.0,13541.0,16000.0,16000.0,0.8463125,0.8463125,0.9761240084469096,0.9755832758313304,1.0317062264702874,0.9180966649824216,14.381261015045578,14.417890580516524,0.0
