scenario,method,seed,phase,slot_start,slot_end,mean_selected_H,median_selected_H,mean_selected_lambda,design_reserve,execution_settlement,assigned,tasks,coverage
stationary,PASI,2,Early,1,100,0.8265005472085032,0.9238589434523204,0.9087940085079769,4239.342534957825,4239.342534957825,6798,8000,0.84975
stationary,PASI,2,Middle,301,500,0.9730503330713558,0.983390308410079,0.8727055260892486,7985.084711542706,7985.084711542706,13476,16000,0.84225
stationary,PASI,2,Late,701,1000,0.973700674890687,0.9839268515974431,0.8893753936470913,12363.85141593443,12363.85141593443,20286,24000,0.84525
stationary,MOI,1,Early,1,100,0.8285137194967881,0.9298267755519437,1.0485897123467856,4702.906087107014,4704.942190658817,6830,8000,0.85375
stationary,MOI,1,Middle,301,500,0.9731903587975039,0.9806243339879022,1.0580823807608717,9449.172419463133,9453.969946209756,13561,16000,0.8475625
stationary,MOI,1,Late,701,1000,0.9739822185223782,0.979963769823172,1.0479938564352622,14045.298364119928,14052.154383582358,20355,24000,0.848125
stationary,MOI,2,Early,1,100,0.8264841923973756,0.924951680527066,0.9984272173263566,4758.738818467903,4760.419852149438,6798,8000,0.84975
stationary,MOI,2,Middle,301,500,0.9739578355115791,0.9812776050620566,0.9785498208484286,9182.473232717817,9186.096358599663,13476,16000,0.84225
stationary,MOI,2,Late,701,1000,0.9745926537387513,0.9812107745903635,0.994169155428277,14173.628329615265,14179.324748265097,20286,24000,0.84525
stationary,PASI,1,Early,1,100,0.8295267791730894,0.9283929664035573,0.9434013142962188,4107.3047025760525,4107.3047025760525,6830,8000,0.85375
stationary,PASI,1,Middle,301,500,0.9731475878023775,0.983184421700795,0.934586652963085,8052.553416874062,8052.553416874062,13561,16000,0.8475625
stationary,PASI,1,Late,701,1000,0.9738445032438955,0.9830868752005494,0.9249600823746085,11967.002788747935,11967.002788747935,20355,24000,0.848125
stationary,PASI,3,Early,1,100,0.8289741777221737,0.9267027127866072,0.9164625582782867,3736.9554001774254,3736.9554001774254,6760,8000,0.845
stationary,PASI,3,Middle,301,500,0.9756757012015744,0.9844248966101045,0.8912871356034523,7182.636727596085,7182.636727596085,13585,16000,0.8490625
stationary,PASI,3,Late,701,1000,0.9755860751166856,0.9846526599338402,0.8878200881378491,10664.781023063773,10664.781023063773,20347,24000,0.8477916666666667
stationary,MOI,4,Early,1,100,0.8315165245912262,0.9329242025230936,1.0254128478768558,4561.070514068719,4563.251663366951,6799,8000,0.849875
stationary,MOI,4,Middle,301,500,0.9750535572160789,0.9811980408206606,1.0288525965890012,9166.058153563863,9171.302699499636,13579,16000,0.8486875
stationary,MOI,4,Late,701,1000,0.9759350281374417,0.9812247216549316,1.0451918291243079,13956.22217860433,13964.042892806894,20277,24000,0.844875
stationary,MOI,3,Early,1,100,0.8283901151188204,0.9267408771907143,1.0339543878969544,4385.112866075643,4386.917037910103,6760,8000,0.845
stationary,MOI,3,Middle,301,500,0.9755783370236639,0.982946652750282,1.0313220989319487,8709.536166060603,8713.634378819208,13585,16000,0.8490625
stationary,MOI,3,Late,701,1000,0.9755443003943671,0.982942357818117,1.0279049543979855,12944.397559369088,12950.496683395962,20347,24000,0.8477916666666667
stationary,PASI,4,Early,1,100,0.830322523813084,0.9287480923302495,0.9125824951168455,3904.803040564659,3904.803040564659,6799,8000,0.849875
stationary,PASI,4,Middle,301,500,0.9740604563251292,0.9827582160904285,0.8966043947626384,7639.531106629708,7639.531106629708,13579,16000,0.8486875
stationary,PASI,4,Late,701,1000,0.9750193966595887,0.9829844914299576,0.9120464594628893,11644.537980055995,11644.537980055995,20277,24000,0.844875
stationary,MOI,6,Early,1,100,0.8321158940323228,0.9299307271250827,1.0058953448782875,4618.769976573953,4620.741727451767,6796,8000,0.8495
stationary,MOI,6,Middle,301,500,0.9738686211787781,0.979100317261113,0.9930287794016105,9066.564979932387,9070.85009041326,13609,16000,0.8505625
stationary,MOI,6,Late,701,1000,0.9746065395730978,0.97875811574249,0.9974929863995533,13561.5828363271,13568.15785697443,20244,24000,0.8435
stationary,PASI,6,Early,1,100,0.8318528404866105,0.9306691257602784,0.9030585623896314,4025.7014320720773,4025.7014320720773,6796,8000,0.8495
stationary,PASI,6,Middle,301,500,0.9722692872601361,0.9835648316012016,0.8730528510367265,7693.669080483721,7693.669080483721,13609,16000,0.8505625
stationary,PASI,6,Late,701,1000,0.9730762183541635,0.9827278519167699,0.8770238151253223,11514.120327020217,11514.120327020217,20244,24000,0.8435
stationary,PASI,5,Early,1,100,0.8323737145830253,0.9313407006336051,0.8627753578402814,3328.7489626495635,3328.7489626495635,6661,8000,0.832625
stationary,PASI,5,Middle,301,500,0.9747711796186107,0.984083614028311,0.843344895268933,6638.919923766552,6638.919923766552,13557,16000,0.8473125
stationary,PASI,5,Late,701,1000,0.9753350316919536,0.9843811578912023,0.8507906492681954,10052.612500912548,10052.612500912548,20301,24000,0.845875
stationary,MOI,5,Early,1,100,0.833529472896561,0.9337087334827378,0.9740414369729873,3886.224114979083,3887.758172935425,6661,8000,0.832625
stationary,MOI,5,Middle,301,500,0.974711819357383,0.9824318459762784,0.9720397192669151,7954.428041102989,7957.991525753382,13557,16000,0.8473125
stationary,MOI,5,Late,701,1000,0.9755342319134009,0.9825167925074597,0.9796907385044722,12026.277239512467,12031.878803817091,20301,24000,0.845875
stationary,MOI,8,Early,1,100,0.8352031862534239,0.9335142325439933,1.0203934142823583,4347.712527137819,4349.271573211523,6753,8000,0.844125
stationary,MOI,8,Middle,301,500,0.9751301197134,0.9812293436534636,1.0213272823704453,8700.728504896804,8704.490857704452,13538,16000,0.846125
stationary,MOI,8,Late,701,1000,0.9760740198826414,0.9814694522169923,1.0297609060132917,13319.275519754709,13325.399321629448,20397,24000,0.849875
stationary,MOI,7,Early,1,100,0.8304063265364241,0.9294866959085065,1.059222786177258,4531.446559287771,4533.473524940135,6741,8000,0.842625
stationary,MOI,7,Middle,301,500,0.9750999239372489,0.9818282975379051,1.0568221155831197,9033.286257188192,9038.08733190605,13474,16000,0.842125
stationary,MOI,7,Late,701,1000,0.9755031330228545,0.9816735561950303,1.053354265166513,13561.633605870567,13568.703194804559,20267,24000,0.8444583333333333
stationary,PASI,7,Early,1,100,0.830588318036093,0.9294486398248898,0.9534321443343979,3965.324878481693,3965.324878481693,6741,8000,0.842625
stationary,PASI,7,Middle,301,500,0.9749036477269157,0.9831202329849777,0.9330516235158902,7718.227251759683,7718.227251759683,13474,16000,0.842125
stationary,PASI,7,Late,701,1000,0.9755984681069085,0.9823689330618992,0.9308363208745165,11597.506157629785,11597.506157629785,20267,24000,0.8444583333333333
stationary,PASI,8,Early,1,100,0.8353916868627543,0.9335920133563216,0.9169042068424184,3816.964436745197,3816.964436745197,6753,8000,0.844125
stationary,PASI,8,Middle,301,500,0.9741351342750199,0.9845120124440527,0.9009825784877876,7457.045814793131,7457.045814793131,13538,16000,0.846125
stationary,PASI,8,Late,701,1000,0.9754261334526856,0.9845682804582687,0.9099048031027243,11423.601367917394,11423.601367917394,20397,24000,0.849875
stationary,MOI,9,Early,1,100,0.8395731176063298,0.9384404091947467,1.0026649774282335,4267.4582315440275,4269.085432566758,6767,8000,0.845875
stationary,MOI,9,Middle,301,500,0.9746300042866126,0.982163351640098,0.9853738573976588,8451.50459466917,8455.149191512715,13562,16000,0.847625
stationary,MOI,9,Late,701,1000,0.9755974605612012,0.9825001315338863,0.9975052251696952,12931.200933795457,12936.845322357909,20441,24000,0.8517083333333333
stationary,PASI,9,Early,1,100,0.8404331549141257,0.9400718842081659,0.9005131454535762,3723.520344480809,3723.520344480809,6767,8000,0.845875
stationary,PASI,9,Middle,301,500,0.9745727226769855,0.9843451548323101,0.8692333874693892,7229.970415515312,7229.970415515312,13562,16000,0.847625
stationary,PASI,9,Late,701,1000,0.9755720205692368,0.9845170380682744,0.8814615698041507,11069.83140885121,11069.83140885121,20441,24000,0.8517083333333333
stationary,PASI,10,Early,1,100,0.8275697148530539,0.9249971576427831,0.939562404810695,3968.557681586623,3968.557681586623,6744,8000,0.843
stationary,PASI,10,Middle,301,500,0.9728314096146109,0.9840710909849063,0.9160444273757226,7695.017020835038,7695.017020835038,13474,16000,0.842125
stationary,PASI,10,Late,701,1000,0.9736935202064662,0.9839879043693721,0.9165085850433518,11542.335068089104,11542.335068089104,20260,24000,0.8441666666666666
stationary,MOI,10,Early,1,100,0.8274981292083994,0.924326856440542,1.034916903566776,4510.176469445027,4512.264363087984,6744,8000,0.843
stationary,MOI,10,Middle,301,500,0.9734814632356289,0.9788928374018485,1.0279048732650666,8951.781186567603,8956.441250915193,13474,16000,0.842125
stationary,MOI,10,Late,701,1000,0.9742563093491696,0.9795075507980548,1.0279702405813023,13444.74667256228,13451.597398496622,20260,24000,0.8441666666666666
stationary,MOI,11,Early,1,100,0.8283797699610348,0.926876294902331,0.9444452052103883,4275.4558590439665,4277.180773025023,6741,8000,0.842625
stationary,MOI,11,Middle,301,500,0.9745125003836246,0.9824837854319167,0.9550787278691198,8707.000458811028,8710.890751467055,13501,16000,0.8438125
stationary,MOI,11,Late,701,1000,0.974894744951005,0.9818175088489489,0.9413365794478444,12747.760931593362,12753.730459210998,20230,24000,0.8429166666666666
stationary,MOI,12,Early,1,100,0.8295012771786872,0.9270339567406498,0.9722061716809679,4198.964710786081,4201.287718088954,6785,8000,0.848125
stationary,MOI,12,Middle,301,500,0.9734508776789771,0.9802682995890459,0.9705770471920009,8359.303112961941,8364.478164286307,13503,16000,0.8439375
stationary,MOI,12,Late,701,1000,0.9747073634778605,0.9803973157663508,0.9683720621170504,12521.830923898142,12529.555578974494,20334,24000,0.84725
stationary,MOI,13,Early,1,100,0.8356193190078024,0.934689005868675,0.9974705178319797,4396.9046200568555,4398.637047072997,6827,8000,0.853375
stationary,MOI,13,Middle,301,500,0.9754627886769941,0.9832976530106544,1.0057374218295945,8782.493525581569,8786.353954437904,13529,16000,0.8455625
stationary,MOI,13,Late,701,1000,0.9760480215376103,0.982461426293389,0.9985904412178745,13103.517609144765,13109.437274877575,20331,24000,0.847125
stationary,PASI,11,Early,1,100,0.8289161888057965,0.9287774023642714,0.847693677389851,3729.9771679354253,3729.9771679354253,6741,8000,0.842625
stationary,PASI,11,Middle,301,500,0.9744818305705154,0.9850424175241804,0.8416889201057075,7430.216521365921,7430.216521365921,13501,16000,0.8438125
stationary,PASI,11,Late,701,1000,0.9747620683548429,0.9846807516183698,0.827500996187222,10835.069481252958,10835.069481252958,20230,24000,0.8429166666666666
stationary,PASI,12,Early,1,100,0.8282548529799589,0.9247676539701905,0.8677449683026017,3622.9073802154794,3622.9073802154794,6785,8000,0.848125
stationary,PASI,12,Middle,301,500,0.9726517418501722,0.9823796858814217,0.8504658876961417,7047.979260553542,7047.979260553542,13503,16000,0.8439375
stationary,PASI,12,Late,701,1000,0.9736185902761072,0.9826369693685078,0.846967796714378,10538.910320847883,10538.910320847883,20334,24000,0.84725
stationary,PASI,13,Early,1,100,0.8348323099170342,0.9315529217357248,0.8974322135935453,3842.888494718647,3842.888494718647,6827,8000,0.853375
stationary,PASI,13,Middle,301,500,0.9739123873692005,0.9844538088490405,0.8874069007985341,7489.767048391235,7489.767048391235,13529,16000,0.8455625
stationary,PASI,13,Late,701,1000,0.9745442931876757,0.983570421390151,0.881917567050155,11181.555506511255,11181.555506511255,20331,24000,0.847125
stationary,MOI,14,Early,1,100,0.836162221019231,0.9322892584013668,1.0360379715065913,4553.808247160096,4556.32949671845,6711,8000,0.838875
stationary,MOI,14,Middle,301,500,0.9732513680706945,0.9811792820872686,1.0250227604864477,9026.77443978325,9032.385003239087,13494,16000,0.843375
stationary,MOI,14,Late,701,1000,0.9744712883617643,0.9824843358010789,1.040968964588589,13819.0166610917,13827.682109152478,20180,24000,0.8408333333333333
stationary,PASI,15,Early,1,100,0.8334153749429466,0.9337094598065501,0.8820814496279246,3721.8929685453695,3721.8929685453695,6746,8000,0.84325
stationary,PASI,15,Middle,301,500,0.973001252440166,0.9841182064835128,0.8844900339029863,7531.934903098887,7531.934903098887,13505,16000,0.8440625
stationary,PASI,15,Late,701,1000,0.9734294413154204,0.9842484306938418,0.8691990743705033,10990.894693279668,10990.894693279668,20318,24000,0.8465833333333334
stationary,MOI,16,Early,1,100,0.8480831343104421,0.9441490861208313,0.95378274389245,4105.506451553437,4107.239429954333,6792,8000,0.849
stationary,MOI,16,Middle,301,500,0.9761099283872845,0.9826698257484827,0.9488315651448456,8241.856765606837,8245.55444285377,13650,16000,0.853125
stationary,MOI,16,Late,701,1000,0.9775665140248255,0.9831468631449096,0.9520504211208353,12209.882458223718,12215.574727378387,20266,24000,0.8444166666666667
stationary,PASI,14,Early,1,100,0.8368050848645133,0.9325614442704685,0.9480515945515882,4064.812707505957,4064.812707505957,6711,8000,0.838875
stationary,PASI,14,Middle,301,500,0.9730573465884701,0.9830678101874011,0.9227428353703054,7905.747117395436,7905.747117395436,13494,16000,0.843375
stationary,PASI,14,Late,701,1000,0.9742422922999323,0.9831177018832427,0.939241154377038,12143.046273059272,12143.046273059272,20180,24000,0.8408333333333333
stationary,MOI,15,Early,1,100,0.8337802320223004,0.9321026298466274,0.9733614432858901,4222.728162298727,4224.532535552324,6746,8000,0.84325
stationary,MOI,15,Middle,301,500,0.973510502880073,0.9806932700719285,0.988158359983459,8691.871006497753,8696.061488381642,13505,16000,0.8440625
stationary,MOI,15,Late,701,1000,0.9743069237823314,0.9811596044934633,0.9735950981280548,12733.993932703925,12740.344157039475,20318,24000,0.8465833333333334
stationary,PASI,16,Early,1,100,0.8476473264849177,0.9433461713653184,0.852829735298211,3551.24101881299,3551.24101881299,6792,8000,0.849
stationary,PASI,16,Middle,301,500,0.9766402909704787,0.9839834791850061,0.8342945428913447,6983.636825507792,6983.636825507792,13650,16000,0.853125
stationary,PASI,16,Late,701,1000,0.9779575565400211,0.9838876190032286,0.8359682902723751,10317.508890547706,10317.508890547706,20266,24000,0.8444166666666667
stationary,MOI,17,Early,1,100,0.8307940725777772,0.9308882981596822,1.0109088201307557,4532.818839624695,4534.763324193929,6776,8000,0.847
stationary,MOI,17,Middle,301,500,0.9743179672529461,0.9815813567392015,1.0068682161736533,9061.506446961383,9066.345522498752,13580,16000,0.84875
stationary,MOI,17,Late,701,1000,0.9755287337414625,0.9816814910702896,1.0145104839308237,13724.509614926528,13731.697985765168,20338,24000,0.8474166666666667
stationary,PASI,18,Early,1,100,0.8305647206596604,0.9288374330690452,0.9188551417551795,4044.5626442622383,4044.5626442622383,6748,8000,0.8435
stationary,PASI,18,Middle,301,500,0.9762873952116382,0.9825860488419585,0.895947698317573,7917.541962429992,7917.541962429992,13563,16000,0.8476875
stationary,PASI,18,Late,701,1000,0.9767743374969028,0.9831759016873522,0.9051014777631086,11942.214482010846,11942.214482010846,20241,24000,0.843375
stationary,MOI,18,Early,1,100,0.830460684026181,0.9300592459700898,1.011103240602098,4559.16601138479,4561.147516021336,6748,8000,0.8435
stationary,MOI,18,Middle,301,500,0.9761215495799141,0.9816806646366542,1.0037957288701145,9110.404041239364,9114.753984136672,13563,16000,0.8476875
stationary,MOI,18,Late,701,1000,0.9767850844266188,0.9818216018928764,1.0155153153572132,13760.868655506234,13767.528993300604,20241,24000,0.843375
stationary,PASI,17,Early,1,100,0.8309046430782404,0.9326709976032179,0.9125589738302895,3971.9346917798775,3971.9346917798775,6776,8000,0.847
stationary,PASI,17,Middle,301,500,0.9740355320371483,0.9849269590323628,0.8925896734702212,7759.603363528971,7759.603363528971,13580,16000,0.84875
stationary,PASI,17,Late,701,1000,0.9750185076297212,0.9851977396463851,0.9004668405742104,11770.419842864856,11770.419842864856,20338,24000,0.8474166666666667
stationary,MOI,19,Early,1,100,0.8355515572244104,0.9331997524300967,0.9855135134929418,4323.338453047102,4324.822983419554,6740,8000,0.8425
stationary,MOI,19,Middle,301,500,0.9757316865631047,0.9825745268053818,0.973234824458759,8536.689852937925,8540.000016182445,13566,16000,0.847875
stationary,MOI,19,Late,701,1000,0.9761584721616227,0.9823194229537549,0.9744254874835951,12801.50674915679,12806.1505231767,20292,24000,0.8455
stationary,PASI,19,Early,1,100,0.8358353536469356,0.9308156105754348,0.8927670655632546,3809.254335895661,3809.254335895661,6740,8000,0.8425
stationary,PASI,19,Middle,301,500,0.9758391112598259,0.9832384522595381,0.8636737732343821,7324.882295082312,7324.882295082312,13566,16000,0.847875
stationary,PASI,19,Late,701,1000,0.9757853272513642,0.9828553628143972,0.8657044188949832,10998.420245996815,10998.420245996815,20292,24000,0.8455
stationary,MOI,20,Early,1,100,0.8317748047381149,0.93018078047853,0.9640346956764116,4075.496756019692,4077.177929418924,6788,8000,0.8485
stationary,MOI,20,Middle,301,500,0.9754782804643007,0.9818396780919232,0.9700580767565645,8214.890227298187,8218.66967026861,13600,16000,0.85
stationary,MOI,20,Late,701,1000,0.9763025267233154,0.9816622262740569,0.972133108758781,12354.931059563474,12360.679332840458,20341,24000,0.8475416666666666
stationary,PASI,20,Early,1,100,0.8318153322861328,0.9275512864037985,0.8649232992414463,3554.380718642925,3554.380718642925,6788,8000,0.8485
stationary,PASI,20,Middle,301,500,0.9748745864134228,0.982326590219804,0.8546028132820651,7005.802259988539,7005.802259988539,13600,16000,0.85
stationary,PASI,20,Late,701,1000,0.9757465356175684,0.9823369654925413,0.8568497439378105,10532.951051157253,10532.951051157253,20341,24000,0.8475416666666666
stationary,MOI,21,Early,1,100,0.8398172994447816,0.93849539349753,1.0226450594536147,4579.8092727167,4581.555712330563,6771,8000,0.846375
stationary,MOI,21,Middle,301,500,0.9743917872507526,0.9819377424905692,1.0191648980185064,9176.364178329131,9180.467831068147,13534,16000,0.845875
stationary,MOI,21,Late,701,1000,0.9762334404697129,0.9821998800628741,1.0192810442602867,13760.4979849122,13766.618989152938,20335,24000,0.8472916666666667
stationary,MOI,23,Early,1,100,0.8348265670621259,0.9345473527881719,1.0041100246526429,4465.902989935337,4467.8617695661105,6769,8000,0.846125
stationary,MOI,23,Middle,301,500,0.9745853809008678,0.9823624361178507,1.0204314480949057,9112.872236023068,9117.701565881394,13486,16000,0.842875
stationary,MOI,23,Late,701,1000,0.9757298889349413,0.9831533332197255,1.0225199695876988,13732.592226347044,13739.786811948083,20240,24000,0.8433333333333334
stationary,PASI,21,Early,1,100,0.840346338363253,0.9376897848338998,0.9231017857972218,4013.6784239395865,4013.6784239395865,6771,8000,0.846375
stationary,PASI,21,Middle,301,500,0.9744261835984862,0.983608083122585,0.9051082347091819,7869.81513358378,7869.81513358378,13534,16000,0.845875
stationary,PASI,21,Late,701,1000,0.9761038319700304,0.9838740480630975,0.9052294475312054,11797.366782108376,11797.366782108376,20335,24000,0.8472916666666667
stationary,MOI,22,Early,1,100,0.8273278144960815,0.9249793911067269,1.0171989035210698,4376.608467336978,4378.415145955246,6787,8000,0.848375
stationary,MOI,22,Middle,301,500,0.9739250503353388,0.9815760038679845,1.0164001991624063,8685.347903496191,8689.374146361635,13510,16000,0.844375
stationary,MOI,22,Late,701,1000,0.9745639881592209,0.9811214973391997,1.028262597824886,13323.103018191303,13329.184417755763,20271,24000,0.844625
stationary,PASI,22,Early,1,100,0.8266675203606316,0.9208870789806561,0.9214761495820848,3859.5086700176757,3859.5086700176757,6787,8000,0.848375
stationary,PASI,22,Middle,301,500,0.9731195379037709,0.9840263845339638,0.9018872197756934,7483.774382454525,7483.774382454525,13510,16000,0.844375
stationary,PASI,22,Late,701,1000,0.9737528819493975,0.9836909366618928,0.914099282438009,11507.181383838943,11507.181383838943,20271,24000,0.844625
stationary,PASI,23,Early,1,100,0.8349891562098095,0.9355953438643522,0.9086643938362128,3923.4799676136504,3923.4799676136504,6769,8000,0.846125
stationary,PASI,23,Middle,301,500,0.9741251603336747,0.9845305567133554,0.9092699829545898,7850.283374237668,7850.283374237668,13486,16000,0.842875
stationary,PASI,23,Late,701,1000,0.9752612981753723,0.9847539960560716,0.9116068531793504,11838.346615449329,11838.346615449329,20240,24000,0.8433333333333334
stationary,MOI,24,Early,1,100,0.8409497235770158,0.9393717791364533,0.9913560661978349,4304.0837575675205,4306.066447682056,6750,8000,0.84375
stationary,MOI,24,Middle,301,500,0.9774415940921979,0.9836599665759456,1.00482459315774,8823.349073909101,8828.106239891298,13563,16000,0.8476875
stationary,MOI,24,Late,701,1000,0.9788200873436099,0.9836170363362235,0.9937774026083156,12996.245215979867,13003.370226233743,20315,24000,0.8464583333333333
stationary,PASI,25,Early,1,100,0.8419308874393875,0.9418802667159362,0.9163948393728643,3823.868269191205,3823.868269191205,6791,8000,0.848875
stationary,PASI,25,Middle,301,500,0.9777537885868843,0.9862041633101678,0.906857057559812,7492.716929637041,7492.716929637041,13495,16000,0.8434375
stationary,PASI,25,Late,701,1000,0.9783339657556306,0.9861894004096862,0.9051817891216867,11271.372764027768,11271.372764027768,20329,24000,0.8470416666666667
stationary,MOI,26,Early,1,100,0.8280236108555074,0.9289067111611491,1.0286477622262382,4673.943322986481,4675.97369415549,6768,8000,0.846
stationary,MOI,26,Middle,301,500,0.9750766570537944,0.9773772412456143,1.0349671742842497,9368.848013911113,9373.519653853838,13513,16000,0.8445625
stationary,MOI,26,Late,701,1000,0.9759712398986231,0.9779154203931614,1.0405114221185952,14105.274302878464,14112.304806296212,20242,24000,0.8434166666666667
stationary,PASI,24,Early,1,100,0.8399416641817093,0.9375858998526556,0.8872438298476955,3731.5116121360347,3731.5116121360347,6750,8000,0.84375
stationary,PASI,24,Middle,301,500,0.9767051162622595,0.9850820022209765,0.882433207944939,7472.660850642254,7472.660850642254,13563,16000,0.8476875
stationary,PASI,24,Late,701,1000,0.977825705218882,0.9851667389875198,0.871779634744709,10982.69894283084,10982.69894283084,20315,24000,0.8464583333333333
stationary,MOI,25,Early,1,100,0.84220162541798,0.9419034643289154,1.0288221078501114,4446.589812516524,4448.597983240878,6791,8000,0.848875
stationary,MOI,25,Middle,301,500,0.9784621944198871,0.9828499698637506,1.035014918869497,8916.495958849893,8921.234680708143,13495,16000,0.8434375
stationary,MOI,25,Late,701,1000,0.9792547385136885,0.9826642554998192,1.0344201674416744,13415.398185943555,13422.248822555946,20329,24000,0.8470416666666667
stationary,MOI,27,Early,1,100,0.8267814204652211,0.9268124940757259,1.0039566841085685,4439.511005545022,4441.110292635872,6736,8000,0.842
stationary,MOI,27,Middle,301,500,0.9730175702171796,0.9791327256728415,1.0186211132610283,9139.527968991824,9143.394626389343,13499,16000,0.8436875
stationary,MOI,27,Late,701,1000,0.9740770516110414,0.9795341307899692,1.0117433804895883,13567.490832065476,13573.338640174396,20286,24000,0.84525
stationary,PASI,26,Early,1,100,0.8274859590722206,0.9261150980686716,0.9269143544856263,4091.5194679362985,4091.5194679362985,6768,8000,0.846
stationary,PASI,26,Middle,301,500,0.9745336882786108,0.9813713580895642,0.9153242347412713,8007.687444317916,8007.687444317916,13513,16000,0.8445625
stationary,PASI,26,Late,701,1000,0.9754688628116368,0.982247515729804,0.9202393366469782,12039.606187603194,12039.606187603194,20242,24000,0.8434166666666667
stationary,MOI,28,Early,1,100,0.8403515408524127,0.9369207599925958,0.984641805403502,4404.35156426557,4406.211873619956,6756,8000,0.8445
stationary,MOI,28,Middle,301,500,0.9740648594504993,0.9817899895870127,1.0029254758682782,9182.248257957803,9186.882844411395,13545,16000,0.8465625
stationary,MOI,28,Late,701,1000,0.9759949221164489,0.9821811581999143,0.9980036680592894,13573.136734948148,13580.000403138829,20277,24000,0.844875
stationary,PASI,28,Early,1,100,0.8386225051487558,0.9319666112456366,0.8890623462029937,3864.187268374102,3864.187268374102,6756,8000,0.8445
stationary,PASI,28,Middle,301,500,0.9732320081486308,0.983701796200584,0.8950849938865252,7937.78980871396,7937.78980871396,13545,16000,0.8465625
stationary,PASI,28,Late,701,1000,0.9749665434312574,0.9838285948475702,0.8893677243353781,11706.140353608685,11706.140353608685,20277,24000,0.844875
stationary,PASI,27,Early,1,100,0.8267896693878275,0.9263214680027585,0.9005493056172031,3873.0927704480946,3873.0927704480946,6736,8000,0.842
stationary,PASI,27,Middle,301,500,0.9729763609407742,0.9830113269569825,0.8986934163902085,7812.575125298658,7812.575125298658,13499,16000,0.8436875
stationary,PASI,27,Late,701,1000,0.9739179739200464,0.9831908195859849,0.891205827184406,11577.505690301536,11577.505690301536,20286,24000,0.84525
stationary,MOI,29,Early,1,100,0.8349841114982677,0.933210522699886,0.9891717567857964,3977.4733112865547,3979.2183038966637,6717,8000,0.839625
stationary,MOI,29,Middle,301,500,0.9744777928221712,0.9817900703272499,0.9923185166996795,8094.407860432375,8098.1453180274,13559,16000,0.8474375
stationary,MOI,29,Late,701,1000,0.9757377962286656,0.9825892911127584,1.0042309612772435,12315.026920323377,12320.862770578178,20317,24000,0.8465416666666666
burst,MOI,1,Early,1,100,0.8004955319103447,0.9041357454380461,0.9789166288560219,3344.152692400803,3345.5981365427147,5560,6880,0.8081395348837209
burst,MOI,1,Middle,301,500,0.9724346271745223,0.9799193232838789,0.967800788654187,6499.319973600514,6502.671478816201,10976,13760,0.7976744186046512
burst,MOI,1,Late,701,1000,0.9731490368103539,0.9792267929173764,0.9517844151150845,9382.701340023094,9387.691922140792,16302,20640,0.7898255813953489
stationary,MOI,30,Early,1,100,0.8343844490028208,0.9347869955207779,1.037179980367678,4803.487406936236,4805.164586158254,6855,8000,0.856875
stationary,MOI,30,Middle,301,500,0.9761240084469096,0.979958184140572,1.0317062264702874,9390.580878131223,9394.600093121586,13541,16000,0.8463125
stationary,MOI,30,Late,701,1000,0.9765485951459454,0.9799177783627384,1.0329135270254175,14175.757029695507,14181.448460408814,20308,24000,0.8461666666666666
stationary,PASI,29,Early,1,100,0.8346028311982512,0.9330635031065392,0.8745273524715662,3407.2010182943372,3407.2010182943372,6717,8000,0.839625
stationary,PASI,29,Middle,301,500,0.9742558368281959,0.9830752745071545,0.8573131946957643,6747.635950066253,6747.635950066253,13559,16000,0.8474375
stationary,PASI,29,Late,701,1000,0.9757177776783817,0.983538086572938,0.8694489094808372,10266.17260104064,10266.17260104064,20317,24000,0.8465416666666666
stationary,PASI,30,Early,1,100,0.8343193440497432,0.9316788512309434,0.9398962354562603,4212.033845546482,4212.033845546482,6855,8000,0.856875
stationary,PASI,30,Middle,301,500,0.9755832758313304,0.9832674285885986,0.9180966649824216,8040.096931218212,8040.096931218212,13541,16000,0.8463125
stationary,PASI,30,Late,701,1000,0.9759931405350747,0.9833379295449982,0.9201466004344866,12166.000597639279,12166.000597639279,20308,24000,0.8461666666666666
burst,PASI,1,Early,1,100,0.8018718391868556,0.905899736225155,0.8694556299342623,2888.039674015143,2888.039674015143,5560,6880,0.8081395348837209
burst,PASI,1,Middle,301,500,0.9723135695597451,0.9813179817027333,0.836647403390247,5433.408933273289,5433.408933273289,10976,13760,0.7976744186046512
burst,PASI,1,Late,701,1000,0.9729397591037507,0.9814240114581406,0.8189695437699419,7812.455818663733,7812.455818663733,16302,20640,0.7898255813953489
burst,MOI,2,Early,1,100,0.7933673709122981,0.8978961551203455,0.8965504174434451,3199.146076916383,3200.16447144146,5455,6880,0.7928779069767442
burst,MOI,2,Middle,301,500,0.9729408874996518,0.9786893100430802,0.9062496475984958,6521.851998732094,6524.486942314294,10960,13760,0.7965116279069767
burst,MOI,2,Late,701,1000,0.9734876031350306,0.9788913806306081,0.9083731392242268,9899.966620981511,9903.956871624398,16535,20640,0.8011143410852714
burst,PASI,3,Early,1,100,0.8046689059272579,0.9122807795002456,0.8283278564662117,2562.2896581772034,2562.2896581772034,5533,6880,0.8042151162790697
burst,PASI,3,Middle,301,500,0.9744795480231226,0.98472818256687,0.7915300855623779,4736.518569663619,4736.518569663619,10899,13760,0.792078488372093
burst,PASI,3,Late,701,1000,0.9750033721062585,0.985017212456881,0.7995725906421535,7348.987028319312,7348.987028319312,16559,20640,0.8022771317829457
burst,MOI,4,Early,1,100,0.8035691827816743,0.9141381715695792,0.9113127869997754,2960.4507029819315,2961.696615737145,5442,6880,0.7909883720930233
burst,MOI,4,Middle,301,500,0.974775064796843,0.9787366590248638,0.956847223932078,6517.80587186768,6521.2950359641745,11122,13760,0.8082848837209302
burst,MOI,4,Late,701,1000,0.9752040419763811,0.9786364484436914,0.9469543286415857,9453.52750547626,9458.826240965798,16377,20640,0.7934593023255814
burst,PASI,2,Early,1,100,0.7954817370025156,0.901791710261082,0.8018315812331407,2800.6249601851596,2800.6249601851596,5455,6880,0.7928779069767442
burst,PASI,2,Middle,301,500,0.9732982374810578,0.9818364751250297,0.7932701640581783,5567.381890112871,5567.381890112871,10960,13760,0.7965116279069767
burst,PASI,2,Late,701,1000,0.9738352983711418,0.9815011672506081,0.7953216429554901,8454.29469529485,8454.29469529485,16535,20640,0.8011143410852714
burst,MOI,3,Early,1,100,0.8032037086069372,0.912080133413738,0.9539696653521,3060.9472398984303,3062.1683342980464,5533,6880,0.8042151162790697
burst,MOI,3,Middle,301,500,0.9747533083516591,0.9828408847011634,0.9414038925003302,5881.6162781813655,5884.560468539999,10899,13760,0.792078488372093
burst,MOI,3,Late,701,1000,0.9754033017844099,0.982548728526449,0.9493636153222207,9103.15192949667,9107.552154625777,16559,20640,0.8022771317829457
burst,PASI,4,Early,1,100,0.8040348368901825,0.9106929133457056,0.7948532618272757,2492.911022394729,2492.911022394729,5442,6880,0.7909883720930233
burst,PASI,4,Middle,301,500,0.9737780281349551,0.9816913639425147,0.8186123213084466,5349.476782240599,5349.476782240599,11122,13760,0.8082848837209302
burst,PASI,4,Late,701,1000,0.9743389360993528,0.9810902450403507,0.807784764740772,7733.8272651518255,7733.8272651518255,16377,20640,0.7934593023255814
burst,MOI,5,Early,1,100,0.801191875329827,0.9136448595677061,0.8874834274065461,2724.9353740798597,2725.865815452888,5410,6880,0.7863372093023255
burst,MOI,5,Middle,301,500,0.9745554901675322,0.9803821787268818,0.8730111433482048,5358.395427121306,5360.612345859378,10936,13760,0.7947674418604651
burst,MOI,5,Late,701,1000,0.9752510109984966,0.9801747487825739,0.8876060297289965,8326.959632630893,8330.447855142978,16535,20640,0.8011143410852714
burst,PASI,5,Early,1,100,0.8013839750678713,0.9121958953222342,0.7732173306622983,2316.632234669757,2316.632234669757,5410,6880,0.7863372093023255
burst,PASI,5,Middle,301,500,0.9749069821488638,0.9816541268495402,0.7376707108399794,4384.493559048042,4384.493559048042,10936,13760,0.7947674418604651
burst,PASI,5,Late,701,1000,0.9753029668666866,0.9812753673358995,0.7515214820014918,6836.801484612095,6836.801484612095,16535,20640,0.8011143410852714
burst,PASI,6,Early,1,100,0.808181357160855,0.9179949625516953,0.8079731748635093,2717.4895855320965,2717.4895855320965,5581,6880,0.8111918604651163
burst,PASI,6,Middle,301,500,0.9733576885350483,0.9819508878457188,0.790502236137064,5193.906436473993,5193.906436473993,10890,13760,0.7914244186046512
burst,PASI,6,Late,701,1000,0.9739349176645838,0.9815910075940941,0.7820455098196347,7606.454829664572,7606.454829664572,16303,20640,0.7898740310077519
burst,MOI,6,Early,1,100,0.8070875479434866,0.9159558170362587,0.9122934650082489,3177.230739286125,3178.447763309206,5581,6880,0.8111918604651163
burst,MOI,6,Middle,301,500,0.9737928503086364,0.9779231919318313,0.9148324937574974,6251.645544304912,6254.767165217301,10890,13760,0.7914244186046512
burst,MOI,6,Late,701,1000,0.9741170786635931,0.978193525086666,0.9074929131376409,9179.592961704906,9184.030306629433,16303,20640,0.7898740310077519
burst,MOI,7,Early,1,100,0.8042259051650104,0.910957956559979,0.9518369404483827,3086.330781869272,3087.8317420148123,5554,6880,0.8072674418604651
burst,MOI,7,Middle,301,500,0.9745467048911853,0.981453828581649,0.9579639774877491,6154.810996371954,6158.21675156723,10908,13760,0.7927325581395349
burst,MOI,7,Late,701,1000,0.974453160095474,0.9811634423545765,0.9652797423836772,9391.733182959057,9397.21194763337,16428,20640,0.7959302325581395
burst,PASI,7,Early,1,100,0.8042019804640705,0.9134940348319092,0.8392044525228989,2651.279474973506,2651.279474973506,5554,6880,0.8072674418604651
burst,PASI,7,Middle,301,500,0.9748714327169611,0.9798388962984753,0.8246996069673076,5138.421976941191,5138.421976941191,10908,13760,0.7927325581395349
burst,PASI,7,Late,701,1000,0.9749533313095536,0.9793539856155076,0.8312320599519383,7863.23577281578,7863.23577281578,16428,20640,0.7959302325581395
burst,PASI,8,Early,1,100,0.8081012167792505,0.9139344843649988,0.8063032667065306,2562.5859097157804,2562.5859097157804,5506,6880,0.8002906976744186
burst,PASI,8,Middle,301,500,0.9736629357138693,0.983162451988951,0.8161220450904533,5245.18337214048,5245.18337214048,11003,13760,0.7996366279069768
burst,PASI,8,Late,701,1000,0.97469959122072,0.9833560071070164,0.8033988945360219,7622.75748681125,7622.75748681125,16425,20640,0.7957848837209303
burst,MOI,9,Early,1,100,0.8065649986808182,0.9156834822290734,0.9118401283444358,2960.1791767944082,2961.187626593692,5515,6880,0.8015988372093024
burst,MOI,9,Middle,301,500,0.9747961341402371,0.9802060307561032,0.8967507268417074,5732.225158201272,5734.538826195872,10939,13760,0.7949854651162791
burst,MOI,9,Late,701,1000,0.975230491545549,0.9804701314315274,0.9067501307568981,8730.97692279943,8734.695239383851,16404,20640,0.7947674418604651
burst,MOI,8,Early,1,100,0.8069587040503006,0.9173491194030938,0.914250298546708,2949.92537878282,2950.9341838044734,5506,6880,0.8002906976744186
burst,MOI,8,Middle,301,500,0.9747511219451046,0.9797561644316847,0.9440267040451601,6181.800825803028,6184.324967952161,11003,13760,0.7996366279069768
burst,MOI,8,Late,701,1000,0.9757328996480702,0.979908940649479,0.931473407147667,9016.891119886128,9020.528947949206,16425,20640,0.7957848837209303
burst,PASI,9,Early,1,100,0.8068578350075476,0.9112813961774133,0.8047023770126326,2544.55372756391,2544.55372756391,5515,6880,0.8015988372093024
burst,PASI,9,Middle,301,500,0.973837307814569,0.9827763362153487,0.7702826602783673,4785.197297719389,4785.197297719389,10939,13760,0.7949854651162791
burst,PASI,9,Late,701,1000,0.9742687903817169,0.9831487339791115,0.7808101719669502,7287.593695913378,7287.593695913378,16404,20640,0.7947674418604651
burst,MOI,10,Early,1,100,0.7987229811527556,0.9050813671272548,0.9405774630396535,3085.685527514078,3087.072152021569,5524,6880,0.8029069767441861
burst,MOI,10,Middle,301,500,0.9724639075779801,0.977603220912604,0.9345133586416514,6012.483931574516,6015.686878233379,10858,13760,0.7890988372093023
burst,MOI,10,Late,701,1000,0.9732101394591793,0.9781027591029523,0.9379615740701938,9141.470877192298,9146.690040798054,16456,20640,0.7972868217054263
burst,PASI,10,Early,1,100,0.7998796793244924,0.903993899488087,0.8379348729655952,2663.8995535582453,2663.8995535582453,5524,6880,0.8029069767441861
burst,PASI,10,Middle,301,500,0.9724666998605099,0.9821614670694871,0.8120551877023378,5038.405795446465,5038.405795446465,10858,13760,0.7890988372093023
burst,PASI,10,Late,701,1000,0.9733176020342724,0.9822681004860097,0.8162597136506656,7651.711526321893,7651.711526321893,16456,20640,0.7972868217054263
burst,PASI,11,Early,1,100,0.8038787431746489,0.9137863602784878,0.7771988879619307,2672.9515544446112,2672.9515544446112,5551,6880,0.8068313953488372
burst,PASI,11,Middle,301,500,0.9739550158298069,0.9823226288623761,0.739444518724725,4922.132917973843,4922.132917973843,10922,13760,0.79375
burst,PASI,11,Late,701,1000,0.9745863898636103,0.9820225858663079,0.732861784270171,7371.231870560622,7371.231870560622,16538,20640,0.8012596899224806
burst,MOI,11,Early,1,100,0.8018629580428159,0.9092549134906921,0.8790969170041809,3108.7450631485467,3109.878542135972,5551,6880,0.8068313953488372
burst,MOI,11,Middle,301,500,0.9736513219646928,0.9801548494927548,0.8592321952756024,5911.27004923133,5913.836712106615,10922,13760,0.79375
burst,MOI,11,Late,701,1000,0.9741714600975264,0.9800078692045548,0.8531934541911793,8877.826716268872,8881.636506248118,16538,20640,0.8012596899224806
burst,MOI,12,Early,1,100,0.7947582458402586,0.8991916695117694,0.8717154674261774,2796.5091034912466,2798.055050516599,5401,6880,0.7850290697674419
burst,MOI,12,Middle,301,500,0.9718426063037781,0.9780473829804406,0.8801553223069397,5724.201379860502,5727.924351142018,10924,13760,0.7938953488372092
burst,MOI,12,Late,701,1000,0.9727981827379774,0.9785619868155073,0.8791254067375176,8514.212684199592,8519.857329761011,16373,20640,0.793265503875969
burst,PASI,12,Early,1,100,0.7980473633053244,0.9110245449537125,0.7634518646359498,2366.640577426414,2366.640577426414,5401,6880,0.7850290697674419
burst,PASI,12,Middle,301,500,0.9724086975867676,0.9780298987697524,0.752107666418797,4697.546679835363,4697.546679835363,10924,13760,0.7938953488372092
burst,PASI,12,Late,701,1000,0.973675509756285,0.9791751289947745,0.7509112525537122,6977.443552061032,6977.443552061032,16373,20640,0.793265503875969
burst,MOI,13,Early,1,100,0.8009716660040833,0.9065880233139043,0.9047949894799729,2987.7666759328886,2988.9252085790977,5490,6880,0.7979651162790697
burst,MOI,13,Middle,301,500,0.9742028022728731,0.9806261811069905,0.9108566919265887,5951.558185593329,5954.414740732496,10879,13760,0.790625
burst,MOI,13,Late,701,1000,0.9747297770076262,0.9810631722377089,0.9149121359031328,9123.715016284072,9128.516537905027,16563,20640,0.8024709302325581
burst,MOI,14,Early,1,100,0.807717690764048,0.9150982101861754,0.9523073958256689,3108.7448052845593,3110.298714597975,5338,6880,0.7758720930232558
burst,MOI,14,Middle,301,500,0.9727636674445928,0.9812140814752109,0.9639197646516411,6495.899798191413,6499.837545766361,10976,13760,0.7976744186046512
burst,MOI,14,Late,701,1000,0.9731051680324659,0.9812449314121346,0.9525604635182983,9495.588801645967,9501.3391886061,16349,20640,0.7921027131782946
burst,PASI,13,Early,1,100,0.8009423905420608,0.9092415169078434,0.7968147814786438,2565.6934493126823,2565.6934493126823,5490,6880,0.7979651162790697
burst,PASI,13,Middle,301,500,0.9740937153435607,0.9829526940950981,0.782069387660807,4953.610768102315,4953.610768102315,10879,13760,0.790625
burst,PASI,13,Late,701,1000,0.9745315823984418,0.9832711289983304,0.7868535953130269,7583.891271762886,7583.891271762886,16563,20640,0.8024709302325581
burst,PASI,14,Early,1,100,0.8093516643148917,0.917835187318286,0.8657586551732137,2742.3391610147787,2742.3391610147787,5338,6880,0.7758720930232558
burst,PASI,14,Middle,301,500,0.9731845553755379,0.9816229633050861,0.860381223528565,5598.379066664412,5598.379066664412,10976,13760,0.7976744186046512
burst,PASI,14,Late,701,1000,0.9737992564532286,0.981799649874226,0.8484296751551512,8162.550008430281,8162.550008430281,16349,20640,0.7921027131782946
burst,MOI,15,Early,1,100,0.8066896967902596,0.9194349045586483,0.9082581583472933,2977.5636647758274,2978.8362435519243,5457,6880,0.7931686046511628
burst,MOI,15,Middle,301,500,0.9727620544733504,0.9812387351897376,0.8922467698745746,5804.303350068221,5807.19918109387,10864,13760,0.7895348837209303
burst,MOI,15,Late,701,1000,0.9738953016908393,0.9816087990464233,0.9009701479179144,8848.452330816697,8852.867540318499,16414,20640,0.7952519379844961
burst,PASI,15,Early,1,100,0.8074199701424648,0.9193642906942824,0.8169549749630395,2602.935431217512,2602.935431217512,5457,6880,0.7931686046511628
burst,PASI,15,Middle,301,500,0.9723638395784256,0.9825651737446558,0.7837351282197578,4930.430246128063,4930.430246128063,10864,13760,0.7895348837209303
burst,PASI,15,Late,701,1000,0.9735639471171569,0.9821432367808456,0.7909920995416737,7517.944250996832,7517.944250996832,16414,20640,0.7952519379844961
burst,MOI,17,Early,1,100,0.8018332920392545,0.9116426524855233,0.9257080391509581,3137.411624376712,3138.7082918549,5495,6880,0.7986918604651163
burst,MOI,17,Middle,301,500,0.9735825939268541,0.9802356162926902,0.9405326696887879,6349.409824116299,6352.699297487678,10892,13760,0.7915697674418605
burst,MOI,17,Late,701,1000,0.9743831621329416,0.9803276318003183,0.9174367940816174,9118.041932389457,9122.700497883412,16331,20640,0.7912306201550388
burst,MOI,16,Early,1,100,0.8129733105430446,0.9172219500082577,0.861803358329308,2753.154939788376,2754.206317784398,5453,6880,0.7925872093023256
burst,MOI,16,Middle,301,500,0.9757133345964826,0.9833646940643277,0.8531130755292362,5427.999165239726,5430.295456055745,10935,13760,0.7946947674418605
burst,MOI,16,Late,701,1000,0.9762661273097664,0.9834804326224117,0.860354728499812,8232.747850700334,8236.149711456324,16373,20640,0.793265503875969
burst,PASI,16,Early,1,100,0.8131538940539186,0.9210514826501802,0.7592340849228143,2361.0893856490634,2361.0893856490634,5453,6880,0.7925872093023256
burst,PASI,16,Middle,301,500,0.975041176304869,0.9816878559083931,0.7309298205693723,4503.286690560437,4503.286690560437,10935,13760,0.7946947674418605
burst,PASI,16,Late,701,1000,0.9755996672553782,0.9822044894236617,0.737770749168391,6840.423978578704,6840.423978578704,16373,20640,0.793265503875969
burst,PASI,17,Early,1,100,0.8023727308475275,0.9081168661805795,0.8188531311965094,2707.99129425739,2707.99129425739,5495,6880,0.7986918604651163
burst,PASI,17,Middle,301,500,0.9734110663222154,0.9821439131167555,0.8130634579401345,5334.393036219475,5334.393036219475,10892,13760,0.7915697674418605
burst,PASI,17,Late,701,1000,0.9741148743303334,0.9821258624630299,0.7899174241277066,7619.834015729917,7619.834015729917,16331,20640,0.7912306201550388
burst,MOI,18,Early,1,100,0.8009433085839862,0.9102855397691216,0.9104717768120434,3079.6844480618947,3080.912017606144,5437,6880,0.7902616279069767
burst,MOI,18,Middle,301,500,0.9740406963268867,0.9792645964011486,0.9272195542013912,6456.9381793444445,6460.120890463213,11044,13760,0.8026162790697674
burst,MOI,18,Late,701,1000,0.9749756740481498,0.9808151958164341,0.94494389707439,9994.747274004454,9999.44690949544,16626,20640,0.8055232558139535
burst,PASI,18,Early,1,100,0.8014034993883412,0.9101694698876698,0.8101537497729334,2679.8854581630867,2679.8854581630867,5437,6880,0.7902616279069767
burst,PASI,18,Middle,301,500,0.9737547044606101,0.9816999682828853,0.8096389217895333,5480.148570169698,5480.148570169698,11044,13760,0.8026162790697674
burst,PASI,18,Late,701,1000,0.9748958633575572,0.9821168284020594,0.827871213017944,8521.727033312605,8521.727033312605,16626,20640,0.8055232558139535
burst,PASI,19,Early,1,100,0.8067641035549289,0.9092312947158991,0.8065255073056607,2612.933605967596,2612.933605967596,5532,6880,0.8040697674418604
burst,PASI,19,Middle,301,500,0.9740434161620498,0.981197341668067,0.7849822409152643,5038.010681696568,5038.010681696568,11021,13760,0.8009447674418605
burst,PASI,19,Late,701,1000,0.9744695926400645,0.9813961449084181,0.7884856499460389,7522.869894190231,7522.869894190231,16401,20640,0.7946220930232558
burst,MOI,19,Early,1,100,0.8071853077425062,0.9135033578668458,0.9010206959304492,3021.056003114092,3021.9791758822707,5532,6880,0.8040697674418604
burst,MOI,19,Middle,301,500,0.9749297235462256,0.9804046572204508,0.8987226737966728,6010.446199127091,6012.800101173125,11021,13760,0.8009447674418605
burst,MOI,19,Late,701,1000,0.9753282816213309,0.9808114634486134,0.901903126303657,8974.333423422248,8977.833154350463,16401,20640,0.7946220930232558
burst,MOI,20,Early,1,100,0.8037676168518647,0.9115136509650749,0.8997553510450964,2907.6974087359335,2908.6612284594603,5513,6880,0.8013081395348837
burst,MOI,20,Middle,301,500,0.9746006899411465,0.9791977247308707,0.8834476583025979,5591.8740741395195,5594.150371994629,10955,13760,0.7961482558139535
burst,MOI,20,Late,701,1000,0.9752285837151501,0.9795459825445747,0.8869217513167759,8445.645752284301,8449.36663521186,16457,20640,0.7973352713178294
burst,MOI,21,Early,1,100,0.8083160588208049,0.9228322904184987,0.9266562773572316,3081.1192453781614,3082.2944635799972,5430,6880,0.7892441860465116
burst,MOI,21,Middle,301,500,0.9753530275145679,0.9811869125463379,0.9328859755079605,6275.0559666953595,6278.023479211931,10876,13760,0.790406976744186
burst,MOI,21,Late,701,1000,0.9760384889947201,0.9805245084400019,0.9300083354932804,9416.766220369445,9421.410603148743,16424,20640,0.7957364341085271
burst,PASI,21,Early,1,100,0.8079767825659648,0.918988082470319,0.8221347622256826,2645.8518050418575,2645.8518050418575,5430,6880,0.7892441860465116
burst,PASI,21,Middle,301,500,0.975233976873811,0.9828196311587678,0.8098083832461018,5241.650764723041,5241.650764723041,10876,13760,0.790406976744186
burst,PASI,21,Late,701,1000,0.9759415905283745,0.983019224214834,0.8065848030181715,7857.996174970114,7857.996174970114,16424,20640,0.7957364341085271
burst,MOI,22,Early,1,100,0.7967414973081414,0.9002503932378317,0.9298040008723453,3047.233647107275,3048.3640585297953,5535,6880,0.8045058139534884
burst,MOI,22,Middle,301,500,0.9726849813097296,0.9803963422036324,0.9301005601726968,6036.636291147182,6039.458710144689,10894,13760,0.7917151162790698
burst,MOI,22,Late,701,1000,0.9734215513239695,0.9800644689573396,0.9293989384430607,9082.410480130362,9086.752747794657,16428,20640,0.7959302325581395
burst,PASI,20,Early,1,100,0.80453305224334,0.9141103837458836,0.796351052723961,2501.4542078103746,2501.4542078103746,5513,6880,0.8013081395348837
burst,PASI,20,Middle,301,500,0.9735303054316349,0.9801624929598877,0.7614208001568776,4652.426085243105,4652.426085243105,10955,13760,0.7961482558139535
burst,PASI,20,Late,701,1000,0.9743355303234148,0.9806375311559067,0.7642396844403956,7029.559505799014,7029.559505799014,16457,20640,0.7973352713178294
burst,PASI,23,Early,1,100,0.8136744076232425,0.927168491791702,0.8409993785208254,2779.636525153477,2779.636525153477,5527,6880,0.803343023255814
burst,PASI,23,Middle,301,500,0.9744394004277366,0.9837072854900895,0.8229850362244463,5395.590270366256,5395.590270366256,11028,13760,0.8014534883720931
burst,PASI,23,Late,701,1000,0.9754022994384335,0.9834041441353718,0.8202805918890161,8028.994169782132,8028.994169782132,16427,20640,0.7958817829457364
burst,MOI,23,Early,1,100,0.8094691514516783,0.9183305939056695,0.9400978445745106,3205.8389286069223,3207.318987691672,5527,6880,0.803343023255814
burst,MOI,23,Middle,301,500,0.9742446646338917,0.9813315582839444,0.9398928644195352,6388.929871453504,6392.32806475438,11028,13760,0.8014534883720931
burst,MOI,23,Late,701,1000,0.9752107060717857,0.9812482679076145,0.9372879256838939,9503.69545651156,9509.044296701331,16427,20640,0.7958817829457364
burst,PASI,22,Early,1,100,0.7992914091014163,0.9070437068787597,0.8321487387166034,2672.763977884631,2672.763977884631,5535,6880,0.8045058139534884
burst,PASI,22,Middle,301,500,0.9728652552056806,0.982706876138518,0.8121301031961587,5151.222064564234,5151.222064564234,10894,13760,0.7917151162790698
burst,PASI,22,Late,701,1000,0.9734609071915761,0.9820304828881776,0.8124036275017104,7746.426615041064,7746.426615041064,16428,20640,0.7959302325581395
burst,MOI,24,Early,1,100,0.8114184204389084,0.921700366217352,0.9283149957054007,3128.5734456211885,3129.900705074605,5527,6880,0.803343023255814
burst,MOI,24,Middle,301,500,0.9775276970248655,0.9827932825783152,0.9157811997788614,6098.8434173636,6102.362142821144,10976,13760,0.7976744186046512
burst,MOI,24,Late,701,1000,0.977755468117193,0.9829942959965596,0.9155522441306576,9143.872453986914,9148.982806575445,16433,20640,0.796172480620155
burst,PASI,24,Early,1,100,0.8107357361168656,0.9181255200599349,0.822221647392035,2676.767881253659,2676.767881253659,5527,6880,0.803343023255814
burst,PASI,24,Middle,301,500,0.9765681609178504,0.9832104913622832,0.7877007149649407,5048.141783107545,5048.141783107545,10976,13760,0.7976744186046512
burst,PASI,24,Late,701,1000,0.9769658038054116,0.9828022501809057,0.7875055245654428,7572.275492919094,7572.275492919094,16433,20640,0.796172480620155
burst,MOI,25,Early,1,100,0.8130093756025308,0.9224807081635692,0.9322373249027734,3012.2873788250176,3013.731441318862,5485,6880,0.7972383720930233
burst,MOI,25,Middle,301,500,0.976927500296792,0.9820814923247089,0.9380270591479046,6010.45182136837,6013.835882426882,10891,13760,0.7914970930232558
burst,MOI,25,Late,701,1000,0.9782872725243046,0.9829612523218696,0.9558013751711947,9396.565749795449,9401.831840365368,16538,20640,0.8012596899224806
burst,PASI,25,Early,1,100,0.8133152890541386,0.9214046700525821,0.8211183063305041,2556.0432047127338,2556.0432047127338,5485,6880,0.7972383720930233
burst,PASI,25,Middle,301,500,0.9763479778354974,0.9844092862951394,0.8059008201899874,4945.472143660672,4945.472143660672,10891,13760,0.7914970930232558
burst,PASI,25,Late,701,1000,0.9778347977468602,0.9846877949703448,0.8241602381979967,7748.501371916597,7748.501371916597,16538,20640,0.8012596899224806
burst,MOI,26,Early,1,100,0.8010495501830632,0.9067068273717644,0.9673840038165104,3349.5941189162045,3350.9544115811946,5549,6880,0.8065406976744186
burst,MOI,26,Middle,301,500,0.9734371044545472,0.9781037063172162,0.9614460349886947,6558.514192483791,6562.04961361724,10999,13760,0.7993459302325582
burst,MOI,26,Late,701,1000,0.9736930865923765,0.9777130128249443,0.9724720097931159,9965.588503150835,9970.574457681647,16385,20640,0.7938468992248062
burst,PASI,27,Early,1,100,0.8014101572696829,0.9126126930458649,0.8090380210013609,2712.1893924563133,2712.1893924563133,5540,6880,0.8052325581395349
burst,PASI,27,Middle,301,500,0.9719210424206316,0.981042271331102,0.7820442440892362,5129.344681644119,5129.344681644119,11016,13760,0.8005813953488372
burst,PASI,27,Late,701,1000,0.9730494176701724,0.9812727373414538,0.7889593825113363,7795.847498859952,7795.847498859952,16512,20640,0.8
burst,PASI,26,Early,1,100,0.8009538045633023,0.9062947318963104,0.8556873097281442,2876.789647425308,2876.789647425308,5549,6880,0.8065406976744186
burst,PASI,26,Middle,301,500,0.9731019381310619,0.9784518737752838,0.8287672406747724,5454.2459524161095,5454.2459524161095,10999,13760,0.7993459302325582
burst,PASI,26,Late,701,1000,0.97343916918674,0.9778180884018862,0.8406499230512802,8318.95249590027,8318.95249590027,16385,20640,0.7938468992248062
burst,MOI,27,Early,1,100,0.8003650892893741,0.9075597245736112,0.9134562375070526,3134.746554422167,3135.794488040354,5540,6880,0.8052325581395349
burst,MOI,27,Middle,301,500,0.9721841594217028,0.9791338383704672,0.9073822179723872,6124.715108364102,6127.313674444219,11016,13760,0.8005813953488372
burst,MOI,27,Late,701,1000,0.9733305648348759,0.9794744326225551,0.9142165945779475,9303.576642333988,9307.591122724769,16512,20640,0.8
burst,MOI,28,Early,1,100,0.8053353090777665,0.9127360447532986,0.9194186853145209,3125.023037953656,3126.344545728595,5440,6880,0.7906976744186046
burst,MOI,28,Middle,301,500,0.973908293814284,0.982299532400422,0.9239864786873876,6386.967094188819,6390.202641938714,11064,13760,0.8040697674418604
burst,MOI,28,Late,701,1000,0.9748225078975987,0.9826239431358956,0.914879978927473,9266.252191099755,9271.168346838684,16408,20640,0.7949612403100775
burst,PASI,28,Early,1,100,0.8045370210323768,0.9074260950299651,0.8187797589391256,2715.278943162975,2715.278943162975,5440,6880,0.7906976744186046
burst,PASI,28,Middle,301,500,0.9731777537508852,0.9824745594823454,0.8040364181780039,5386.922188193533,5386.922188193533,11064,13760,0.8040697674418604
burst,PASI,28,Late,701,1000,0.9741426822108873,0.9833824658990367,0.7943651882729683,7787.83420712029,7787.83420712029,16408,20640,0.7949612403100775
burst,MOI,29,Early,1,100,0.8085168555259435,0.9178002289568433,0.9023626786409451,2819.744020443882,2820.7462375365453,5529,6880,0.8036337209302326
burst,MOI,29,Middle,301,500,0.9744897154751003,0.9795454305211502,0.9118229545109303,5611.757485788806,5614.244658400456,10939,13760,0.7949854651162791
burst,MOI,29,Late,701,1000,0.9748877522753202,0.9797736680985998,0.8994486476806909,8233.214129863085,8236.889769578615,16361,20640,0.7926841085271318
burst,MOI,30,Early,1,100,0.8036413363346372,0.9100251840887922,0.9553427002760796,3201.879551048267,3203.0788883473165,5437,6880,0.7902616279069767
burst,MOI,30,Middle,301,500,0.9732897989151768,0.97716672146093,0.9538179485822795,6424.3273862857695,6427.127444035512,10884,13760,0.7909883720930233
burst,MOI,30,Late,701,1000,0.9739946047341629,0.9773739946901311,0.9639641493040955,9930.634463422191,9934.926395011193,16481,20640,0.7984980620155039
burst,PASI,29,Early,1,100,0.808207594572384,0.9166411292793374,0.7840241590562957,2394.0824754763435,2394.0824754763435,5529,6880,0.8036337209302326
burst,PASI,29,Middle,301,500,0.9740954506255239,0.9801549554037714,0.7699511747643288,4599.911607071443,4599.911607071443,10939,13760,0.7949854651162791
burst,PASI,29,Late,701,1000,0.9744648397069446,0.979926519010255,0.7575655530987324,6736.95627679804,6736.95627679804,16361,20640,0.7926841085271318
burst,PASI,30,Early,1,100,0.8047827836356121,0.9102695297971073,0.8459011268932389,2746.023297662355,2746.023297662355,5437,6880,0.7902616279069767
burst,PASI,30,Middle,301,500,0.9734859748948279,0.9819050997022878,0.8246664476281024,5358.424653961814,5358.424653961814,10884,13760,0.7909883720930233
burst,PASI,30,Late,701,1000,0.9741871174260371,0.9817833490866783,0.8358084620854312,8310.705245442721,8310.705245442721,16481,20640,0.7984980620155039
dynamic,PASI,1,Early,1,100,0.8279583348180569,0.9243067562873326,0.9043595687224488,4078.9422576132224,4078.9422576132224,7128,8544,0.8342696629213483
dynamic,PASI,1,Middle,301,500,0.9734485502698201,0.9820190402120089,0.8727172290733876,5370.082864061629,5370.082864061629,10046,12000,0.8371666666666666
dynamic,PASI,1,Late,701,1000,0.9748849666508143,0.9823495625495327,0.8636993318159601,6800.793902636399,6800.793902636399,13004,15456,0.8413561076604554
dynamic,MOI,1,Early,1,100,0.8282004252457328,0.926489914285027,1.0062754797162683,4675.860585069206,4677.822059683249,7128,8544,0.8342696629213483
dynamic,MOI,1,Middle,301,500,0.9739138971475545,0.9801735854220068,1.0029405422940045,6360.512019083702,6363.7376977776785,10046,12000,0.8371666666666666
dynamic,MOI,1,Late,701,1000,0.9752429296335108,0.9810805380163636,0.9981911707453821,8080.025122770552,8084.228193971061,13004,15456,0.8413561076604554
dynamic,MOI,2,Early,1,100,0.8235007177527809,0.9198793981076274,0.9646630630622516,4798.124536630507,4799.801293399181,7095,8544,0.8304073033707865
dynamic,MOI,2,Middle,301,500,0.9738135989092184,0.9788842885402971,0.9568956508295552,6620.198441070992,6622.805057100201,10122,12000,0.8435
dynamic,MOI,2,Late,701,1000,0.974142593424025,0.9789336454214921,0.9396364773033196,8083.221634369716,8086.286872954561,12899,15456,0.8345626293995859
dynamic,PASI,2,Early,1,100,0.8233572156787898,0.9198766426514505,0.879248862272084,4283.760881844582,4283.760881844582,7095,8544,0.8304073033707865
dynamic,PASI,2,Middle,301,500,0.9737162139061417,0.9816377497972864,0.8486345422019894,5733.5914012922285,5733.5914012922285,10122,12000,0.8435
dynamic,PASI,2,Late,701,1000,0.9744396212390835,0.9815230717766493,0.8239796393187323,6932.347073258514,6932.347073258514,12899,15456,0.8345626293995859
dynamic,MOI,3,Early,1,100,0.8339537838705489,0.9336442486040125,1.0185881760421351,4554.85453572403,4556.789237475405,7170,8544,0.839185393258427
dynamic,MOI,3,Middle,301,500,0.9759183378574079,0.9827813005399475,0.9985808469572786,6005.697429700611,6008.557175979566,9951,12000,0.82925
dynamic,MOI,3,Late,701,1000,0.977053340823644,0.9832882924705829,0.9878523305804874,7518.452551279932,7521.958137269117,12924,15456,0.8361801242236024
dynamic,PASI,3,Early,1,100,0.8339717161179012,0.9331559630583303,0.9028846201469068,3873.3556160142125,3873.3556160142125,7170,8544,0.839185393258427
dynamic,PASI,3,Middle,301,500,0.9754069180997261,0.984841198480444,0.8508747050201843,4912.132887832213,4912.132887832213,9951,12000,0.82925
dynamic,PASI,3,Late,701,1000,0.9769803612488379,0.9844274468102505,0.8308652460435453,6085.903015224989,6085.903015224989,12924,15456,0.8361801242236024
dynamic,MOI,4,Early,1,100,0.8299162627723482,0.928213496708447,1.0030067230491324,4630.252803053271,4632.55964257326,7062,8544,0.8265449438202247
dynamic,MOI,4,Middle,301,500,0.9750782223526132,0.9805058856742912,0.9804995791899004,6130.133698629796,6133.489626106992,9985,12000,0.8320833333333333
dynamic,MOI,4,Late,701,1000,0.9755793205229784,0.9808909035215043,1.005257192396873,8131.601496320586,8135.544940112619,12956,15456,0.8382505175983437
dynamic,PASI,4,Early,1,100,0.8291430540734304,0.9270163573168313,0.8945972645921737,3978.142177580919,3978.142177580919,7062,8544,0.8265449438202247
dynamic,PASI,4,Middle,301,500,0.9746696622284189,0.9820711559537109,0.8411231305977841,5056.7881776469,5056.7881776469,9985,12000,0.8320833333333333
dynamic,PASI,4,Late,701,1000,0.9758060037734658,0.9826869415618487,0.8588872950456204,6703.4751401001595,6703.4751401001595,12956,15456,0.8382505175983437
dynamic,MOI,5,Early,1,100,0.8302193200066407,0.9293699624727944,0.9560499155168263,4081.7289669934507,4083.404866690668,7061,8544,0.8264279026217228
dynamic,MOI,5,Middle,301,500,0.9755047740897308,0.9816554951929879,0.9164785509946017,5357.668871185808,5360.025363772213,10047,12000,0.83725
dynamic,MOI,5,Late,701,1000,0.9765575353692292,0.9816573012200408,0.9279472101071323,6990.1213654768535,6993.123834586175,13015,15456,0.8420678053830227
dynamic,PASI,5,Early,1,100,0.8298803323655324,0.9284269143385626,0.8504725614479756,3514.1284957199123,3514.1284957199123,7061,8544,0.8264279026217228
dynamic,PASI,5,Middle,301,500,0.9753580680862162,0.982729213327867,0.7833459947212698,4426.344281474548,4426.344281474548,10047,12000,0.83725
dynamic,PASI,5,Late,701,1000,0.9764252782648625,0.9832084978684865,0.789263644338753,5768.71852666729,5768.71852666729,13015,15456,0.8420678053830227
dynamic,MOI,6,Early,1,100,0.8301560805554009,0.9255138075025838,0.9640907500137713,4580.7851178697365,4582.767447532304,7078,8544,0.8284176029962547
dynamic,MOI,6,Middle,301,500,0.9743387285845726,0.9792400079397676,0.9675143915551566,6222.219571180582,6225.260670925783,9968,12000,0.8306666666666667
dynamic,MOI,6,Late,701,1000,0.9752919446917273,0.9793599695011352,0.945146521261767,7616.779515226326,7620.474026530478,12866,15456,0.832427536231884
dynamic,PASI,6,Early,1,100,0.8292810126662787,0.926182431382518,0.8653491434729255,3998.973594594682,3998.973594594682,7078,8544,0.8284176029962547
dynamic,PASI,6,Middle,301,500,0.9738974943122112,0.9815856956018103,0.8411857351662542,5234.347321367029,5234.347321367029,9968,12000,0.8306666666666667
dynamic,PASI,6,Late,701,1000,0.9751049915816115,0.9824171212404214,0.813383867296576,6345.969638122719,6345.969638122719,12866,15456,0.832427536231884
dynamic,MOI,7,Early,1,100,0.8287428161716159,0.9256095106419013,1.0213338660362294,4563.73584733458,4565.964506201153,7064,8544,0.8267790262172284
dynamic,MOI,7,Middle,301,500,0.9750862001758805,0.9813016337940563,1.006887428252168,6168.488542858113,6171.854792489316,9989,12000,0.8324166666666667
dynamic,MOI,7,Late,701,1000,0.9757968926887827,0.9814246640164468,0.9895220449143536,7769.373710844664,7773.3621530948385,12972,15456,0.8392857142857143
dynamic,PASI,7,Early,1,100,0.8286320379605807,0.9248647765145678,0.9211361917269316,3996.9737660838027,3996.9737660838027,7064,8544,0.8267790262172284
dynamic,PASI,7,Middle,301,500,0.9747219382909419,0.9805363730160821,0.8779915077933342,5220.8888238569825,5220.8888238569825,9989,12000,0.8324166666666667
dynamic,PASI,7,Late,701,1000,0.9751398152311205,0.981151738604505,0.8552492982449731,6548.395187967536,6548.395187967536,12972,15456,0.8392857142857143
dynamic,MOI,8,Early,1,100,0.8335888800065255,0.9297294035341446,1.0116151721951212,4606.998844960806,4608.82775874726,7154,8544,0.837312734082397
dynamic,MOI,8,Middle,301,500,0.9758720622423882,0.9810372203746913,1.0024354096838841,6221.930236399858,6224.577924326037,10040,12000,0.8366666666666667
dynamic,MOI,8,Late,701,1000,0.9763124325881108,0.9817185512912079,0.9646468868388459,7566.964958694967,7570.127748798544,12953,15456,0.8380564182194618
dynamic,PASI,8,Early,1,100,0.8331510216027814,0.9301064944676933,0.9143048559319594,4059.5342923485905,4059.5342923485905,7154,8544,0.837312734082397
dynamic,PASI,8,Middle,301,500,0.975661087771257,0.9835572941610751,0.8780530620670476,5332.5084358922295,5332.5084358922295,10040,12000,0.8366666666666667
dynamic,PASI,8,Late,701,1000,0.9764162584992017,0.9835801728377025,0.8368934276174906,6441.455155082869,6441.455155082869,12953,15456,0.8380564182194618
dynamic,PASI,9,Early,1,100,0.8360742489161389,0.9339711922275136,0.8722443462076015,3823.2067765090364,3823.2067765090364,7148,8544,0.8366104868913857
dynamic,PASI,9,Middle,301,500,0.9743899397076837,0.9829818917855158,0.822619698249753,4893.770653726998,4893.770653726998,10004,12000,0.8336666666666667
dynamic,PASI,9,Late,701,1000,0.9762075836649192,0.9837818540353266,0.8252266307434574,6327.511753452903,6327.511753452903,12960,15456,0.8385093167701864
dynamic,MOI,9,Early,1,100,0.8361452078565356,0.9352396798533349,0.9690484932951652,4363.131689783239,4364.91886074754,7148,8544,0.8366104868913857
dynamic,MOI,9,Middle,301,500,0.974723887623962,0.9817818321184297,0.9469247780651185,5782.192918710364,5784.690114872955,10004,12000,0.8336666666666667
dynamic,MOI,9,Late,701,1000,0.9763866637368982,0.9817624245998384,0.9569945358756338,7522.549037149426,7525.646296821713,12960,15456,0.8385093167701864
dynamic,MOI,10,Early,1,100,0.8263692482456066,0.9242329617644383,0.9997734864233754,4565.999250604748,4568.0715707506715,7074,8544,0.8279494382022472
dynamic,MOI,10,Middle,301,500,0.9741993345307433,0.979534322717944,0.9854962534170091,6049.899775170214,6053.008668887223,9965,12000,0.8304166666666667
dynamic,MOI,10,Late,701,1000,0.9750856109780324,0.9797293677530363,0.9749694175113444,7592.056674222038,7596.144228832361,12937,15456,0.8370212215320911
dynamic,PASI,10,Early,1,100,0.8259602471641474,0.9229684395196056,0.9081589109588704,4016.89692451251,4016.89692451251,7074,8544,0.8279494382022472
dynamic,PASI,10,Middle,301,500,0.9741971386821748,0.9824085958259102,0.865525778946998,5130.659918019067,5130.659918019067,9965,12000,0.8304166666666667
dynamic,PASI,10,Late,701,1000,0.9753715269769666,0.9831117798991693,0.8474556127058563,6382.419666016677,6382.419666016677,12937,15456,0.8370212215320911
dynamic,PASI,11,Early,1,100,0.8266336769389917,0.927929895009721,0.840508960910606,3887.372383074034,3887.372383074034,7035,8544,0.8233848314606742
dynamic,PASI,11,Middle,301,500,0.974332399621322,0.9837375793527634,0.788632899461194,5068.685655990836,5068.685655990836,10009,12000,0.8340833333333333
dynamic,PASI,11,Late,701,1000,0.9756123692866102,0.9838496920757309,0.7623561178932271,6156.1373036540945,6156.1373036540945,12929,15456,0.8365036231884058
dynamic,MOI,11,Early,1,100,0.8267087881736057,0.925479423137326,0.9341909397065851,4438.096473955971,4439.958758508648,7035,8544,0.8233848314606742
dynamic,MOI,11,Middle,301,500,0.9748541620212,0.9816571230452065,0.9087863272308447,6008.143407703291,6010.6932447838735,10009,12000,0.8340833333333333
dynamic,MOI,11,Late,701,1000,0.9759427428274633,0.982542230119417,0.8912755793533172,7402.675288307629,7405.952827071338,12929,15456,0.8365036231884058
dynamic,MOI,12,Early,1,100,0.8285540958236909,0.9250462789134442,0.965636273562879,4434.255930310057,4436.530019924917,7128,8544,0.8342696629213483
dynamic,MOI,12,Middle,301,500,0.9735593126666834,0.9801301421464267,0.9307967778647751,5766.339935686279,5769.972539887482,10048,12000,0.8373333333333334
dynamic,MOI,12,Late,701,1000,0.974298417736484,0.9801902686836133,0.9186656080196874,7213.6228138330125,7217.905267229184,12948,15456,0.8377329192546584
dynamic,PASI,12,Early,1,100,0.8279497698564302,0.9233059115040214,0.8670069990426092,3855.855836254982,3855.855836254982,7128,8544,0.8342696629213483
dynamic,PASI,12,Middle,301,500,0.9735013198867748,0.9810968897284789,0.8038516215747716,4796.008976277222,4796.008976277222,10048,12000,0.8373333333333334
dynamic,PASI,12,Late,701,1000,0.9745561606644831,0.9815104147476434,0.7859335257258964,5945.04469626237,5945.04469626237,12948,15456,0.8377329192546584
dynamic,PASI,13,Early,1,100,0.8286913342629821,0.9301059118740913,0.878067178979994,3914.529597507418,3914.529597507418,7088,8544,0.8295880149812734
dynamic,PASI,13,Middle,301,500,0.9748293290027017,0.9824899575800717,0.8413204034330725,5111.212117120089,5111.212117120089,9991,12000,0.8325833333333333
dynamic,PASI,13,Late,701,1000,0.9768333820370159,0.9838149838087442,0.8245157864573995,6385.9303234055305,6385.9303234055305,13002,15456,0.8412267080745341
dynamic,MOI,13,Early,1,100,0.8295640553114003,0.9291461482630623,0.9730529260985082,4463.097232426111,4464.7018167497245,7088,8544,0.8295880149812734
dynamic,MOI,13,Middle,301,500,0.975470893740405,0.9820734702402123,0.9654210573339653,6032.849568683214,6035.589194077737,9991,12000,0.8325833333333333
dynamic,MOI,13,Late,701,1000,0.9771843837012881,0.9827063062514103,0.9541510928459501,7593.512148155082,7597.170782729124,13002,15456,0.8412267080745341
dynamic,MOI,14,Early,1,100,0.8362652188921553,0.9321825934360998,1.0153596542013539,4756.448465768154,4759.0130434065795,7084,8544,0.829119850187266
dynamic,MOI,14,Middle,301,500,0.9748334851325129,0.9816606818902659,1.004581073014076,6393.2109823561805,6396.859001541967,10027,12000,0.8355833333333333
dynamic,MOI,14,Late,701,1000,0.975337149997671,0.98246526318361,0.9995049507728614,7943.318362077956,7947.676792867705,12853,15456,0.8315864389233955
dynamic,PASI,14,Early,1,100,0.8363017514616564,0.9323464874711095,0.9333565085758919,4267.985465835467,4267.985465835467,7084,8544,0.829119850187266
dynamic,PASI,14,Middle,301,500,0.9747870462177868,0.982654527567935,0.9012542059623806,5578.95075062714,5578.95075062714,10027,12000,0.8355833333333333
dynamic,PASI,14,Late,701,1000,0.9760954915246399,0.983326591412818,0.8911013949631186,6885.65878331271,6885.65878331271,12853,15456,0.8315864389233955
dynamic,PASI,15,Early,1,100,0.8315614602774456,0.9289134878967858,0.8827612753290405,4015.448361030277,4015.448361030277,7133,8544,0.8348548689138576
dynamic,PASI,15,Middle,301,500,0.9738484230396022,0.983274748207785,0.8427145101343556,5178.237968568983,5178.237968568983,10036,12000,0.8363333333333334
dynamic,PASI,15,Late,701,1000,0.9752559158177118,0.9834162513324011,0.813771087285467,6216.315732948936,6216.315732948936,12887,15456,0.833786231884058
dynamic,MOI,15,Early,1,100,0.8320317106062808,0.9271823867838382,0.9677250630368888,4520.732278125013,4522.703543730867,7133,8544,0.8348548689138576
dynamic,MOI,15,Middle,301,500,0.9747104357324237,0.9807967789535035,0.9513718820704415,6016.218625044123,6019.199583712554,10036,12000,0.8363333333333334
dynamic,MOI,15,Late,701,1000,0.975640849550947,0.982138040675548,0.9282807348200819,7288.514232029357,7292.092784835935,12887,15456,0.833786231884058
dynamic,MOI,16,Early,1,100,0.8442192655481039,0.9406127562153026,0.9278843128007085,4189.839058398854,4191.688156270507,7131,8544,0.8346207865168539
dynamic,MOI,16,Middle,301,500,0.9772599657322457,0.9831401056800364,0.9181734894634094,5619.949892926545,5622.649494227722,10012,12000,0.8343333333333334
dynamic,MOI,16,Late,701,1000,0.9779228784050334,0.9832826070304217,0.9094366229469405,7046.811576487886,7049.837994361784,12931,15456,0.8366330227743272
dynamic,PASI,16,Early,1,100,0.844038921206931,0.9420976218766204,0.830079399765406,3631.089901360399,3631.089901360399,7131,8544,0.8346207865168539
dynamic,PASI,16,Middle,301,500,0.9772821174542817,0.9845183963761652,0.7970879476672456,4726.888068654627,4726.888068654627,10012,12000,0.8343333333333334
dynamic,PASI,16,Late,701,1000,0.9777452099551005,0.9846876725772512,0.7841459670668893,5897.49792512268,5897.49792512268,12931,15456,0.8366330227743272
dynamic,MOI,17,Early,1,100,0.8282581406868228,0.9267326926472457,0.9888768681507716,4682.332380211303,4684.499099654025,7110,8544,0.8321629213483146
dynamic,MOI,17,Middle,301,500,0.97491792784337,0.9811322750918091,0.9778188171487174,6339.606370239568,6342.864378324207,10067,12000,0.8389166666666666
dynamic,MOI,17,Late,701,1000,0.9755128051522183,0.9816081809011409,0.9472103281015405,7587.334862708774,7591.022179913018,12868,15456,0.8325569358178054
dynamic,PASI,17,Early,1,100,0.827878557924518,0.9271680097602752,0.8953749234952231,4112.7742545051315,4112.7742545051315,7110,8544,0.8321629213483146
dynamic,PASI,17,Middle,301,500,0.9744944019510132,0.983552474670558,0.8577950793180593,5401.658880007466,5401.658880007466,10067,12000,0.8389166666666666
dynamic,PASI,17,Late,701,1000,0.9755035454652959,0.9835461390467597,0.820417693924857,6396.102122024684,6396.102122024684,12868,15456,0.8325569358178054
dynamic,MOI,18,Early,1,100,0.8301444092113938,0.9275897475506363,0.9840543566696737,4737.60860210354,4739.726793143859,7132,8544,0.8347378277153558
dynamic,MOI,18,Middle,301,500,0.9753894388320835,0.9808863321591618,0.9662714831270269,6265.092068665516,6268.268195339183,9999,12000,0.83325
dynamic,MOI,18,Late,701,1000,0.9770808833284168,0.9822169687957419,0.9739365325454966,8084.178541138712,8088.113490475556,12949,15456,0.8377976190476191
dynamic,PASI,18,Early,1,100,0.829944081972871,0.9274667313659943,0.8962489177338264,4217.284173706377,4217.284173706377,7132,8544,0.8347378277153558
dynamic,PASI,18,Middle,301,500,0.975257362451303,0.9825492403867696,0.8522993553043455,5399.292988642024,5399.292988642024,9999,12000,0.83325
dynamic,PASI,18,Late,701,1000,0.9774624450775256,0.9840955459281239,0.8530596536066763,6917.584509572534,6917.584509572534,12949,15456,0.8377976190476191
dynamic,MOI,19,Early,1,100,0.8356687278890592,0.9325564848930599,0.948794144969115,4376.683702475289,4378.165783694381,7116,8544,0.8328651685393258
dynamic,MOI,19,Middle,301,500,0.9758957701416148,0.9819136782836678,0.9458980973263074,5998.6458854568145,6000.938464069917,10129,12000,0.8440833333333333
dynamic,MOI,19,Late,701,1000,0.9761229628787149,0.9818921392667845,0.9324062193386269,7283.097673386154,7285.626073972082,12783,15456,0.8270574534161491
dynamic,PASI,19,Early,1,100,0.8355362167284373,0.9327338601139725,0.8594394244122632,3855.464503055975,3855.464503055975,7116,8544,0.8328651685393258
dynamic,PASI,19,Middle,301,500,0.9757243745616757,0.9825180046496088,0.8294903630264431,5090.353570542235,5090.353570542235,10129,12000,0.8440833333333333
dynamic,PASI,19,Late,701,1000,0.9762090966831151,0.9828774021740192,0.8087852169086767,6110.0863925495105,6110.0863925495105,12783,15456,0.8270574534161491
dynamic,MOI,20,Early,1,100,0.8305367403692174,0.9286617801483543,0.9644121227909275,4316.443801594486,4318.341652172027,7108,8544,0.8319288389513109
dynamic,MOI,20,Middle,301,500,0.9753533039454986,0.9806951642048068,0.94117081202485,5725.069134643974,5727.527183515165,10021,12000,0.8350833333333333
dynamic,MOI,20,Late,701,1000,0.9763824376559468,0.9812462550918417,0.9366369728799759,7224.438655854656,7227.487407767066,12950,15456,0.8378623188405797
dynamic,PASI,20,Early,1,100,0.8304434164782433,0.9270104926682332,0.8706578389982733,3786.132053564075,3786.132053564075,7108,8544,0.8319288389513109
dynamic,PASI,20,Middle,301,500,0.9753653024428789,0.9827357364062757,0.8195807485826194,4837.289909260386,4837.289909260386,10021,12000,0.8350833333333333
dynamic,PASI,20,Late,701,1000,0.9767166233531914,0.9830648827063386,0.8073958649636882,6054.499126635956,6054.499126635956,12950,15456,0.8378623188405797
dynamic,MOI,21,Early,1,100,0.8346699125178744,0.9351138173188906,1.0050217100237202,4729.501798833989,4731.402736417712,7072,8544,0.8277153558052435
dynamic,MOI,21,Middle,301,500,0.9763990354902006,0.9823757826423094,0.9916861904697287,6346.591159028476,6349.652208746872,9944,12000,0.8286666666666667
dynamic,MOI,21,Late,701,1000,0.9768843438106465,0.982499688709457,0.9708292073785797,7883.185264117023,7886.935565230646,12943,15456,0.8374094202898551
dynamic,PASI,21,Early,1,100,0.8347037018005733,0.9344517165754355,0.9107860993148422,4157.19041685054,4157.19041685054,7072,8544,0.8277153558052435
dynamic,PASI,21,Middle,301,500,0.9762417953172875,0.9833460683169931,0.8665958333053908,5373.869546086507,5373.869546086507,9944,12000,0.8286666666666667
dynamic,PASI,21,Late,701,1000,0.9771837357279949,0.983145504997663,0.8386323658896786,6606.011058910259,6606.011058910259,12943,15456,0.8374094202898551
dynamic,MOI,22,Early,1,100,0.8272396301641286,0.9238528786949203,1.0127180146748203,4573.897862822221,4575.917364926842,7088,8544,0.8295880149812734
dynamic,MOI,22,Middle,301,500,0.9748611843993993,0.9819971205826287,0.9837718836193121,6043.521398819924,6046.305039740525,9991,12000,0.8325833333333333
dynamic,MOI,22,Late,701,1000,0.9762795944336778,0.9821945995956906,0.98094073510148,7705.187477886247,7708.759438529768,12922,15456,0.8360507246376812
dynamic,PASI,22,Early,1,100,0.8267774337016842,0.9229609333868781,0.9173639971482486,4043.1441248303354,4043.1441248303354,7088,8544,0.8295880149812734
dynamic,PASI,22,Middle,301,500,0.9743727843557322,0.9834713914773395,0.8672333303170068,5196.185155028526,5196.185155028526,9991,12000,0.8325833333333333
dynamic,PASI,22,Late,701,1000,0.9758417220963398,0.9837395365742121,0.8623497567525331,6616.884480091654,6616.884480091654,12922,15456,0.8360507246376812
dynamic,MOI,23,Early,1,100,0.834676231478883,0.9314251941957885,1.0081473057446355,4787.072799075392,4789.347255268763,7110,8544,0.8321629213483146
dynamic,MOI,23,Middle,301,500,0.9753665708254025,0.9819235448203623,0.9764316594765055,6232.706689576731,6236.078857320714,10002,12000,0.8335
dynamic,MOI,23,Late,701,1000,0.9766154118599599,0.9822205858973,0.9832148866324766,8065.3646182766615,8069.557660726328,13004,15456,0.8413561076604554
dynamic,PASI,23,Early,1,100,0.8343197783972406,0.9315014866525364,0.9167764925553643,4228.975183160026,4228.975183160026,7110,8544,0.8321629213483146
dynamic,PASI,23,Middle,301,500,0.9748550151992067,0.984019836410865,0.8610120383475912,5337.151816430805,5337.151816430805,10002,12000,0.8335
dynamic,PASI,23,Late,701,1000,0.9763989937883335,0.9843480484638617,0.8613209181282359,6885.944315515973,6885.944315515973,13004,15456,0.8413561076604554
dynamic,MOI,24,Early,1,100,0.8373096671341427,0.9377721759419274,0.977391079869577,4433.569617737455,4435.723623154994,7029,8544,0.8226825842696629
dynamic,MOI,24,Middle,301,500,0.9780402484318907,0.9836180141721201,0.9445395240224287,5930.23239126752,5933.423950219607,10023,12000,0.83525
dynamic,MOI,24,Late,701,1000,0.9791116844214808,0.98374764592149,0.9495652994801336,7604.709665888978,7608.834661660741,12932,15456,0.8366977225672878
dynamic,PASI,24,Early,1,100,0.8366137999994632,0.9379753080429318,0.875485088910048,3850.396453571093,3850.396453571093,7029,8544,0.8226825842696629
dynamic,PASI,24,Middle,301,500,0.9774085541727858,0.9846055955172411,0.8149188345537316,4952.392626050727,4952.392626050727,10023,12000,0.83525
dynamic,PASI,24,Late,701,1000,0.9785774852037817,0.9846990238970825,0.8139112832287756,6305.597966502195,6305.597966502195,12932,15456,0.8366977225672878
dynamic,MOI,25,Early,1,100,0.8369868914785782,0.9366435678564612,0.9975272206276027,4460.824243813883,4462.971019962174,7019,8544,0.8215121722846442
dynamic,MOI,25,Middle,301,500,0.9784759752624312,0.9831171359152953,0.9882718315344661,6031.586248701769,6034.787523456997,9936,12000,0.828
dynamic,MOI,25,Late,701,1000,0.9788480416024806,0.9833631006279732,0.9868164708383078,7685.280185289829,7689.361744415126,12903,15456,0.8348214285714286
dynamic,PASI,25,Early,1,100,0.8364506161088513,0.9356324373178311,0.8927522528449695,3853.737104639206,3853.737104639206,7019,8544,0.8215121722846442
dynamic,PASI,25,Middle,301,500,0.9781613265166591,0.9852275104153261,0.8537508279752622,5019.802479453656,5019.802479453656,9936,12000,0.828
dynamic,PASI,25,Late,701,1000,0.9787056610620153,0.9855642568510969,0.8456601506298158,6354.591562286833,6354.591562286833,12903,15456,0.8348214285714286
dynamic,MOI,26,Early,1,100,0.8267516670627703,0.9256405490167119,1.000048834720494,4712.519333329236,4714.507078801767,7047,8544,0.8247893258426966
dynamic,MOI,26,Middle,301,500,0.9746026059128288,0.9772233197127782,1.0113362875311278,6532.4655268767,6535.6557292192265,10036,12000,0.8363333333333334
dynamic,MOI,26,Late,701,1000,0.97398053172715,0.977629926079784,1.0082159849229075,8201.32016069392,8205.254789676566,12918,15456,0.8357919254658385
dynamic,PASI,26,Early,1,100,0.8263170944035124,0.9233874155323288,0.9038774598756006,4130.740713028632,4130.740713028632,7047,8544,0.8247893258426966
dynamic,PASI,26,Middle,301,500,0.9745572822854264,0.9803716754664321,0.883120640206056,5529.594034738304,5529.594034738304,10036,12000,0.8363333333333334
dynamic,PASI,26,Late,701,1000,0.9747203808900577,0.9803179999938477,0.871123494508203,6896.602310350554,6896.602310350554,12918,15456,0.8357919254658385
dynamic,MOI,27,Early,1,100,0.8268329210296345,0.9224752381614898,1.0014659798691583,4745.577603857142,4747.378280953133,7114,8544,0.8326310861423221
dynamic,MOI,27,Middle,301,500,0.9740301545530503,0.979257262526646,0.9700313233347224,6208.932217048556,6211.392773030305,9982,12000,0.8318333333333333
dynamic,MOI,27,Late,701,1000,0.9754191723323967,0.9806164166125246,0.9627903732731924,7906.348347389692,7909.610748264183,12982,15456,0.839932712215321
dynamic,PASI,27,Early,1,100,0.8265300937067701,0.922684600400261,0.9029286852017752,4164.669930860479,4164.669930860479,7114,8544,0.8326310861423221
dynamic,PASI,27,Middle,301,500,0.9736634878375101,0.9812512500181038,0.8458536611190078,5266.122946918505,5266.122946918505,9982,12000,0.8318333333333333
dynamic,PASI,27,Late,701,1000,0.9751906203182028,0.9818838223402413,0.8333585140024159,6681.27630879212,6681.27630879212,12982,15456,0.839932712215321
dynamic,MOI,28,Early,1,100,0.8341814857838011,0.9317524928822001,0.9830548869633607,4707.763061562617,4709.974439903219,7083,8544,0.829002808988764
dynamic,MOI,28,Middle,301,500,0.9756583132271721,0.9805209855710213,0.9504916678059839,6107.903931847294,6111.216077826497,9948,12000,0.829
dynamic,MOI,28,Late,701,1000,0.9765508721747347,0.9813823814946199,0.9494035307198765,7840.227854303535,7844.364050736668,13000,15456,0.8410973084886129
dynamic,PASI,28,Early,1,100,0.8336919566721782,0.9317135746649842,0.8945664044063473,4169.718150266559,4169.718150266559,7083,8544,0.829002808988764
dynamic,PASI,28,Middle,301,500,0.9752960488368337,0.9821964715585518,0.8346791299113749,5215.837329788292,5215.837329788292,9948,12000,0.829
dynamic,PASI,28,Late,701,1000,0.976632402454691,0.9831259149948736,0.8279441265443924,6640.193428656308,6640.193428656308,13000,15456,0.8410973084886129
dynamic,MOI,29,Early,1,100,0.8334892313310671,0.9298236689466353,0.9741453690682578,4153.676622564507,4155.512461746511,7091,8544,0.829939138576779
dynamic,MOI,29,Middle,301,500,0.9751096457616518,0.9804325483013114,0.9524277920909825,5589.749947227372,5592.1705709121015,10017,12000,0.83475
dynamic,MOI,29,Late,701,1000,0.9759817680741635,0.9805988543937163,0.9376383977678966,6997.593650868104,7000.621970200178,12935,15456,0.8368918219461697
dynamic,PASI,29,Early,1,100,0.8333317014950731,0.9328584126746524,0.8636080085985203,3567.333209967123,3567.333209967123,7091,8544,0.829939138576779
dynamic,PASI,29,Middle,301,500,0.9748893105837081,0.9816449730304756,0.8127446048955326,4632.428153121167,4632.428153121167,10017,12000,0.83475
dynamic,PASI,29,Late,701,1000,0.9757272245559878,0.9818667447022735,0.7942441297398607,5773.796830706049,5773.796830706049,12935,15456,0.8368918219461697
dynamic,MOI,30,Early,1,100,0.834093102244269,0.9334952421392338,1.0312071981337723,4997.219723616754,4998.87289588705,7091,8544,0.829939138576779
dynamic,MOI,30,Middle,301,500,0.9753655616364126,0.979902677233049,0.9911901425189872,6467.215205199551,6469.868411394995,10059,12000,0.83825
dynamic,MOI,30,Late,701,1000,0.9759618448766533,0.9807727112613176,0.9928233217015493,8144.352063028473,8147.6754421197975,12979,15456,0.8397386128364389
dynamic,PASI,30,Early,1,100,0.8340558569889139,0.9312927802790846,0.9382581536478815,4411.251600406386,4411.251600406386,7091,8544,0.829939138576779
dynamic,PASI,30,Middle,301,500,0.975011543904306,0.9816630132951389,0.8673339388497088,5496.814530712337,5496.814530712337,10059,12000,0.83825
dynamic,PASI,30,Late,701,1000,0.9761089161573725,0.9828193717758503,0.8600368507128113,6862.580466887557,6862.580466887557,12979,15456,0.8397386128364389
