dataset,workload,seed,tape_sha256,total_tasks,tasks_with_legal_candidate,comparable_tasks,excluded_lt_two_candidates,excluded_no_legal_candidate,candidate_bids,zero_reserve_bids,min_reserve_bid,max_reserve_bid,pasi_payment,qim_payment,csopt_payment,pasi_pps,qim_pps,csopt_pps,pasi_mean_quality,qim_mean_quality,csopt_mean_quality,qim_csopt_equivalent_slots,evaluated_slots,qim_csopt_max_abs_payment_gap,pasi_ir_violations,qim_ir_violations,csopt_ir_violations,pasi_qos_violations,qim_qos_violations,csopt_qos_violations,elapsed_seconds,pasi_minus_qim_pps,pasi_minus_csopt_pps
GeoLife,high,1,a7dad277f6249479e4e81655153501f477a310182e4f30ce83ad281c3fd751b7,3531,2231,428,1803,1300,939,282,0.0,0.2522802733758286,126.57273939088901,39.489550929256964,39.489550929256964,0.29573069951142295,0.09226530590947889,0.09226530590947889,0.8663266691150312,0.8663266691150312,0.8663266691150312,657,657,1.1102230246251565e-16,0,0,0,0,0,0,6.220321100001456,0.20346539360194404,0.20346539360194404
GeoLife,high,2,a2f11b8194e2ad0e6e493205924e9b55c582565f6e43e45024ff21385c5d73c9,3531,2270,408,1862,1261,892,421,0.0,0.2355483525240929,77.4727000724559,22.246774271136474,22.246774271136474,0.18988406880503894,0.054526407527295276,0.054526407527295276,0.8714403931163073,0.8714403931163073,0.8714403931163073,656,656,5.551115123125783e-17,0,0,0,0,0,0,6.168118500005221,0.13535766127774368,0.13535766127774368
GeoLife,high,3,f0df401a269ae19b66bb4135c7327a2f327f5239734ca19c3cce57c2e9b50bf0,3531,2207,427,1780,1324,950,220,0.0,0.28391229576501104,117.40064393192354,41.08555750960838,41.08555750960837,0.27494296002792395,0.09621910423795874,0.09621910423795871,0.8663747944832291,0.8663747944832291,0.8663747944832291,657,657,1.1102230246251565e-16,0,0,0,0,0,0,6.140243300003931,0.17872385578996522,0.17872385578996525
GeoLife,high,4,a209784a82235461a816c7134ffb660588961d86ce2db6b6b5dee4c542c999ab,3531,2227,414,1813,1304,905,391,0.0,0.2854524429243978,91.30375827619267,30.708526459902373,30.708526459902373,0.2205404789280016,0.07417518468575453,0.07417518468575453,0.8697189584312298,0.8697189584312298,0.8697189584312298,656,656,5.551115123125783e-17,0,0,0,0,0,0,6.205503299992415,0.1463652942422471,0.1463652942422471
GeoLife,high,5,880d598b4041477fb97c4b682aa83f1bcd8673d4970b00a1fae8626ede790f06,3531,2246,433,1813,1285,948,433,0.0,0.2849723543696273,92.05437833437207,30.354535473545425,30.354535473545425,0.21259671670755675,0.07010285328763377,0.07010285328763377,0.8657407693062625,0.8657407693062625,0.8657407693062625,655,655,5.551115123125783e-17,0,0,0,0,0,0,6.356459899994661,0.14249386341992298,0.14249386341992298
GeoLife,high,6,c19e86ac89e64eaa18f54dfcccda1060c5f51265423343ee4ce8a9f4a0c13789,3531,2261,414,1847,1270,908,399,0.0,0.2439992234805626,82.47559372983892,23.76886258183778,23.76886258183778,0.19921640997545634,0.057412711550332805,0.057412711550332805,0.8683844778761728,0.8683844778761728,0.8683844778761728,657,657,1.1102230246251565e-16,0,0,0,0,0,0,5.958568200003356,0.14180369842512353,0.14180369842512353
GeoLife,high,7,2f8043f70983d38448c547cf34a201c3bd656f04fac23d254d30d4e308a1fc2d,3531,2223,433,1790,1308,939,442,0.0,0.23707954752700594,80.6584444237367,20.507294562786633,20.507294562786633,0.18627816264142424,0.04736095741983056,0.04736095741983056,0.865866208900624,0.8658662089006239,0.865866208900624,656,656,5.551115123125783e-17,0,0,0,0,0,0,5.971729900003993,0.13891720522159368,0.13891720522159368
GeoLife,high,8,b37b79c46500ef06f4162091d6996dfb3f4c5ff5eead317d150afcb098b4d34d,3531,2271,428,1843,1260,936,441,0.0,0.2488294670020185,88.71437879751457,25.879429670767106,25.879429670767106,0.20727658597550133,0.0604659571746895,0.0604659571746895,0.8708005638923975,0.8708005638923975,0.8708005638923975,658,658,1.1102230246251565e-16,0,0,0,0,0,0,5.96023630000127,0.14681062880081183,0.14681062880081183
GeoLife,high,9,97db528a3bee8345de14e853f62b038534949ca6be6c71bf7c58bcbda17dddbc,3531,2235,439,1796,1296,967,377,0.0,0.27944760533420815,128.23925491989334,33.155202682615396,33.155202682615396,0.29211675380385727,0.07552437968705102,0.07552437968705102,0.8673182335948684,0.8673182335948684,0.8673182335948684,658,658,1.1102230246251565e-16,0,0,0,0,0,0,6.183614800000214,0.21659237411680626,0.21659237411680626
GeoLife,high,10,70541e93ef4f61448095ce630f8a78f297f4d307b8e4d7d2ff3a4ab6e6e6b4d1,3531,2252,410,1842,1279,894,283,0.0,0.2375296590568042,94.8357307840212,29.624390005385408,29.624390005385408,0.2313066604488322,0.0722546097692327,0.0722546097692327,0.8648176670814461,0.8648176670814461,0.8648176670814461,655,655,1.1102230246251565e-16,0,0,0,0,0,0,5.891023299991502,0.1590520506795995,0.1590520506795995
GeoLife,high,11,247be4008302f774b4fe846ad3ae49a7cf88c8ed9b551b96fe75ee1b659abcde,3531,2211,426,1785,1320,933,356,0.0,0.273010770332258,98.07928584470183,26.5833411467467,26.5833411467467,0.23023306536314983,0.06240220926466362,0.06240220926466362,0.8699940382774092,0.8699940382774092,0.8699940382774092,656,656,5.551115123125783e-17,0,0,0,0,0,0,6.082528400002047,0.16783085609848622,0.16783085609848622
GeoLife,high,12,74675b61798ecbafe31f02a652a8c6e15c1959dfe61c37f16ce253d2e41433fa,3531,2247,442,1805,1284,971,316,0.0,0.2492734656222176,112.11932721731492,35.291833750067156,35.291833750067156,0.25366363623826904,0.07984577771508407,0.07984577771508407,0.8631199061961825,0.8631199061961824,0.8631199061961825,657,657,2.220446049250313e-16,0,0,0,0,0,0,5.9335479000001214,0.173817858523185,0.173817858523185
GeoLife,high,13,c43dac40c0280a23e9b8f1840ec6f7d0e090ac760d063ffe705118f2c40dbb96,3531,2249,422,1827,1282,913,304,0.0,0.2672434734681971,112.20501363215962,41.82672997258847,41.826729972588474,0.2658886578961128,0.09911547386869304,0.09911547386869307,0.8648542967688133,0.8648542967688133,0.8648542967688133,655,655,5.551115123125783e-17,0,0,0,0,0,0,6.034204800002044,0.16677318402741978,0.16677318402741975
GeoLife,high,14,133aa488edd4e40f21df78abc37113f715fb6d84a16a25a4327ff72ca1d264be,3531,2234,425,1809,1297,938,387,0.0,0.22649353994747254,84.55711967333676,26.648436386622734,26.648436386622734,0.19895792864314532,0.06270220326264173,0.06270220326264173,0.8661211978831369,0.8661211978831369,0.8661211978831369,655,655,5.551115123125783e-17,0,0,0,0,0,0,6.158617799999774,0.1362557253805036,0.1362557253805036
GeoLife,high,15,11b51c9c88a1020cedcfdf625ad8731eb95b38ed056c554b21eb84ce0c6725ae,3531,2243,407,1836,1288,894,237,0.0,0.2775417702927722,112.17318784934272,32.59498045954548,32.59498045954548,0.27560979815563325,0.08008594707505033,0.08008594707505033,0.8662082464271785,0.8662082464271785,0.8662082464271785,657,657,1.1102230246251565e-16,0,0,0,0,0,0,5.942213399990578,0.1955238510805829,0.1955238510805829
GeoLife,high,16,063f229c8852d8a1e480505e0d1733f75fb584fb7bb9223d68d02ed505b4c2a5,3531,2259,414,1845,1272,911,236,0.0,0.23900458479321313,122.05781077260221,36.11412947808711,36.11412947808711,0.2948256298855126,0.0872321968069737,0.0872321968069737,0.8663559073591847,0.8663559073591847,0.8663559073591847,657,657,1.1102230246251565e-16,0,0,0,0,0,0,5.840778500001761,0.2075934330785389,0.2075934330785389
GeoLife,high,17,6af2e2becab63f0a8068b63ee2ca999d5ee648a1059063bdcc8e45fe88c9106e,3531,2245,452,1793,1286,985,369,0.0,0.2881176184462379,104.95556441226397,35.87081054840773,35.87081054840773,0.23220257613332737,0.07936020032833568,0.07936020032833568,0.869868183266129,0.869868183266129,0.869868183266129,657,657,1.1102230246251565e-16,0,0,0,0,0,0,6.318281599989859,0.1528423758049917,0.1528423758049917
GeoLife,high,18,703c12fcd57fde3254ed5be6052bb3446af2a3ce40b8f8f6dfadb029c9931123,3531,2274,437,1837,1257,949,415,0.0,0.2507408673858302,90.71733894784873,25.62187959082902,25.621879590829025,0.2075911646403861,0.05863130341150806,0.058631303411508066,0.8675268744369254,0.8675268744369254,0.8675268744369254,658,658,1.1102230246251565e-16,0,0,0,0,0,0,6.131188400002429,0.14895986122887805,0.14895986122887803
GeoLife,high,19,64e5c38fd862bf602beea22d4167bda2529a1aa0de7a32aaf30a1854520b0acf,3531,2259,409,1850,1272,904,344,0.0,0.22202161362427222,91.38771229494053,25.246305276170723,25.246305276170723,0.22344183935193282,0.06172690776569859,0.06172690776569859,0.8652454474357985,0.8652454474357986,0.8652454474357985,655,655,5.551115123125783e-17,0,0,0,0,0,0,5.84422959999938,0.16171493158623423,0.16171493158623423
GeoLife,high,20,a1c8f56df926bb05e11ccf9439e227611493f4f29065ce000c3922efe342b93e,3531,2237,414,1823,1294,902,307,0.0,0.27075490983728356,97.57981161125417,31.229118015680687,31.22911801568069,0.23570002804650766,0.0754326522117891,0.0754326522117891,0.8738130678671715,0.8738130678671715,0.8738130678671715,657,657,1.1102230246251565e-16,0,0,0,0,0,0,6.027153399991221,0.16026737583471856,0.16026737583471856
GeoLife,high,21,7c2e0441307c276453b98d4a21ea95df1607f8ca9cfcb1e4850feb5f83c6696f,3531,2248,413,1835,1283,908,394,0.0,0.24230380417767375,80.55020294059433,23.759371806456226,23.759371806456226,0.19503681099417514,0.05752874529408287,0.05752874529408287,0.8673955438075042,0.8673955438075042,0.8673955438075042,658,658,1.1102230246251565e-16,0,0,0,0,0,0,5.943527000010363,0.13750806570009227,0.13750806570009227
GeoLife,high,22,ee76ad9489485a1d22ce69622e4a9c55e08ea5613f55205d948d5d998cade554,3531,2245,423,1822,1286,929,412,0.0,0.2558143083524189,86.17244896099433,28.355394520068536,28.355394520068536,0.20371737343024665,0.06703402959827078,0.06703402959827078,0.865986617184904,0.865986617184904,0.865986617184904,657,657,5.551115123125783e-17,0,0,0,0,0,0,6.058243300009053,0.1366833438319759,0.1366833438319759
GeoLife,high,23,2c777062644121dd9f9a39a232e1f4c7f725a893f159a19d6a1a5a5f642aeeb9,3531,2226,421,1805,1305,933,302,0.0,0.2712715541513652,102.09626999360847,34.98171964023804,34.98171964023804,0.2425089548541769,0.08309197064189558,0.08309197064189558,0.8637358878785547,0.8637358878785547,0.8637358878785547,657,657,5.551115123125783e-17,0,0,0,0,0,0,6.009196300001349,0.15941698421228132,0.15941698421228132
GeoLife,high,24,dd21e3fc71aa5c53fa447160701e3775dc4da283cb02c058c09fdf54cbe18f82,3531,2220,424,1796,1311,915,384,0.0,0.2634347051811313,97.00097621235679,27.523470823750937,27.523470823750937,0.22877588729329432,0.06491384628243145,0.06491384628243145,0.8629440827740732,0.8629440827740732,0.8629440827740732,658,658,5.551115123125783e-17,0,0,0,0,0,0,5.985184399993159,0.16386204101086288,0.16386204101086288
GeoLife,high,25,56b3bb0c4d1e8916a5cbb44aff913c7e3f369242122c67d7aced7b8f076d8d25,3531,2242,421,1821,1289,919,259,0.0,0.2873954409581767,106.01045523770657,37.04800618536984,37.04800618536984,0.25180630697792533,0.08800001469208989,0.08800001469208989,0.8663408608477837,0.8663408608477837,0.8663408608477837,656,656,1.1102230246251565e-16,0,0,0,0,0,0,5.999070299993036,0.16380629228583543,0.16380629228583543
GeoLife,high,26,d1b96a4a97c33e76fe62ce5662b0327f27a68dd98e576e940cfa6bdf806105b1,3531,2239,407,1832,1292,893,351,0.0,0.2155623945857605,107.42586260099367,25.292060180566317,25.292060180566313,0.2639456083562498,0.06214265400630545,0.06214265400630544,0.8670025278165424,0.8670025278165424,0.8670025278165424,656,656,5.551115123125783e-17,0,0,0,0,0,0,6.149799599996186,0.20180295434994436,0.20180295434994436
GeoLife,high,27,3b3d99906b6526aac649e604e7f36bca977e440a3a8018363ac20030ba0065d5,3531,2242,395,1847,1289,867,306,0.0,0.27614378785033455,83.12647349895494,30.819267318729025,30.819267318729025,0.21044676835178466,0.0780234615664026,0.0780234615664026,0.8656505484142445,0.8656505484142445,0.8656505484142444,658,658,2.220446049250313e-16,0,0,0,0,0,0,5.932124200000544,0.13242330678538206,0.13242330678538206
GeoLife,high,28,3d4ba647fcbf308d1a5d1ceaa499abbecad7b2e41451ce0312cf94a94216a2d0,3531,2239,409,1830,1292,901,194,0.0,0.22827324262695087,118.6734730000602,35.02529696233053,35.02529696233053,0.29015519070919366,0.08563642289078369,0.08563642289078369,0.8637362543280752,0.8637362543280752,0.8637362543280752,658,658,1.1102230246251565e-16,0,0,0,0,0,0,5.8653713000094285,0.20451876781840997,0.20451876781840997
GeoLife,high,29,99141437131b5c511330a01ae9ff86118b59ba628408f1ac94038e94dea6db7c,3531,2211,404,1807,1320,894,373,0.0,0.24396899225511354,83.26424108727619,26.961727814609482,26.961727814609482,0.20609960665167373,0.06673695003616209,0.06673695003616209,0.8670282085483494,0.8670282085483494,0.8670282085483494,658,658,1.1102230246251565e-16,0,0,0,0,0,0,5.911418799994863,0.13936265661551164,0.13936265661551164
GeoLife,high,30,734a58651ea48003e6691b77550a85091b3223e64dfcf0b2555ff4ad7ac2f0e2,3531,2244,425,1819,1287,933,410,0.0,0.2824160971852422,84.6296019661647,27.551218827865256,27.551218827865256,0.19912847521450516,0.0648263972420359,0.0648263972420359,0.8621998276243077,0.8621998276243077,0.8621998276243077,658,658,1.1102230246251565e-16,0,0,0,0,0,0,5.986676000000443,0.13430207797246926,0.13430207797246926
GeoLife,low,1,cd1762d59730e55300810d0ccb73a4b08d85a258c4c13d2569576c5dc46c766c,1206,991,409,582,215,1060,296,0.0,0.2573884416249354,115.6322650481017,35.678664246773096,35.678664246773096,0.28271947444523643,0.08723389791387065,0.08723389791387065,0.8653391367687605,0.8653391367687605,0.8653391367687605,615,615,5.551115123125783e-17,0,0,0,0,0,0,5.795186200004537,0.19548557653136578,0.19548557653136578
GeoLife,low,2,b17c4fb8e05eba7241d0ccc507aa2cf7263864ffc5d4cc6e3b574d127a96036d,1206,1024,404,620,182,1054,384,0.0,0.24713593982497153,77.15383684433965,23.06592595265333,23.06592595265333,0.19097484367410805,0.05709387612042904,0.05709387612042904,0.8672859200471741,0.8672859200471741,0.8672859200471741,626,626,5.551115123125783e-17,0,0,0,0,0,0,5.521531200007303,0.133880967553679,0.133880967553679
GeoLife,low,3,28dd5f4b0a539293d3bc1ada49b15c1e5e74e3b6c65f3336164e0b19f318ee04,1206,1006,401,605,200,1026,206,0.0,0.29179798166932186,107.22342314309195,35.33223337514956,35.33223337514956,0.26739008265110215,0.08811030766870215,0.08811030766870215,0.8708400808997401,0.8708400808997401,0.8708400808997401,620,620,5.551115123125783e-17,0,0,0,0,0,0,5.651079799994477,0.1792797749824,0.1792797749824
GeoLife,low,4,545794e49afca7ea51e12a0708c99bbfd5cdba61a93d7d2e4ed93d0b722c8dec,1206,1018,388,630,188,1013,330,0.0,0.26144994644764735,84.6414314995132,26.76731359134333,26.76731359134333,0.21814801932864228,0.06898792162717353,0.06898792162717353,0.8674854716037773,0.8674854716037773,0.8674854716037773,630,630,1.6653345369377348e-16,0,0,0,0,0,0,5.704768199997488,0.14916009770146876,0.14916009770146876
GeoLife,low,5,604a04c800c5c71bf8a8637b2dc93a8236f0150daea838174615053c6f6d7b77,1206,1007,370,637,199,983,418,0.0,0.29107795369811207,75.0491575600351,24.490228838572556,24.490228838572556,0.20283556097306785,0.06618980767181772,0.06618980767181772,0.8659709648829955,0.8659709648829955,0.8659709648829955,624,624,5.551115123125783e-17,0,0,0,0,0,0,5.723782100001699,0.13664575330125012,0.13664575330125012
GeoLife,low,6,83528e369cf0e7e77a70a69947b75b3287e42086bae7956ce5a49eca8c5743b0,1206,1009,371,638,197,989,319,0.0,0.2450141501456487,71.23999634290769,21.440682451249778,21.440682451249778,0.1920215534849264,0.057791596903638214,0.057791596903638214,0.8647651957809126,0.8647651957809126,0.8647651957809126,617,617,1.1102230246251565e-16,0,0,0,0,0,0,5.7200175000034506,0.13422995658128817,0.13422995658128817
GeoLife,low,7,bc9b98a93f2900e5a2de2ec9a5106408d5eb61679e7a9000ab0b3bb7ffefae84,1206,996,387,609,210,1021,365,0.0,0.21836739425999835,73.61577508412418,20.803542758593885,20.803542758593885,0.19022164104424852,0.05375592444081107,0.05375592444081107,0.8695643973064012,0.8695643973064012,0.8695643973064012,612,612,5.551115123125783e-17,0,0,0,0,0,0,5.62043039999844,0.13646571660343745,0.13646571660343745
GeoLife,low,8,82a1539abcb36a4c9fb9c2814857c50ac831b3b868ab65d00e064aae1cd2bd1d,1206,1000,368,632,206,971,376,0.0,0.2484405592781467,71.1697684490596,23.01126050692035,23.01126050692035,0.19339610991592285,0.06253059920358792,0.06253059920358792,0.8701139742229694,0.8701139742229694,0.8701139742229694,624,624,5.551115123125783e-17,0,0,0,0,0,0,5.586925299998256,0.13086551071233493,0.13086551071233493
GeoLife,low,9,a2f80ec24228b97835bd36ae0dae61240ae86d8674a91d204fd0db00cc3c9848,1206,1014,395,619,192,1040,331,0.0,0.27444298479590173,105.20013152062617,28.45987040502921,28.459870405029207,0.2663294468876612,0.07205030482285876,0.07205030482285875,0.8653502018818687,0.8653502018818687,0.8653502018818687,614,614,1.1102230246251565e-16,0,0,0,0,0,0,5.775211899992428,0.19427914206480243,0.19427914206480246
GeoLife,low,10,cb9fb3133bed98c50e24a9a44a694cb1728e46c4f35b26b41f344b93af02acd2,1206,1026,411,615,180,1060,297,0.0,0.2550024583448466,89.88131879379716,25.6421382589004,25.6421382589004,0.21868934013089333,0.06238963080024428,0.06238963080024428,0.8666489784417712,0.8666489784417712,0.8666489784417712,622,622,1.1102230246251565e-16,0,0,0,0,0,0,5.8794118000078015,0.15629970933064904,0.15629970933064904
GeoLife,low,11,99e4413fa5c1fc445fcd70608cca1229ebb22e84135fae3c2610e2994382deb5,1206,1041,398,643,165,1046,297,0.0,0.27037568733575645,88.1061386808538,25.94730664420398,25.94730664420398,0.2213722077408387,0.06519423779950749,0.06519423779950749,0.8684788610739488,0.8684788610739488,0.8684788610739488,629,629,5.551115123125783e-17,0,0,0,0,0,0,5.707422100007534,0.1561779699413312,0.1561779699413312
GeoLife,low,12,f594da19da2cc119e5ef730084364d57f80c12ae3a0e6c2c5870c6afdd9a790f,1206,1007,374,633,199,974,276,0.0,0.25600965967360095,94.71168850886814,27.63934825103744,27.63934825103744,0.253239808847241,0.0739020006712231,0.0739020006712231,0.8748068494129357,0.8748068494129357,0.8748068494129357,618,618,5.551115123125783e-17,0,0,0,0,0,0,5.647908200000529,0.1793378081760179,0.1793378081760179
GeoLife,low,13,13d5582e91634b17c4a027f650eb4f6dc6980155cdcde2ccaf7e43d4976695ee,1206,1011,412,599,195,1060,292,0.0,0.2587538632528591,106.8060436705091,34.44872846676145,34.44872846676145,0.2592379700740512,0.0836134186086443,0.0836134186086443,0.8689410644377441,0.8689410644377441,0.8689410644377441,617,617,5.551115123125783e-17,0,0,0,0,0,0,5.623497299995506,0.1756245514654069,0.1756245514654069
GeoLife,low,14,e560cdfb0bcb7352263734bace3af75176555f69b8fc3fa94466222e683f4359,1206,1012,391,621,194,1007,330,0.0,0.21569966169090996,76.90024404524713,24.31067325400796,24.31067325400796,0.19667581597249906,0.06217563492073647,0.06217563492073647,0.869882423623038,0.869882423623038,0.869882423623038,625,625,5.551115123125783e-17,0,0,0,0,0,0,5.528216699996847,0.1345001810517626,0.1345001810517626
GeoLife,low,15,b48729805fabb2002e544942775c29eca217c949d731574f8fa9132cbdd64fd7,1206,996,409,587,210,1039,254,0.0,0.24981935241133818,110.91507268744087,33.804143105594044,33.804143105594044,0.27118599679080896,0.08265071663959424,0.08265071663959424,0.861162905226326,0.861162905226326,0.861162905226326,617,617,5.551115123125783e-17,0,0,0,0,0,0,5.786952599999495,0.18853528015121473,0.18853528015121473
GeoLife,low,16,353f947dc5db5a8c4987c42dd42d7d54d86a606df1f3e5d55748b965d626bcbc,1206,1014,410,604,192,1064,246,0.0,0.253458196647351,106.99733805991812,35.35885856742787,35.35885856742787,0.2609691172193125,0.08624111845714115,0.08624111845714115,0.8636012902118728,0.8636012902118728,0.8636012902118728,626,626,1.1102230246251565e-16,0,0,0,0,0,0,5.948655699990923,0.17472799876217132,0.17472799876217132
GeoLife,low,17,38063391498456fb255def64b40301e2322f88e992e8f6af91e8be82c8109874,1206,1000,409,591,206,1050,296,0.0,0.2878275747564718,94.5039491213181,32.030256831827955,32.030256831827955,0.23106100029662127,0.07831358638588742,0.07831358638588742,0.8648234694434703,0.8648234694434703,0.8648234694434703,615,615,1.1102230246251565e-16,0,0,0,0,0,0,5.932596900005592,0.15274741391073385,0.15274741391073385
GeoLife,low,18,d7bfa219de60e852540c105618b4f7e19a6a794d624d11da8f502a5fc3e84a9a,1206,1002,388,614,204,1012,328,0.0,0.27209938398207556,81.90044383098372,25.42375832563767,25.42375832563767,0.21108361812109205,0.06552515032380843,0.06552515032380843,0.8665690369220571,0.8665690369220571,0.8665690369220571,623,623,5.551115123125783e-17,0,0,0,0,0,0,5.54198730000644,0.14555846779728362,0.14555846779728362
GeoLife,low,19,4fd9c7522013ca4f9de78e440528e587898c9a5d28bfdaeec88591b902f090be,1206,1018,407,611,188,1063,334,0.0,0.23381558674722086,89.74509543527716,24.92708145134462,24.92708145134462,0.22050391998839597,0.0612459003718541,0.0612459003718541,0.8649659860498856,0.8649659860498856,0.8649659860498856,630,630,5.551115123125783e-17,0,0,0,0,0,0,5.880156200000783,0.15925801961654187,0.15925801961654187
GeoLife,low,20,d5dab84083a90078aef0b0064e96b399fcef804abbf2bdc01fc04768bd3cae19,1206,991,383,608,215,992,260,0.0,0.27268917089796046,89.05995177010195,31.411092969711426,31.411092969711426,0.23253251114909124,0.08201329757104811,0.08201329757104811,0.869407975561069,0.869407975561069,0.869407975561069,606,606,5.551115123125783e-17,0,0,0,0,0,0,5.704755800004932,0.15051921357804313,0.15051921357804313
GeoLife,low,21,c03e0f12dbebf618cb89899cc9f5114704b5c267350ed3d6650a201ef32fb386,1206,1025,402,623,181,1046,377,0.0,0.24672500284630827,77.39375154101734,24.933840813128402,24.933840813128402,0.19252177000253068,0.062024479634647765,0.062024479634647765,0.8674726975241889,0.8674726975241889,0.8674726975241889,620,620,5.551115123125783e-17,0,0,0,0,0,0,5.942834400004358,0.1304972903678829,0.1304972903678829
GeoLife,low,22,90d03b4743872c0eeae73a38bfb438eda854ff24a0e17d2a748579ce0dfa198c,1206,1017,395,622,189,1016,369,0.0,0.25665876619087796,80.5499413762578,27.830969699570872,27.830969699570872,0.2039239022183742,0.07045815113815411,0.07045815113815411,0.8673889562054512,0.8673889562054512,0.8673889562054512,628,628,5.551115123125783e-17,0,0,0,0,0,0,5.573636200002511,0.13346575108022007,0.13346575108022007
GeoLife,low,23,c5722e948c855f57924f43d2fb7c59a999bf8e823874aae1e11f5a1484c486d4,1206,1014,390,624,192,1034,306,0.0,0.263898803447606,84.37468815462515,31.045000858063098,31.045000858063098,0.21634535424262857,0.07960256630272589,0.07960256630272589,0.8691844130501047,0.8691844130501047,0.8691844130501047,623,623,5.551115123125783e-17,0,0,0,0,0,0,5.788658999998006,0.1367427879399027,0.1367427879399027
GeoLife,low,24,4167f9ed5b7ff45ed945fc46933aead52b6701e6afdb2ca0e332ac911ca133ca,1206,998,384,614,208,999,331,0.0,0.2529039642338009,85.08966593441039,22.825910440439948,22.825910440439948,0.22158767170419372,0.059442475105312365,0.059442475105312365,0.8705472916519654,0.8705472916519654,0.8705472916519654,623,623,8.326672684688674e-17,0,0,0,0,0,0,5.687733700004173,0.16214519659888135,0.16214519659888135
GeoLife,low,25,5f8282e697708b774ca4a40e6f20b1b83c96ccad8565c8dfcbee99b94ece8fea,1206,1011,401,610,195,1013,251,0.0,0.28908170924403914,99.05767045046582,33.23604881736271,33.23604881736271,0.24702660960215916,0.08288291475651548,0.08288291475651548,0.8648339879079449,0.8648339879079449,0.8648339879079449,622,622,5.551115123125783e-17,0,0,0,0,0,0,5.773781100011547,0.16414369484564367,0.16414369484564367
GeoLife,low,26,affebaf632b520879729f513b3b20b3e8cedda5bb7498d8b06d875af34ae60dc,1206,1011,380,631,195,989,312,0.0,0.23515615687974564,92.69531893795383,22.509466065978053,22.509466065978053,0.2439350498367206,0.059235437015731716,0.059235437015731716,0.8645373949171059,0.8645373949171059,0.8645373949171059,626,626,5.551115123125783e-17,0,0,0,0,0,0,5.778565500004333,0.18469961282098887,0.18469961282098887
GeoLife,low,27,b3fb31bc09f13c938b2d8a732a03c9e8b41a38555e255bae81b37440f85502d9,1206,1000,404,596,206,993,340,0.0,0.2728804800568839,80.85214936507823,29.682613957912427,29.682613957912427,0.20012908258682732,0.07347181672750601,0.07347181672750601,0.8661322537440909,0.8661322537440909,0.8661322537440909,613,613,1.1102230246251565e-16,0,0,0,0,0,0,5.922246800007997,0.1266572658593213,0.1266572658593213
GeoLife,low,28,8e66052c5223fde78b648d9e1a97bfa9bec55c03152b98126b3c7b0f1eff2257,1206,1004,405,599,202,1055,172,0.0,0.2530586590748149,113.50525540529486,34.52682402334076,34.52682402334076,0.2802598898896169,0.08525141734158212,0.08525141734158212,0.8652365172452058,0.8652365172452058,0.8652365172452058,615,615,1.6653345369377348e-16,0,0,0,0,0,0,5.964327699999558,0.1950084725480348,0.1950084725480348
GeoLife,low,29,178485b6fd3f57639c5a66dccf9f27dfeb195c4c9f5cc15715a6e2768809fe1c,1206,1009,406,603,197,1054,376,0.0,0.28387577538355785,81.98294436805016,28.574187363215508,28.574187363215508,0.2019284344040644,0.07037977183058007,0.07037977183058007,0.868126060270991,0.868126060270991,0.868126060270991,626,626,1.6653345369377348e-16,0,0,0,0,0,0,5.81538489999366,0.13154866257348435,0.13154866257348435
GeoLife,low,30,f2d000e5d3b4a284eabbf826bcea7ccfa46feb09acc99a7290b05a77fd7c3c92,1206,1012,394,618,194,1013,367,0.0,0.290280992752412,78.84355656684643,23.8154695341805,23.8154695341805,0.20011054966204678,0.06044535414766625,0.06044535414766625,0.86782694794885,0.86782694794885,0.86782694794885,626,626,1.1102230246251565e-16,0,0,0,0,0,0,5.898191699991003,0.13966519551438053,0.13966519551438053
GeoLife,medium,1,d68535dfebf0accf3e142f7441e51fb90191ecc3e35f69606cf785b181ddc0df,2464,1730,476,1254,734,1094,335,0.0,0.25658407226823593,134.10776770331256,42.331246306928406,42.331246306928406,0.2817390077800684,0.08893118972043783,0.08893118972043783,0.8643765825789653,0.8643765825789653,0.8643765825789653,637,637,1.1102230246251565e-16,0,0,0,0,0,0,6.534832099991036,0.19280781805963054,0.19280781805963054
GeoLife,medium,2,ba8b4d58929746e360f8ff0432864b45ab68118131b9063d038bc90a9ce1d653,2464,1772,472,1300,692,1079,458,0.0,0.2615810742297905,94.72158512291892,28.347318082852595,28.347318082852595,0.20068132441296382,0.060057877294179225,0.060057877294179225,0.8673327358981991,0.8673327358981991,0.8673327358981991,643,643,5.551115123125783e-17,0,0,0,0,0,0,6.321694400001434,0.1406234471187846,0.1406234471187846
GeoLife,medium,3,bb85ee693b028f4c17b6aab755f41254dba6a356df3323c5a322bcd91865e453,2464,1790,472,1318,674,1095,199,0.0,0.29371471936402893,128.85344428401396,45.46176685104109,45.46176685104109,0.2729945853474872,0.09631730265051079,0.09631730265051079,0.8631323726359926,0.8631323726359925,0.8631323726359926,645,645,1.1102230246251565e-16,0,0,0,0,0,0,6.359616500005359,0.1766772826969764,0.1766772826969764
GeoLife,medium,4,36f6d739a5c063aa28dcfea5d489b8f6f02e76a61f73c5f5e55550b43074b257,2464,1805,466,1339,659,1069,403,0.0,0.29845630349259783,106.94437378907091,34.9934737688648,34.9934737688648,0.22949436435422943,0.07509329134949529,0.07509329134949529,0.8666699442367936,0.8666699442367936,0.8666699442367936,647,647,1.1102230246251565e-16,0,0,0,0,0,0,6.297430400009034,0.15440107300473416,0.15440107300473416
GeoLife,medium,5,44d7d5f39e82a6ea9f6181e11ee1b548f1ccc122975c5dd9d3cba3c83bf656a8,2464,1777,476,1301,687,1094,476,0.0,0.2894593181000357,97.88090484898703,36.12276311702627,36.12276311702627,0.2056321530440904,0.07588815780887871,0.07588815780887871,0.864438647104071,0.864438647104071,0.864438647104071,645,645,1.1102230246251565e-16,0,0,0,0,0,0,6.28426450000552,0.12974399523521168,0.12974399523521168
GeoLife,medium,6,9d99f14173a50befc44185d38a07c802c168b6db8fcc0bccabe4f9d99458705b,2464,1746,472,1274,718,1098,424,0.0,0.25948946059823047,97.11200866028919,27.815096324110222,27.815096324110222,0.20574578105993474,0.05893028882226742,0.05893028882226742,0.8655154569610103,0.8655154569610103,0.8655154569610103,635,635,1.6653345369377348e-16,0,0,0,0,0,0,6.281958699997631,0.14681549223766732,0.14681549223766732
GeoLife,medium,7,2ac0720f9b1319e5f443aaac89d9eb97dd411b30c38c209fda437a5a96d7588c,2464,1801,456,1345,663,1049,421,0.0,0.2105246902902525,88.65566201589849,26.364102157319522,26.364102157319522,0.19442031143837388,0.05781601350289369,0.05781601350289369,0.8613406847226187,0.8613406847226187,0.8613406847226187,647,647,5.551115123125783e-17,0,0,0,0,0,0,6.108073199997307,0.13660429793548018,0.13660429793548018
GeoLife,medium,8,5f132e3e444c8b92b255fc48d8702b8da70b71a98fff8ac80b642028f4226bac,2464,1803,468,1335,661,1091,484,0.0,0.29357794387339853,94.53949484535968,29.06347116993667,29.06347116993667,0.20200746761828992,0.062101434123796304,0.062101434123796304,0.8686055903186958,0.8686055903186958,0.8686055903186958,650,650,1.1102230246251565e-16,0,0,0,0,0,0,6.086930800011032,0.1399060334944936,0.1399060334944936
GeoLife,medium,9,015805e963a11011b1754c8f9c50c02dac7f4e74bdfb6561dcb91055126e1af0,2464,1779,466,1313,685,1087,446,0.0,0.28086434205914973,124.66952713328348,31.157787394747075,31.157787394747075,0.26753117410575855,0.06686220470975768,0.06686220470975768,0.8704348601631269,0.8704348601631269,0.8704348601631269,642,642,2.220446049250313e-16,0,0,0,0,0,0,6.055177599992021,0.20066896939600087,0.20066896939600087
GeoLife,medium,10,5f92b19092781818dfb2dcbfaa67f8e19188f9993cc9ded4d9361e837fbe619c,2464,1772,478,1294,692,1112,356,0.0,0.25994250979062866,107.51502181364631,30.641905361612952,30.641905361612952,0.22492682387792115,0.06410440452220283,0.06410440452220283,0.8654579399537802,0.8654579399537802,0.8654579399537802,647,647,5.551115123125783e-17,0,0,0,0,0,0,6.0002532999933464,0.16082241935571834,0.16082241935571834
GeoLife,medium,11,0126a7cf026c062d2a9aa458d3f380ce154efdae2cc92353b76dccef912e9d40,2464,1743,466,1277,721,1073,365,0.0,0.25203178838654255,103.41460426052883,30.533079235419404,30.533079235419404,0.22191975163203612,0.06552162926055666,0.06552162926055666,0.8635871413848356,0.8635871413848356,0.8635871413848356,651,651,5.551115123125783e-17,0,0,0,0,0,0,6.171173700000509,0.15639812237147946,0.15639812237147946
GeoLife,medium,12,e87160f6e103f416e95d5bbac819eee4ab6324f44766b476aee49b6ef2515362,2464,1768,464,1304,696,1066,309,0.0,0.2484843173942404,116.71099261327092,37.637835042979766,37.637835042979766,0.25153231166653217,0.08111602379952536,0.08111602379952536,0.8658834738565239,0.8658834738565239,0.8658834738565239,642,642,1.1102230246251565e-16,0,0,0,0,0,0,6.03398800001014,0.1704162878670068,0.1704162878670068
GeoLife,medium,13,e3f89fe4d57f19169653fd62a5426deef0081996ba5cc2c2adcc19b7b9d855ca,2464,1767,458,1309,697,1066,359,0.0,0.2663753437788472,118.47800742589543,40.60749910487628,40.60749910487628,0.2586856057333961,0.08866266180103992,0.08866266180103992,0.8664470719551958,0.8664470719551958,0.8664470719551958,649,649,1.6653345369377348e-16,0,0,0,0,0,0,5.796646199989482,0.17002294393235617,0.17002294393235617
GeoLife,medium,14,8444d8f9ba1a572e4b33bcf701af5a0a444510fd62b124d9c22a9cad9f260304,2464,1786,462,1324,678,1076,408,0.0,0.2316138290168853,95.0701587571436,29.338482577123926,29.33848257712393,0.20577956440940173,0.06350320904139378,0.06350320904139378,0.8681660616873442,0.8681660616873442,0.8681660616873442,650,650,5.551115123125783e-17,0,0,0,0,0,0,5.888153700012481,0.14227635536800795,0.14227635536800795
GeoLife,medium,15,174a697360c7c20d66b7c6544b9cf13df39b0dd57a25506a866f7e260904101f,2464,1789,456,1333,675,1063,270,0.0,0.24580151352552326,126.81661857096047,38.20666216815091,38.20666216815091,0.2781066196731589,0.08378653984243621,0.08378653984243621,0.8659581690354416,0.8659581690354416,0.8659581690354416,649,649,1.1102230246251565e-16,0,0,0,0,0,0,5.741950099996757,0.1943200798307227,0.1943200798307227
GeoLife,medium,16,6774b773abda15287b5663bfbcd9c1c484a0f084e8fda9e5e3a3a570517c616e,2464,1786,464,1322,678,1065,284,0.0,0.23709381841498642,133.37131337739677,40.524408609176405,40.524408609176405,0.28743817538232064,0.08733708751977673,0.08733708751977673,0.862346040702751,0.862346040702751,0.862346040702751,651,651,1.1102230246251565e-16,0,0,0,0,0,0,5.751189599992358,0.2001010878625439,0.2001010878625439
GeoLife,medium,17,af14f5070554010ef0528146d6644804d964e092d38665da8eff5a09af8b2027,2464,1772,453,1319,692,1048,357,0.0,0.28830772393614346,106.47052761696327,36.08714205866891,36.08714205866891,0.23503427730013965,0.07966256525092474,0.07966256525092474,0.8666841669768837,0.8666841669768837,0.8666841669768837,641,641,1.1102230246251565e-16,0,0,0,0,0,0,5.6596299999946496,0.1553717120492149,0.1553717120492149
GeoLife,medium,18,f2285344a2709631248c79fe6736d3585522f5726bdadc98c433d637538fa3ad,2464,1825,472,1353,639,1097,459,0.0,0.28251706212796984,94.8721660288939,27.98356926479142,27.98356926479142,0.20100035175613115,0.05928722301862589,0.05928722301862589,0.8658775047754877,0.8658775047754877,0.8658775047754877,646,646,5.551115123125783e-17,0,0,0,0,0,0,5.676768099991023,0.14171312873750525,0.14171312873750525
GeoLife,medium,19,50c2dc4ac1b4d7d107875a323f1e69b04704d9a92675ec63ab5e4e1b7c8ed561,2464,1795,473,1322,669,1072,392,0.0,0.23103429945368048,106.29194334925612,30.791620886780926,30.791620886780926,0.22471869629863872,0.0650985642426658,0.0650985642426658,0.8702092498215258,0.8702092498215258,0.8702092498215258,645,645,5.551115123125783e-17,0,0,0,0,0,0,5.76582819999021,0.15962013205597292,0.15962013205597292
GeoLife,medium,20,3a097cee0266f552b4ce2b880ad95ad180f71dbe979ceaf313f23399852ac759,2464,1766,472,1294,698,1095,313,0.0,0.27288363603057403,114.35481080696795,39.03502405493293,39.03502405493293,0.24227714154018634,0.08270132215028164,0.08270132215028164,0.8630556933847099,0.8630556933847099,0.8630556933847099,647,647,5.551115123125783e-17,0,0,0,0,0,0,5.680522800001199,0.1595758193899047,0.1595758193899047
GeoLife,medium,21,6a7cd04ad34d870f7d5afd6c6c52a8e53f09fdcfeefd2a55932a753f7873b04f,2464,1757,453,1304,707,1065,427,0.0,0.2238062998121656,90.20151462398823,26.752681690746023,26.752681690746023,0.19912034133330736,0.059056692474053034,0.059056692474053034,0.8675948764966509,0.8675948764966509,0.8675948764966509,641,641,5.551115123125783e-17,0,0,0,0,0,0,5.583253999997396,0.14006364885925432,0.14006364885925432
GeoLife,medium,22,9668d404411ff5831e78dc7c86a8e016fa397c3193a55e035cd9221091fe00dc,2464,1756,463,1293,708,1075,442,0.0,0.2506533004265005,93.94239882406222,31.80547130711058,31.80547130711058,0.20289934951201344,0.06869432247756065,0.06869432247756065,0.8644324974011837,0.8644324974011837,0.8644324974011837,648,648,1.1102230246251565e-16,0,0,0,0,0,0,5.512626800002181,0.1342050270344528,0.1342050270344528
GeoLife,medium,23,c2a87110c2dc07a8431ef392ab3c8ed5aa3fa0dda65a07bc37e34e72a64d66a9,2464,1768,463,1305,696,1084,359,0.0,0.26081737449980746,109.15277963990508,35.6961691701478,35.6961691701478,0.2357511439306805,0.07709755760291101,0.07709755760291101,0.867096791880854,0.867096791880854,0.867096791880854,647,647,1.1102230246251565e-16,0,0,0,0,0,0,5.6245479000062915,0.1586535863277695,0.1586535863277695
GeoLife,medium,24,e39acaa04ed384a3f608d86b89cf4a3158b517e37e1950bdd0c8f74bc0c96d4c,2464,1729,467,1262,735,1081,427,0.0,0.2462508575061309,103.51836434240334,31.10891876447765,31.10891876447765,0.22166673306724485,0.06661438707596927,0.06661438707596927,0.8617869247271324,0.8617869247271324,0.8617869247271324,647,647,5.551115123125783e-17,0,0,0,0,0,0,5.741315599996597,0.1550523459912756,0.1550523459912756
GeoLife,medium,25,3533b1c2b5b09c197d2e1457cf3b769e307a9d5d608dda6f6c8983e2f045f839,2464,1783,470,1313,681,1072,294,0.0,0.2788909112957196,115.66288188824174,38.034893519212716,38.034893519212716,0.2460912380600888,0.08092530536002705,0.08092530536002705,0.8671960556728115,0.8671960556728115,0.8671960556728115,643,643,5.551115123125783e-17,0,0,0,0,0,0,5.779248200007714,0.16516593270006175,0.16516593270006175
GeoLife,medium,26,8f0148a3ec7d80d63db37eae45b556907e4fdf929c5b73927bfce0a886f5abf8,2464,1804,475,1329,660,1094,408,0.0,0.22106445295957494,121.75202740621708,28.978828540062594,28.97882854006259,0.2563200576972991,0.0610080600843423,0.06100806008434229,0.8684164665689666,0.8684164665689666,0.8684164665689666,646,646,1.1102230246251565e-16,0,0,0,0,0,0,5.933238300000085,0.1953119976129568,0.1953119976129568
GeoLife,medium,27,c5e25a0e3b2f957731f70dfa4cf5f7706112207b4c9a4d8a13334ea64982cb6b,2464,1783,461,1322,681,1055,377,0.0,0.2522872312671851,96.27403674469997,33.1363446998097,33.1363446998097,0.20883738990173528,0.0718792726677,0.0718792726677,0.8654212984182789,0.8654212984182789,0.8654212984182789,649,649,1.1102230246251565e-16,0,0,0,0,0,0,5.869897099997615,0.13695811723403528,0.13695811723403528
GeoLife,medium,28,73865727a1fad4ed38d465ad1ffd2b7ed822cd83a10b479753b7c1b43c69d02e,2464,1800,462,1338,664,1074,224,0.0,0.23394707142165486,127.63190449062503,38.220524974087944,38.220524974087944,0.2762595335294914,0.08272840903482238,0.08272840903482238,0.8660623502582926,0.8660623502582926,0.8660623502582926,653,653,1.1102230246251565e-16,0,0,0,0,0,0,5.891249400010565,0.19353112449466903,0.19353112449466903
GeoLife,medium,29,dcdc68d7309eb729083704b9e9fd85b196e54357d033099cb0f3bd875ae9bb20,2464,1774,459,1315,690,1052,456,0.0,0.28470863651946937,92.96590748571136,27.55740823230004,27.55740823230004,0.20254010345470883,0.06003792643202623,0.06003792643202623,0.872506724816634,0.872506724816634,0.872506724816634,647,647,5.551115123125783e-17,0,0,0,0,0,0,5.6876049999991665,0.14250217702268259,0.14250217702268259
GeoLife,medium,30,50016dbc9840657a281a6bfbcb5f29ecc5c5b3adbec7e2a4f4282556eadae4d4,2464,1757,457,1300,707,1059,454,0.0,0.29058869509015955,94.11414446091813,28.310288093507992,28.310288093507992,0.20593904696043352,0.06194811399017066,0.06194811399017066,0.8659972805118556,0.8659972805118556,0.8659972805118556,646,646,1.1102230246251565e-16,0,0,0,0,0,0,5.703247800003737,0.14399093297026286,0.14399093297026286
